Date,close,high,low,open,volume,sma_10,sma_20,rsi,macd,macd_signal,bb_upper,bb_lower,log_return,target
2023-12-21,68570.1640625,68570.1640625,67777.02886402897,68209.6419679637,2323368,68642.26171875,67730.156640625,61.34457760239211,667.0558657002985,695.7216343085413,70361.5815943664,65098.731686883606,0.004215100979411139,70084.328125
2023-12-22,68209.6328125,68570.1548586451,68065.42846387764,68498.04895947085,1686716,68671.10234375,67852.730859375,54.464173424116304,612.1529285287688,679.0078931525868,70320.69312890795,65384.76858984206,-0.005271715460857734,69868.015625
2023-12-25,69219.0859375,69363.29775206825,68353.85229872537,68425.95075628252,2667482,68743.20546875,68043.80390625,55.26315539355691,642.6878802772262,671.7438905775147,70293.51418524244,65794.09362725756,0.0146908344803456,69651.703125
2023-12-26,70084.328125,71093.77359417207,69507.50320686268,69579.6091152775,4443467,68772.046875,68263.718359375,58.87094589694232,728.3093659174629,683.0569856455044,70400.02699601592,66127.40972273407,0.012422571554752897,69291.1953125
2023-12-27,69868.015625,70516.94643089126,69868.015625,70228.53025614175,1793177,68894.621875,68451.187109375,60.83325583222199,769.8362066222908,700.4128298408617,70448.42941302827,66453.94480572172,-0.0030912332935022564,69291.1953125
2023-12-28,69651.703125,69940.11929050977,69435.39286329932,69940.11929050977,1582503,68923.4625,68620.630078125,59.83601679975203,776.3427204893378,715.598807970557,70399.20511654971,66842.0550397003,-0.003100818655022418,69146.984375
2023-12-29,69291.1953125,69940.12616135231,69291.1953125,69651.70996750884,2468578,68916.25234375,68754.021484375,54.621863277124234,743.8347480719094,721.2459959908275,70284.79678699424,67223.24618175576,-0.005189306190677062,69435.40625
2024-01-01,69291.1953125,69291.1953125,69291.1953125,69291.1953125,0,69067.66953125,68844.150390625,46.534692765358514,709.8887896471861,718.9745547220992,70269.88308654362,67418.41769470638,0.0,70084.328125
2024-01-02,69146.984375,69868.01361655661,69002.77256690737,69868.01361655661,2267426,69161.4046875,68883.807421875,54.02293553987442,663.6990461275564,707.9194530031907,70296.1771653766,67471.43767837339,-0.002083399102595125,70228.53125
2024-01-03,69435.40625,69579.6180854213,68786.48278951629,68930.68717520956,1900300,69276.77109375,68930.675,50.617331842284095,642.9549915623065,694.9265607150139,70351.33230422514,67510.01769577486,0.0041624666761098175,70156.421875
2024-01-04,70084.328125,70949.56922706951,69363.29883976011,69435.39729844786,3932982,69428.1875,69035.224609375,55.5555154255665,671.1412523267063,690.1694990373525,70473.09347716463,67597.35574158537,0.009302290565686998,69651.703125
2024-01-05,70228.53125,70300.63715713951,69579.60788465217,70156.43279258744,1505798,69630.07734375,69150.58984375,74.28554180874825,697.079554893382,691.5515102085584,70582.3553367965,67718.8243507035,0.0020554520293069806,68281.7421875
2024-01-08,70156.421875,70877.45103528237,70012.21008316289,70228.52032119276,1908367,69723.8109375,69233.508203125,70.76903843108492,703.7053454525303,693.9822772573527,70697.86801562013,67769.14839062988,-0.0010273092626615012,68498.0546875
2024-01-09,69651.703125,70156.42955221045,69651.703125,70156.42955221045,1602473,69680.5484375,69226.29765625,63.38017851937877,660.6145933783264,687.3087404815476,70680.38139302933,67772.21391947067,-0.007220194715170269,68281.7421875
2024-01-10,68281.7421875,69868.01245227215,68137.53783153703,69723.80809630918,4367556,69521.92109375,69208.271484375,47.67435707482273,510.04102801103727,651.8551979874455,70701.2586314984,67715.2843372516,-0.01986473960512729,68786.46875
2024-01-11,68498.0546875,68786.47085858915,68281.74442161483,68281.74442161483,1813015,69406.55625,69165.009375,52.38101994695946,403.51355055220483,602.1868685003974,70688.90626864455,67641.11248135543,0.0031629332003294103,69002.765625
2024-01-12,68281.7421875,68930.6729639231,67849.1216698846,68353.84809034473,3434532,69305.6109375,69110.931640625,41.095892444199045,298.197708662221,541.3890365327621,70681.25498925424,67540.60829199576,-0.0031629332003294775,69002.765625
2024-01-15,68786.46875,69146.98336551512,68425.94668475837,68498.052587752,1735384,69255.13828125,69161.40390625,36.76472462825931,252.55012004570744,483.6212532353512,70611.49387242598,67711.313940074,0.0073646375088854635,68930.6796875
2024-01-16,69002.765625,69002.765625,68281.73645598133,68281.73645598133,1071225,69240.71640625,69201.060546875,41.176348739455634,231.16272731145727,433.12954805057245,70583.35149263644,67818.76960111356,0.0031395348648993664,69435.40625
2024-01-17,69002.765625,69219.07586565078,68498.0466966321,68930.66717793366,1870015,69197.45234375,69237.11171875,43.07682305992018,211.77188995771576,388.85801643200114,70554.53664874137,67919.68678875864,0.0,69507.5
2024-01-18,68930.6796875,69219.08842755765,68642.26349771512,69002.7781476508,1503550,69082.0875,69255.1375,45.90163060854737,188.41583844170964,348.7695808339429,70543.68813067228,67966.58686932772,-0.001045227919878535,68930.6796875
2024-01-19,69435.40625,69868.02685680783,69002.78564319217,69219.09594659608,1974757,69002.775,69316.426171875,51.47063744353355,208.23283624609758,320.66223191637386,70508.59480192134,68124.25754182867,0.007295556534058608,68498.0546875
2024-01-22,69507.5,69795.90872089883,69074.87946892502,69795.90872089883,1465330,68937.8828125,69330.846875,53.7313577659399,227.13701872820093,301.9571892787393,70525.03355305507,68136.66019694494,0.0010377464876142404,68498.0546875
2024-01-23,68930.6796875,69507.50461734254,68786.47531747118,69291.19433743568,1957829,68865.78046875,69273.164453125,45.070345155958854,193.3453758725518,280.2348265975018,70424.79882517313,68121.53008107688,-0.008333303021672784,69146.984375
2024-01-24,68498.0546875,69074.87957995155,68425.94878229602,69074.87957995155,2277477,68887.41171875,69204.66640625,33.823414592173464,130.1556798930833,250.21899725661814,70370.21130129766,68039.12151120235,-0.006296011253576734,69146.984375
2024-01-25,68498.0546875,68498.0546875,68498.0546875,68498.0546875,0,68887.41171875,69146.983984375,31.81809973322389,79.16482771665324,216.00816334862517,70333.377355152,67960.59061359799,0.0,68930.6796875
2024-01-26,69146.984375,69363.2946374123,68714.36385017537,68858.56820854137,1223841,68973.9359375,69139.7734375,40.5405603272822,90.07903737653396,190.82233815420693,70324.2277508246,67955.3191241754,0.009429101111525551,69002.765625
2024-01-29,69146.984375,69291.188733366,68714.36385017537,69146.984375,1402775,69009.9875,69132.562890625,44.77613147161658,97.60351460434322,172.1785734442342,70314.88982647246,67950.23595477756,0.0,72031.1015625
2024-01-30,68930.6796875,69146.98996740686,68786.47531747118,69146.98996740686,1255052,69002.77890625,69121.74765625,58.823716872819666,85.13139474458876,154.7691377043051,70307.47151981184,67936.02379268815,-0.003133089857948939,72031.1015625
2024-01-31,69002.765625,69219.07586565078,68858.56128114145,68930.66717793366,1827033,69002.77890625,69100.115625,57.14279396318205,80.14007767789008,139.8433256990221,70277.50222678088,67922.72902321913,0.0010452279198785081,74626.828125
2024-02-01,72031.1015625,72031.1015625,69002.76564235338,69146.97743597408,10307168,69312.82109375,69197.454296875,79.54563364049626,316.8928803729068,175.25323663379905,70915.29530585115,67479.61328789886,0.0429514065756162,75059.453125
2024-02-02,72031.1015625,72031.1015625,72031.1015625,72031.1015625,0,69572.390625,69287.5828125,77.77794127286275,498.77165307840914,239.95691992272106,71381.23831041262,67193.92731458737,0.0,75636.2734375
2024-02-05,74626.828125,75059.44867089613,73473.1783024283,73545.28420998665,3563344,70084.3234375,69511.103125,84.2107314142983,842.6517659892561,360.4958891360281,72675.86140037015,66346.34484962984,0.03540207700877286,75636.2734375
2024-02-06,75059.453125,75708.38398235242,74194.21198186345,74698.93846526892,2491986,70697.20078125,69781.490625,85.00020767456853,1136.982033757129,515.7931180602484,73804.49767868804,65758.48357131197,0.005780438942191916,75636.2734375
2024-02-07,75636.2734375,75708.37934492042,74915.24416220367,75492.06907238613,2810841,71411.02265625,70149.2171875,86.61420278677392,1400.6397666663543,692.7624477814695,74877.665519659,65420.768855341004,0.007655467646737449,75636.2734375
2024-02-08,75636.2734375,75636.2734375,75636.2734375,75636.2734375,0,72124.84453125,70506.128125,85.83335665907903,1591.247508784203,872.4594599820164,75758.40186992282,65253.854380077195,0.0,75636.2734375
2024-02-09,75636.2734375,75636.2734375,75636.2734375,75636.2734375,0,72773.7734375,70873.8546875,85.71432473651863,1722.4501841325691,1042.457604812127,76487.77243422426,65259.93694077575,0.0,75636.2734375
2024-02-12,75636.2734375,75636.2734375,75636.2734375,75636.2734375,0,73422.70234375,71216.344921875,91.89187870079516,1805.6152410678042,1195.0891320632627,77122.25285249595,65310.43699125405,0.0,74987.3359375
2024-02-13,75636.2734375,75636.2734375,75636.2734375,75636.2734375,0,74093.26171875,71548.0203125,97.14291905814464,1850.1962373439455,1326.1105531193994,77671.56364155505,65424.47698344494,0.0,75780.4765625
2024-02-14,75636.2734375,75636.2734375,75636.2734375,75636.2734375,0,74756.6125,71879.695703125,97.14291905814464,1864.0395109238889,1433.6963446802972,78139.84182019011,65619.5495860599,0.0,75708.375
2024-02-15,74987.3359375,76068.88720379045,74843.13158523671,75852.57695053237,2973509,75052.2359375,72182.528515625,88.57137844958089,1801.8756710115995,1507.3322099465577,78427.97094321523,65937.08608803478,-0.008616730376900113,75203.65625
2024-02-16,75780.4765625,75780.4765625,74843.12967242913,74987.33402100691,2732285,75427.1734375,72499.78203125,89.65513376281655,1795.9080893593928,1565.0473858291248,78802.02760171845,66197.53646078154,0.010521449222032528,76357.3125
2024-02-19,75708.375,77150.44091755916,75708.375,76068.88961695816,2687055,75535.328125,72809.82578125,91.22799347229575,1765.014753001,1605.0408592635,79102.35595416742,66517.29560833257,-0.0009519059283998853,75419.96875
2024-02-20,75203.65625,75852.58709657527,74987.34596780824,75852.58709657527,2439086,75549.7484375,73123.474609375,85.83333032357328,1680.4339794666303,1620.119483304126,79224.30861689763,67022.64060185237,-0.006688938286198533,74915.2421875
2024-02-21,76357.3125,77078.34179736873,74626.83026675152,74987.3449154359,4149343,75621.85234375,73516.4375,81.91491201073369,1687.0463052791165,1633.5048476991242,79370.28257771344,67662.59242228656,0.01522395299023627,77871.4609375
2024-02-22,75419.96875,76429.41428000297,75419.96875,76357.31581697045,2272980,75600.221875,73862.533203125,71.96264616026465,1598.227443106225,1626.4493667805446,79268.46086339573,68456.60554285427,-0.012351725626046407,77799.3671875
2024-02-23,74915.2421875,76934.13304478579,74482.62165383493,76068.89197745566,5426878,75528.11875,74150.94609375,52.564104345023694,1470.1635097160179,1595.1921953676394,79093.18959494316,69208.70259255683,-0.006714707163374794,78231.984375
2024-02-26,77871.4609375,77871.4609375,74626.81486933942,74915.23099861563,5907210,75751.6375,74587.169921875,67.25652770493076,1588.8982370061276,1593.9334036953371,79198.80702528896,69975.53281846104,0.038702160329158186,78592.5078125
2024-02-27,77799.3671875,78953.0244349691,77438.85255692138,78231.98772408506,3704058,75967.946875,75030.604296875,64.15093182431494,1658.065849703431,1606.759892896956,79015.01690702417,71046.19168672583,-0.0009262333350762775,79890.3671875
2024-02-28,78231.984375,78231.984375,76645.71410858036,77871.4697598549,4578098,76227.51796875,75492.065234375,66.07140956842167,1727.8724347260431,1630.9824012627737,78572.18500960227,72411.94545914773,0.005545273968994271,80322.984375
2024-02-29,78592.5078125,78880.92400682798,77655.16821795695,78015.6828735714,3735798,76588.03515625,75820.135546875,67.52137860269045,1791.6330540773924,1663.1125318256975,78741.77087606373,72898.50021768626,0.004597803156724494,79818.25
2024-03-01,79890.3671875,80322.98774153861,78664.61143429962,78736.71734321509,5315656,76999.02421875,76213.098828125,71.85186493132917,1924.7034261722874,1715.4307106950157,79102.91328219448,73323.28437405553,0.016378910206639036,78664.609375
2024-03-04,80322.984375,80611.39309911973,79890.3638390936,80034.56820115345,4082689,77460.48515625,76497.906640625,73.04965193008017,2041.5376708201802,1780.6521027200488,79819.92174447878,73175.89153677123,0.005400526669533654,80250.875
2024-03-05,79818.25,80322.97639163458,79241.42515936482,80322.97639163458,4474017,77921.94453125,76735.846484375,69.59452385745922,2069.5453747942083,1838.4307571348809,80297.13542271889,73174.55754603111,-0.006303636265892362,79313.546875
2024-03-06,78664.609375,79601.9489177277,78159.89037498567,79313.54018907007,4896688,78152.67421875,76887.26328125,66.45166431671684,1975.8758579670975,1865.9197773013243,80508.71179230566,73265.81477019432,-0.01455881104768557,79313.546875
2024-03-07,80250.875,82125.56142464603,78015.67396092534,78664.60473673278,5339726,78635.76484375,77117.993359375,68.67472081470086,2006.510664065907,1894.0379546542408,80983.62887158265,73252.35784716735,0.019964301374655834,80683.5
2024-03-08,79313.546875,81188.2261184861,78953.03220892402,80250.88649674306,4120381,79075.5953125,77301.85703125,64.04501837111852,1932.8734604217752,1901.8050558077477,81220.20118755079,73383.5128749492,-0.011748720620396691,84360.765625
2024-03-11,79313.546875,81837.1569872594,79313.546875,79313.546875,4472033,79219.80390625,77485.720703125,66.66673003031318,1853.153446621698,1892.074733970538,81420.0596692632,73551.3817369868,0.0,84360.765625
2024-03-12,80683.5,81837.14981015932,79313.53991921995,79313.53991921995,3845565,79508.2171875,77738.08203125,67.24140937231844,1878.8601985262212,1889.4318268816749,81817.7355813442,73658.4284811558,0.017125148647289597,83639.7265625
2024-03-13,84360.765625,84360.765625,80755.60444616318,81332.42934080986,6763529,80121.0953125,78174.306640625,79.24534955749499,2170.932430661953,1945.7319476377306,83088.16400833537,73260.44927291463,0.04456833785255232,81476.6328125
2024-03-14,84360.765625,85442.30950881497,83423.41865268823,85442.30950881497,4579817,80697.92109375,78642.978125,81.95131774439834,2375.023980846221,2031.5903542794288,84041.14362022847,73244.81262977152,0.0,80755.609375
2024-03-15,83639.7265625,84216.55144089223,82558.182709162,84216.55144089223,5076284,81072.85703125,79035.940625,72.98857947044611,2450.3401820635627,2115.3403198362557,84694.67574710383,73377.20550289618,-0.008583825921103865,82558.1875
2024-03-18,81476.6328125,83495.52364658505,80106.67277145515,83495.52364658505,7782383,81188.221875,79324.353515625,62.56159502286595,2308.8700100023707,2154.0462578694787,84855.54241553835,73793.16461571165,-0.026202340156358736,83783.9296875
2024-03-19,80755.609375,81476.63867488394,80106.6785352681,81476.63867488394,4384616,81281.9578125,79601.951171875,58.45416039412828,2114.2021079885744,2146.077427893298,84810.22149342175,74393.68085032825,-0.008888839545065717,82846.59375
2024-03-20,82558.1875,82918.70213869993,80106.67603727724,80971.91712993868,4596613,81671.315625,79911.994921875,62.11456940650407,2081.3864556075278,2133.139233436144,85044.71738311101,74779.27246063898,0.02207592212725435,82197.6640625
2024-03-21,83783.9296875,83783.9296875,82630.27994768164,83062.90046254515,4969690,82024.62109375,80330.19296875,61.946901806312795,2129.736686441669,2132.4587240372493,85281.61545285775,75378.77048464224,0.014737871497302808,82918.703125
2024-03-22,82846.59375,83856.0391779654,82558.18502756805,83856.0391779654,3193573,82377.92578125,80726.760546875,57.5107421875,2068.5741806970036,2119.6818153692,85087.32644387126,76366.19464987873,-0.01125058968961471,83062.90625
2024-03-25,82197.6640625,82990.79923451328,82053.45969933219,82269.76996894734,3695594,82666.3375,80943.070703125,57.02132505739198,1945.3148728549131,2084.808426866343,85133.13565912862,76753.0057471214,-0.007863745642134528,84432.8671875
2024-03-26,82918.703125,83279.21776798817,81909.25765479685,82197.66638929656,2239389,82889.8578125,81199.0375,62.882141525556854,1884.0941452253028,2044.665570538135,85201.771624621,77196.30337537901,0.008733763443301353,84000.2421875
2024-03-27,83062.90625,83135.01215741008,82269.77106739693,82702.3916124035,1745964,82760.071875,81440.58359375,59.3301881901602,1826.1614125214692,2000.964738934802,85268.66939838868,77612.49778911131,0.0017375799864130638,84216.5546875
2024-03-28,84432.8671875,84649.1774621676,83135.0129892215,83567.63353855668,3707232,82767.28203125,81732.6015625,66.51163118858909,1869.246196300286,1974.6210304078988,85536.87561247357,77928.32751252643,0.016358520092908786,84360.765625
2024-03-29,84000.2421875,84504.96861822433,83639.72756539786,83928.14373291556,1776778,82803.33359375,81938.0953125,64.70585928096592,1847.188734060881,1949.1345711384952,85767.29593982962,78108.89468517037,-0.005137065426141585,82990.796875
2024-04-01,84216.5546875,84793.37958812925,83062.90488624151,83639.72978687075,2611408,83077.32578125,82132.773828125,61.95121848088808,1826.1123606931505,1924.5301290494263,86011.81310567805,78253.73455057196,0.0025718313895927063,82197.6640625
2024-04-02,84360.765625,84360.765625,83207.10838597987,83207.10838597987,3022970,83437.84140625,82359.899609375,50.0,1800.2931416934152,1899.682731578224,86200.08043408162,78519.71878466838,0.0017109178436458482,81981.3515625
2024-04-03,82990.796875,84360.76436018872,82990.796875,83711.83356979302,3371052,83481.10234375,82576.208984375,44.571398144524956,1650.2629912897246,1849.7987835205242,86005.3492224816,79147.0687462684,-0.016372710632173368,81188.21875
2024-04-04,82197.6640625,83495.52568019094,82197.6640625,82918.70077779282,3120438,83322.47578125,82673.5484375,44.318184616521165,1450.6417318134336,1769.967373179106,85930.98953544152,79416.10733955847,-0.009602836697547055,81476.6328125
2024-04-05,81981.3515625,82702.38825817629,81188.21641206475,81548.73848476623,3648777,83235.9515625,82806.938671875,52.34897669493991,1260.456081433862,1668.0651148300574,85680.9803456518,79932.89699809821,-0.0026350824963010393,82053.4609375
2024-04-08,81188.21875,81981.35392327476,81188.21875,81981.35392327476,2581520,83135.00703125,82900.672265625,51.99995376998545,1033.8162041400647,1541.2153326920588,85391.76363644529,80409.58089480472,-0.009721654075448933,82846.59375
2024-04-09,81476.6328125,81620.83717215559,81116.11818849767,81188.21664346212,1894481,82990.8,82940.32890625,44.186015258250464,867.4753570678586,1406.4673375672187,85304.84196661922,80575.81584588077,0.003546117824007792,83279.21875
2024-04-10,82053.4609375,83351.32257477539,81692.94629927695,81837.15066462077,2368729,82889.85546875,82824.963671875,40.0000722342412,773.2803517313005,1279.8299404000352,85121.85361200539,80528.0737317446,0.007054732301913254,80467.1875
2024-04-11,82846.59375,83207.10837790334,81692.94396081864,81837.14832203461,2049081,82731.228125,82749.255078125,50.0,753.9383884136914,1174.6516300027665,84929.87476473745,80568.63539151255,0.009619632087963596,81476.6328125
2024-04-12,83279.21875,83567.63493762775,82413.97763684396,83567.63493762775,1808254,82659.12578125,82731.2296875,56.521755516255986,764.7039340946067,1092.6620908211346,84886.67123555689,80575.78813944312,0.005208413689535224,80611.390625
2024-04-15,80467.1875,83351.31939521903,80395.08159521518,83279.21349043422,4895762,82284.1890625,82680.757421875,38.1944454894997,540.1023224874225,982.1501371543923,85000.87919657158,80360.63564717841,-0.03434955062500892,80611.390625
2024-04-16,81476.6328125,81620.83717215559,80395.08149076633,80755.60356449535,4817470,81995.77578125,82716.80859375,42.948725517637996,438.5029386357928,873.4206974506724,84930.96454876669,80502.65263873331,0.012466772545596853,78592.5078125
2024-04-17,80611.390625,81548.73757393715,80467.18626736605,81548.73757393715,2570014,81757.83515625,82619.46875,32.21479438347767,284.8829284826643,755.7131436570709,85025.81713382158,80213.12036617842,-0.010676302761194611,79529.8515625
2024-04-18,80611.390625,80611.390625,80611.390625,80611.390625,0,81599.2078125,82460.841796875,33.56647807477151,161.27884157087828,636.8262832398324,84960.44567545087,79961.23791829913,0.0,80971.9140625
2024-04-19,78592.5078125,80178.78570671284,78592.5078125,79674.05922907071,7090054,81260.3234375,82248.1375,26.785767263674543,-98.45038354885764,489.7709498820944,85277.41338181382,79218.86161818617,-0.025363587978038483,86595.953125
2024-04-22,79529.8515625,80322.98675188965,78520.40609875617,79313.54128814582,3170429,81094.48671875,82114.746875,31.28494562148046,-226.04613959937706,346.60753198580016,85379.19986994642,78850.29388005358,0.011856068093028178,88831.1640625
2024-04-23,80971.9140625,81692.9433125853,79241.43194273254,79962.46864254455,5339726,81044.01484375,82017.407421875,42.22225432638739,-208.40197537002678,235.60563051463478,85296.98779441432,78737.82704933568,0.017969912041848106,88831.1640625
2024-04-24,86595.953125,86595.953125,81620.83224481963,81909.24839644623,13434880,81498.2640625,82194.059765625,62.34815966731224,256.43804404466937,239.7721132206417,86042.10006494579,78346.01946630422,0.06715072924317948,88831.1640625
2024-04-25,88831.1640625,92292.12102198576,87893.82450148958,88326.44505264118,7548433,82096.72109375,82413.974609375,67.27273945108695,796.013996787864,351.0204899340862,87191.26433197771,77636.68488677229,0.025484451262248128,88831.1640625
2024-04-26,88831.1640625,90417.43445023784,88110.13477706538,88686.95969535848,4491871,82651.915625,82655.520703125,70.07575990770417,1209.687304529245,522.753852853118,88197.78029427934,77113.26111197067,0.0,88831.1640625
2024-04-29,88831.1640625,88831.1640625,88831.1640625,88831.1640625,0,83488.31328125,82886.251171875,69.61538525651818,1520.0047131069296,722.2040249038804,89051.3662619759,76721.13608177411,0.0,91787.3828125
2024-04-30,88831.1640625,88831.1640625,88831.1640625,88831.1640625,0,84223.76640625,83109.77109375,68.6507905796036,1745.8088968859374,926.9249993002918,89801.629975572,76417.912211928,0.0,90777.953125
2024-05-01,88831.1640625,88831.1640625,88831.1640625,88831.1640625,0,85045.74375,83401.789453125,67.21991906452584,1902.8257486001385,1122.1051491602611,90564.9160983156,76238.66280793441,0.0,92003.703125
2024-05-02,91787.3828125,93013.13840060892,89047.46293891896,89263.77318680442,4588149,86163.34296875,83881.275390625,71.37678471110735,2239.9837435488735,1345.6808680379836,91933.66233440465,75828.88844684535,0.032737310970252315,94671.515625
2024-05-03,90777.953125,92580.53386837809,90561.65028954386,92364.22358319453,4220362,87381.8875,84321.10546875,78.4861223348045,2398.0876819725236,1556.1622308248916,92881.47790107293,75760.73303642707,-0.011058396919315034,94455.21875
2024-05-06,92003.703125,92003.703125,89768.50195215097,91210.5679458981,3576833,88629.27265625,84861.8796875,78.74021794076056,2592.410281227858,1763.411840905485,93939.77046150176,75783.98891349824,0.013412378466206699,93950.4921875
2024-05-07,94671.515625,94887.82587549137,91715.28546791969,92292.11031932125,4129903,89999.2328125,85521.623828125,84.94631339555346,2927.93114638541,1996.31570200147,95442.38667546127,75600.86098078873,0.02858434197449901,94455.21875
2024-05-08,94455.21875,94455.21875,93229.46297354913,93806.28790663296,3991040,90785.159375,86141.71171875,84.04267990455809,3140.182430809291,2225.0890477630346,96680.79265388612,75602.63078361387,-0.0022873230484041183,93517.875
2024-05-09,93950.4921875,95753.0727523743,93734.18192373695,94166.79500153637,2913864,91297.0921875,86696.906640625,90.80470172507844,3230.4275297931454,2426.1567441690568,97666.21789859948,75727.59538265053,-0.005357881854172458,94094.703125
2024-05-10,94455.21875,95320.45987448939,93157.3645129932,94671.52903112235,5011878,91859.49765625,87255.706640625,90.58834227130208,3304.5814780877117,2601.8416909527878,98623.37239621897,75888.04088503102,0.005357881854172438,96690.4140625
2024-05-13,93517.875,94815.72917920498,92868.94418553404,94671.52481478818,2449534,92328.16875,87908.241015625,85.08073307034702,3250.246392243411,2731.5226312109126,99132.5370849765,76683.94494627349,-0.00997325203042987,97627.75
2024-05-14,94094.703125,94959.93679081468,93445.77228834359,93734.18847676662,3047833,92854.52265625,88539.14453125,79.21360899344776,3216.651102567761,2828.5483254822825,99659.2907829468,77418.9982795532,0.006149160662441819,96978.8203125
2024-05-15,96690.4140625,96978.8227864029,94671.52319627239,94815.72755822385,4831224,93640.44765625,89343.095703125,79.78151976979645,3360.738274017669,2934.98631518936,100374.54370054236,78311.64770570764,0.027212511702004567,95897.28125
2024-05-16,97627.75,98997.71001248238,96762.50896065259,97771.95435664905,4124877,94224.484375,90193.913671875,81.12253782507675,3510.1013090679626,3050.0093139650808,101012.57213815056,79375.25520559943,0.009647509919412005,98060.375
2024-05-17,96978.8203125,98060.37162386285,96401.99542968202,97627.75109931771,3050214,94844.57109375,91113.229296875,77.56104444968292,3535.3560046593193,3147.0786521039286,100851.87210881128,81374.58648493871,-0.00666916940886775,99502.4296875
2024-05-20,95897.28125,98132.48243885847,95897.28125,97483.5516195653,2662853,95233.92890625,91931.60078125,72.27281659598339,3428.576869385768,3203.3782955602965,100213.64735977394,83649.55420272607,-0.011214975724386483,99141.9296875
2024-05-21,98060.375,98060.375,96257.79438548497,96618.3090184426,4591587,95572.81484375,92786.023828125,75.60008581477445,3478.4003888223087,3258.382714212699,99724.24397532995,85847.80368092006,0.022305728761105877,95104.1484375
2024-05-22,99502.4296875,100728.18526020764,98132.46976792265,99430.32378920213,5966855,96077.5359375,93431.34765625,73.36253632630891,3592.8317208444205,3325.2725155390435,100346.22931749525,86516.46599500475,0.014598702431211164,95753.078125
2024-05-23,99141.9296875,99358.23251477772,97339.34901227769,99141.9296875,4789433,96596.6796875,93946.8859375,76.36374561112756,3612.7841123620747,3382.77483490365,100954.51348856502,86939.25838643499,-0.0036296061655545003,98781.3984375
2024-05-24,95104.1484375,99502.44501732002,94166.80141411965,99502.44501732002,17689231,96661.57265625,94260.53515625,58.301200781974586,3265.1427910455823,3359.248426132037,100853.33247073156,87667.73784176844,-0.04157986622533819,97844.0703125
2024-05-27,95753.078125,96257.79713561537,94166.80028515734,95897.28249235767,6821190,96885.09296875,94606.630859375,53.24680502565268,3007.331100799958,3288.8649610656216,100707.7542652854,88505.5074534646,0.00680018461825178,97339.3515625
2024-05-28,98781.3984375,98781.3984375,95969.3725467859,96618.3033176568,6116959,97353.7625,95104.142578125,61.111104422723244,3012.645714843413,3233.62111182118,100833.75020262365,89374.53495362635,0.03113653704016739,97050.9296875
2024-05-29,97844.0703125,99646.65102985624,97195.1394663172,98853.51581220858,7720226,97469.128125,95554.787890625,59.78265222078363,2907.704827386362,3168.437854934217,100581.66800183817,90527.90777941182,-0.009534219867995797,97050.9296875
2024-05-30,97339.3515625,97339.3515625,95104.1502747073,96474.1104318119,9603069,97440.28828125,95832.386328125,57.24641407822465,2752.0874816307187,3085.1677802735176,100589.21733816052,91075.55531808946,-0.005171749425506428,100295.578125
2024-05-31,97050.9296875,98637.20003441363,96474.10478405203,97339.34586408743,3482803,97447.49921875,96146.03515625,59.17605412892101,2575.794226618382,2983.2930695424907,100286.98310624785,92005.08720625215,-0.0029674537718002965,101016.6015625
2024-06-03,97050.9296875,97050.9296875,97050.9296875,97050.9296875,0,97562.8640625,96398.396484375,57.915072936803995,2408.318950165776,2868.298245667148,100064.35889262153,92732.43407612847,0.0,100656.078125
2024-06-04,100295.578125,100439.78249107163,99358.23112121683,100223.47221710067,9270460,97786.384375,96679.599609375,59.32839577249486,2508.49325052154,2796.3372466380265,100638.89207902469,92720.30713972531,0.032885718467041344,102386.5625
2024-06-05,101016.6015625,104477.558296134,100728.19284703767,100944.50310849771,8360316,97937.8015625,97007.66875,58.867954923943046,2615.90811048093,2760.251419406607,101266.9030177087,92748.4344822913,0.0071632677340950045,103828.6328125
2024-06-06,100656.078125,102170.2423728403,100079.25329488341,101160.79705770478,6892605,98089.21640625,97342.948046875,59.77012782623171,2641.4944289906416,2736.5000213234143,101644.39044618691,93041.50564756308,-0.003575336253844977,105631.203125
2024-06-07,102386.5625,102386.5625,101305.01863276373,101665.53325517582,4968500,98817.4578125,97739.515234375,66.66668004343705,2769.482526922846,2743.0965224433007,102369.85425731691,93109.17621143308,0.01704593942286588,110318.65625
2024-06-10,103828.6328125,104549.66208769298,103107.60353730702,103468.1181749035,4992966,99625.01328125,98255.053125,65.38464263284868,2953.233995793693,2785.1240171133795,103192.12465734071,93317.9815926593,0.01398630026248416,108647.171875
2024-06-11,105631.203125,105631.203125,103179.69190941034,104044.93291484816,8367854,100309.99375,98831.878125,66.03776285021652,3207.338516324482,2869.5669169556004,104380.21581509634,93283.54043490367,0.01721203309245481,109482.921875
2024-06-12,110318.65625,110903.67909715702,106808.51916705792,106892.09064150836,12897825,101557.45234375,99513.290234375,73.84696626568925,3743.8002729645523,3044.4135881573907,106972.62556446301,92053.95490428699,0.04341924117230349,107644.2734375
2024-06-13,108647.171875,111823.01592247028,108647.171875,111739.4369295883,9356630,102688.234375,100064.261328125,82.14125333138527,3988.1028925775754,3233.151449041428,108501.01233495418,91627.5103212958,-0.015267376254688023,106975.671875
2024-06-14,109482.921875,110820.11815395682,107811.42464913681,108730.748498795,7367130,103931.43359375,100689.46640625,82.29822385682056,4200.729128541294,3426.666984941401,109974.1197122559,91404.8131002441,0.007662895799744618,109900.796875
2024-06-17,107644.2734375,109817.21456015288,107393.55148337391,109482.92112420764,5597740,104990.76796875,101276.816015625,72.08527233196902,4172.7722685010085,3575.888041653323,110768.94515738107,91784.68687386892,-0.016936546207220984,111405.140625
2024-06-18,106975.671875,108396.43953122103,106975.671875,107644.26621067221,7682000,105658.77734375,101722.580859375,73.06379514266129,4049.9800481731218,3670.706442957283,111413.97463984249,92031.1870789075,-0.006230583317505913,113745.2265625
2024-06-19,109900.796875,110987.26371485635,105805.6289512781,106975.68229281924,11119580,106547.196875,102242.49921875,78.27014390500435,4140.965003207719,3764.75815500737,112529.76915122727,91955.22928627273,0.026976669336994427,110402.234375
2024-06-20,111405.140625,113410.9312813282,110151.51583329338,111154.41116145748,12035555,107622.103125,102855.659765625,80.62855468230363,4285.0636574005475,3868.819255486006,113805.34163217754,91905.97789907244,0.013595359781619534,108647.171875
2024-06-21,113745.2265625,113745.2265625,111405.13507709593,111906.57896187207,8801295,108757.96953125,103787.713671875,82.38741770033829,4535.802351199483,4002.215874628702,115125.828516753,92449.598826997,0.020787620589994688,110151.515625
2024-06-24,110402.234375,113243.77730750709,110318.66289551527,112825.9048927466,15164935,109415.3296875,104520.171484375,69.53267212399909,4413.882551028291,4084.54920990862,115561.64979823573,93478.69317051426,-0.029830720122643598,110987.2578125
2024-06-25,108647.171875,109566.49574468895,107477.12604400275,109482.92426047579,15762820,109716.9265625,105013.46015625,64.18047745774007,4128.055698460797,4093.250507619056,115855.1399426173,94171.7803698827,-0.016024695860982634,109065.03125
2024-06-26,110151.515625,110151.515625,108145.7249724647,109482.92124371111,8219510,109700.2125,105628.832421875,66.9265075590331,3977.078541053648,4070.016114305975,116149.4928030425,95108.1720407075,0.01375115611843254,107477.1171875
2024-06-27,110987.2578125,112073.73210324597,109315.76814509812,109733.64056194859,7364255,109934.22109375,106311.227734375,65.83672517015766,3880.137654440623,4032.0404223329047,116326.31491179604,96296.14055695396,0.007558567441334815,106975.671875
2024-06-28,109065.03125,110987.2502433548,108981.45977579673,110987.2502433548,7627950,109892.43203125,106911.9328125,59.474410177295255,3606.62871373877,3946.9580806140775,115985.29167680144,97838.57394819857,-0.01747107894448912,109482.921875
2024-07-01,107477.1171875,108981.46384872397,107393.54571017344,108981.46384872397,7332400,109875.71640625,107433.2421875,53.36602719695612,3224.56869294685,3802.4802030806322,115229.22666790789,99637.25770709211,-0.014666359759470836,113494.5
2024-07-02,106975.671875,110402.2300469058,106557.79196795322,107477.11574958713,7728690,109875.71640625,107767.246875,42.80576289492461,2848.4853617799963,3611.6812348205053,114811.83369244472,100722.66005755527,-0.004676518580789668,115918.1640625
2024-07-03,109482.921875,110987.26111874133,108730.748498795,109065.04193703269,8779215,109833.92890625,108190.562890625,51.736116069979545,2721.3803546061827,3433.621058777641,114507.00535828042,101874.12042296959,0.02316712952472692,116670.34375
2024-07-04,113494.5,113494.5,110402.235100062,110402.235100062,9335585,110042.86484375,108832.483984375,57.36194753349624,2910.795708192454,3329.055988660604,114501.1401927016,103163.82777604839,0.03598580511660494,114915.28125
2024-07-05,115918.1640625,116753.908850854,113745.22310757876,113745.22310757876,8957810,110260.15859375,109509.0640625,64.86485651918093,3219.367312618255,3307.1182534521345,115168.46047040234,103849.66765459765,0.021130082319309594,111990.15625
2024-07-08,116670.34375,116670.34375,114915.27509336412,115751.0199273807,6745555,110886.96953125,110151.149609375,67.36527934898149,3484.440683605775,3342.582739482863,116007.46059425011,104294.8386244999,0.006467923258962109,111154.40625
2024-07-09,114915.28125,116419.62803876062,113661.6564231432,116252.47756126846,11127515,111513.78046875,110615.353515625,59.375009128837256,3512.4055391247093,3376.5472994112324,116434.83307104892,104795.87396020108,-0.015157211080749492,111823.0078125
2024-07-10,111990.15625,114497.39816186062,111990.15625,113661.6458521283,7238905,111697.64453125,110698.928515625,51.038562827212054,3260.944607817597,3353.4267610925053,116548.39963133959,104849.4573999104,-0.02578419528757859,110903.6796875
2024-07-11,111154.40625,113160.20432636885,110736.53384078474,112073.73005547455,7868415,111714.359375,110824.290234375,45.141058389936134,2960.099780066259,3274.761364887256,116595.56076908954,105053.01969966046,-0.007490694807851116,111990.15625
2024-07-12,111823.0078125,113661.64790986155,110485.81160138782,110485.81160138782,4086410,111990.15703125,110941.29453125,52.96167905619208,2743.997549291642,3168.608601768133,116692.91296972697,105189.67609277302,0.0059970519359013996,110235.0859375
2024-07-15,110903.6796875,112658.74823831332,110569.3787705828,111572.2740126664,3527280,112332.81328125,111104.26484375,54.87362257430834,2470.0793408580794,3028.902749586123,116643.31615853962,105565.21352896039,-0.008255259899730798,106892.09375
2024-07-16,111990.15625,112408.02865053207,110569.38107778915,111655.85532610706,4602645,112834.26171875,111354.9890625,54.04410703361812,2313.992500594075,2885.920699787713,116550.48196707541,106159.49615792459,0.009748902771680704,105304.171875
2024-07-17,110235.0859375,112073.73360670957,108563.59624767517,111990.16212568576,8015615,112909.478125,111371.703515625,48.4098970276282,2025.3263472465624,2713.801829279483,116549.61950789808,106193.78752335193,-0.015795746574322866,103716.2578125
2024-07-18,106892.09375,109817.2080708493,106808.52227311925,109817.2080708493,12420230,112249.2375,111146.051171875,45.66668079240401,1509.405324997133,2472.9225284230133,116697.6990565197,105594.4032872303,-0.030795374245053513,104886.3046875
2024-07-19,105304.171875,108062.13563533845,105304.171875,107477.11279197369,7534455,111187.83828125,110723.9984375,45.666666562800984,961.3206671094231,2170.602156160295,116710.08833804686,104737.90853695315,-0.01496681868712179,105304.171875
2024-07-22,103716.2578125,105304.17594751986,102964.08448356044,105304.17594751986,7149435,109892.4296875,110389.699609375,43.7699744440605,394.2831818172417,1815.3383612916846,117148.3638473569,103631.03537139311,-0.015194156991209427,104468.4296875
2024-07-23,104886.3046875,106557.79431787602,104301.28181513475,104384.85329318623,6108340,108889.53203125,110201.65625,40.74073258069502,38.866860784139135,1460.0440611901756,117361.80285978076,103041.50964021924,0.01121807068275152,106975.671875
2024-07-24,105304.171875,105805.61573578813,103632.67481881444,104886.2994881206,4774455,108220.93359375,109959.2890625,30.708667502826458,-206.70201237039873,1126.6948464780608,117447.2383221817,102471.3398028183,0.003976086308457759,107811.421875
2024-07-25,104468.4296875,104886.30962342763,103716.26382363499,103799.83530561934,2947910,107552.3359375,109633.34765625,20.851097683706385,-463.4125916240009,808.6733588576485,117491.26535910275,101775.42995339725,-0.007968119793603522,106975.671875
2024-07-26,106975.671875,106975.671875,103966.97859280472,105220.59578794066,4543765,107067.60234375,109528.8796875,27.343752852757888,-459.2501348668593,555.088660112747,117473.68429718135,101584.07507781865,0.023716525448826062,107477.1171875
2024-07-29,107811.421875,109148.61811954892,107811.421875,108647.16671209238,5588770,106758.3765625,109545.594921875,32.65305966715327,-384.08581535780104,367.2537650186374,117473.61273159893,101617.57711215108,0.007782164219466857,104301.2890625
2024-07-30,106975.671875,108229.28907013594,106139.91956957457,107811.4166717573,2729870,106256.928125,109545.594921875,36.36364408918591,-387.48886058168137,216.30523989857366,117473.61273159893,101617.57711215108,-0.00778216421946697,102964.0859375
2024-07-31,107477.1171875,107477.1171875,105805.62006295468,106390.6429302453,3299580,105981.13125,109445.3046875,39.81481601696474,-345.7379011635494,103.89661168614904,117427.22471720996,101463.38465779004,0.0046765185807896474,99119.6484375
2024-08-01,104301.2890625,108396.44945360869,103716.26614948447,108312.87046108143,7900845,105722.05078125,108985.644140625,31.707326341389262,-562.4294169907662,-29.368594049234005,117044.20131418324,100927.08696706675,-0.02999424042639935,100958.2890625
2024-08-02,102964.0859375,104301.28215131175,101125.43832775822,102044.76213262911,11436405,105488.0421875,108337.940234375,31.075704036515745,-832.4639944395603,-189.98767412729927,116128.29265381572,100547.58781493428,-0.012903473902494453,101961.1796875
2024-08-05,99119.6484375,102713.35718583986,98116.74563879885,101209.01800512486,11977480,105028.38125,107460.40546875,22.887311078905384,-1341.2215523331688,-420.23444976847316,115252.73862922435,99668.07230827566,-0.03805255673067765,101459.75
2024-08-06,100958.2890625,101877.61287829853,100122.5442346841,100289.69470198096,7737315,104635.5796875,106762.555859375,30.526298181188437,-1577.864015898449,-651.7603629944683,114237.20958764962,99287.90213110039,0.01837976148506974,106056.3515625
2024-08-07,101961.1796875,101961.1796875,100456.84056806807,101125.4348979636,3246220,104301.28046875,106261.10703125,38.521375302762074,-1665.2836281971831,-854.4650160350113,113603.57210496403,98918.64195753596,0.009884697579501988,108647.171875
2024-08-08,101459.75,102295.49490636268,101041.87754681866,101626.90048300636,3053135,104000.4125,105776.37421875,40.57378744923761,-1754.7972752608912,-1034.5314678801874,113038.2480172578,98514.5004202422,-0.004929981431724962,108396.4375
2024-08-09,106056.3515625,106056.3515625,101961.18390363161,102295.48483673687,6320860,103908.48046875,105488.04140625,55.0000133542015,-1438.2508937551465,-1115.2753530551793,112174.15027136134,98801.93254113867,0.04430840325688083,108229.2890625
2024-08-12,108647.171875,108814.32235209516,105471.33533619856,106056.35825169718,7111025,103992.05546875,105375.216015625,57.57578046633309,-967.1790212790656,-1085.6560866999566,111745.22174629124,99005.21028495877,0.024135105314036495,107560.703125
2024-08-13,108396.4375,108814.3098905482,106975.66987040246,108396.4375,4712585,104134.13203125,105195.530078125,56.27119524884197,-607.0852363330923,-989.9419166265839,110953.18358449123,99437.87657175877,-0.0023104526068379737,109148.6171875
2024-08-14,108229.2890625,109900.7861645648,108229.2890625,109232.18432027163,3291530,104209.34921875,105095.240234375,57.839722389240045,-331.3759042662132,-858.2287141545098,110544.92656590564,99645.55390284436,-0.0015432005544671371,109065.03125
2024-08-15,107560.703125,108229.29751282756,107142.82318535548,107894.99656457943,2596240,104535.290625,105128.670703125,51.320775349665766,-164.9224464728759,-719.5674606181831,110632.70000357408,99624.64140267592,-0.006196655091502421,109900.796875
2024-08-16,109148.6171875,109482.91812294966,107894.99243389796,107894.99243389796,5857640,105153.74375,105320.89296875,52.91971313423131,94.04047212842852,-556.8458740688608,111111.7803501419,99530.00558735812,0.014655045568396101,111572.28125
2024-08-19,109065.03125,109817.20455250127,108647.15886164774,109566.48262122349,2873160,106148.28203125,105588.331640625,54.71696915180697,289.19213730460615,-387.6382717941674,111558.45969662603,99618.20358462396,-0.0007660927003103759,111823.0078125
2024-08-20,109900.796875,110736.54175314624,109232.19496554791,109232.19496554791,4302610,107042.5328125,105839.05625,55.39036635190675,505.46386629102926,-209.0178441771281,112099.18565397349,99578.9268460265,0.007633790996734026,111237.984375
2024-08-21,111572.28125,111823.01070828592,109148.61821680509,109148.61821680509,7037655,108003.64296875,106152.46171875,67.33066749792465,802.4850415220862,-6.717267037285239,112907.85883720279,99397.0646002972,0.015094530907545914,109900.796875
2024-08-22,111823.0078125,112408.0306855698,111572.278360707,111990.15827747255,3473575,109039.96875,106520.190625,72.26893132727263,1046.0497901615454,203.8361444024809,113678.29595697351,99362.0852930265,0.0022446907347854245,110736.5390625
2024-08-23,111237.984375,111739.42825870501,110652.96150489865,111739.42825870501,3513250,109558.13203125,106733.30625,86.43220423776067,1178.287540774676,398.7264236769199,114195.83708976045,99270.77541023954,-0.00524542434019205,111405.140625
2024-08-26,109900.796875,111572.2866312925,109900.796875,111405.14366259833,2978845,109683.49453125,106837.775,77.72028555278993,1161.7946098786924,551.3400609172745,114421.37059495774,99254.17940504225,-0.012093797302139282,111739.4296875
2024-08-27,110736.5390625,110820.11805348516,108981.47035583573,109900.79420466044,2689275,109917.5046875,107025.818359375,77.48699119825844,1202.301865759291,681.5324218856779,114807.72747122441,99243.90924752559,0.007575745791310246,112658.7578125
2024-08-28,111405.140625,112408.0359531641,111070.83967938909,111154.41116145748,3118225,110235.08984375,107222.21953125,80.82901052488823,1273.672611212649,799.9604597510721,115246.58170281108,99197.85735968892,0.006019613990309449,112658.7578125
2024-08-29,111739.4296875,111823.00867496505,110485.81245353939,110987.25634365629,2406605,110652.9625,107594.1265625,73.94365177274804,1341.7420080924785,908.3167694193535,115737.07831273222,99451.17481226777,0.0029961680188634186,112658.7578125
2024-08-30,112658.7578125,112742.33680316618,111154.41106719525,111572.2834945202,3813170,111003.9765625,108078.86015625,69.67212549507586,1453.118941453111,1017.277203826105,116215.52545796364,99942.19485453636,0.008193767326826704,111154.40625
2024-09-02,112658.7578125,112658.7578125,112658.7578125,112658.7578125,0,111363.34921875,108755.815625,71.42863876060578,1523.8203115624055,1118.5858253733652,115952.56773439594,101559.06351560407,0.0,109148.6171875
2024-09-03,112658.7578125,112658.7578125,112658.7578125,112658.7578125,0,111639.1453125,109340.8390625,72.64963479155713,1561.847649265561,1207.2381901518045,115725.10233314053,102956.57579185948,0.0,110402.234375
2024-09-04,111154.40625,111154.40625,109900.78902235423,111154.40625,5215480,111597.3578125,109800.500390625,66.9290706849444,1453.8370610071725,1256.5579643228782,115194.61542731791,104406.3853539321,-0.013443125420879816,109733.640625
2024-09-05,109148.6171875,111154.40778286115,108396.44383707247,111154.40778286115,9263940,111329.91875,110184.94375,50.0,1192.6394719328528,1243.7742658448733,113915.58971039392,106454.29778960609,-0.01820986800285354,108647.171875
2024-09-06,110402.234375,111070.83624555152,108897.89518359595,109065.0381425654,4394610,111246.34375,110402.237890625,55.47948450677533,1074.409803462302,1209.9013733683591,113586.63318090484,107217.84260034515,0.011419958545394045,109148.6171875
2024-09-09,109733.640625,110235.0845220413,108730.74532224894,109315.76820790942,3317980,111229.628125,110456.561328125,49.30552580226766,916.2006210028776,1151.1612228952629,113550.68201266123,107362.44064358876,-0.006074392061960817,110569.375
2024-09-10,108647.171875,109482.92426047579,108312.87092080968,109482.92426047579,4824365,111020.69140625,110469.098046875,37.22628285083422,695.1366533095716,1059.9563089781245,113529.92541934483,107408.27067440518,-0.009950303799021874,111154.40625
2024-09-11,109148.6171875,109733.6400702027,108480.01531660066,108647.16578432551,3668960,110795.0390625,110515.064453125,38.571407586254786,554.0179382699716,958.768634836494,113459.66958875525,107570.45931749475,0.0046047373155885685,109566.4921875
2024-09-12,110569.375,110736.52545275852,109482.90832007125,109482.90832007125,4735700,110678.03359375,110665.498046875,47.333279322959186,550.4780532586592,877.110518520927,113261.36178624415,108069.63430750585,0.012932738013741826,111070.8359375
2024-09-13,111154.40625,111488.70718083953,110318.66143156949,110485.81189698925,3664820,110527.5984375,110765.7875,55.319109439826455,588.1005444519833,819.3085237071383,113268.20148526753,108263.37351473248,0.005277129989111646,112491.6015625
2024-09-16,109566.4921875,111154.41040534733,109566.4921875,110151.51508400525,2203055,110218.371875,110790.860546875,45.33332253127197,484.2036474444467,752.2875484546,113230.79256063774,108350.92853311227,-0.014388682446360575,112993.0546875
2024-09-17,111070.8359375,111070.8359375,109650.06072085272,109650.06072085272,3049110,110059.5796875,110849.3625,48.749975899841495,517.2895840061392,705.2879555649079,113255.3089670052,108443.4160329948,0.013636559819633519,113076.625
2024-09-18,112491.6015625,112993.05295473762,111070.83388082912,111488.706286693,6186540,110193.29921875,110895.328515625,52.60115763104942,650.6540048563911,694.3611654232045,113392.8147270574,108397.84230419261,0.012710406707130802,111990.15625
2024-09-19,112993.0546875,113494.49857875907,112240.88134194302,112825.90422085753,5927445,110577.74296875,110953.830859375,51.190470891192234,787.7288972050883,713.0347117795812,113593.57738896272,108314.08432978728,0.004447787800898846,112408.03125
2024-09-20,113076.625,114497.40019747033,112825.90305695689,113912.37732459087,4277655,110845.18203125,111045.762890625,51.47926997568984,892.8133660286549,748.9904426293961,113850.11008149131,108241.4156997587,0.0007393323724105067,112658.7578125
2024-09-23,111990.15625,113578.07437548914,111488.70486416061,113578.07437548914,2807380,111070.83359375,111150.230859375,47.802181151779216,878.3001194826793,774.8523780000528,113930.55214157733,108369.90957717269,-0.00965470944586183,112240.8828125
2024-09-24,112408.03125,112575.18171581186,111739.42938675254,111990.15883980451,2313110,111446.91953125,111233.80546875,54.437895351692916,890.2549819383275,797.9328987877077,114061.84597193942,108405.76496556058,0.003724410501637498,112157.296875
2024-09-25,112658.7578125,112658.7578125,111655.86248518639,112240.88538517505,5151885,111797.93359375,111296.486328125,64.18923015899082,909.4769505923032,820.2417091486269,114195.20356928823,108397.76908696177,0.002228020111391178,112408.03125
2024-09-26,112240.8828125,112825.90569907933,111906.58187483509,112825.90569907933,3237940,111965.084375,111321.558984375,57.97104983468371,880.8377300153079,832.3609133219632,114244.97734931725,108398.14061943276,-0.0037161062572068112,113578.078125
2024-09-27,112157.296875,112324.44733347658,111572.27402466597,112240.87585857228,3855720,112065.3734375,111296.4859375,61.06866089140704,841.693733352251,834.2274773280208,114179.94383642268,108413.02803857731,-0.0007449787826461318,113160.2109375
2024-09-30,112408.03125,112408.03125,111154.40651074518,112157.30179694804,3485075,112349.52734375,111283.949609375,68.59501578330138,821.4350110851519,831.668984079447,114144.55940967434,108423.33980907567,0.0022330649284616733,111990.15625
2024-10-01,113578.078125,113828.8000718626,112575.18282888117,112575.18282888117,5434785,112600.2515625,111329.915625,70.5426210536766,889.5387826868828,843.2429438009342,114310.56693494185,108349.26431505814,0.010355126104239125,112073.7421875
2024-10-02,113160.2109375,113578.08337112851,112491.60903675937,112491.60903675937,1977770,112667.1125,111430.205859375,63.24794246163163,899.425109780117,854.4793769967707,114519.00925116733,108341.40246758267,-0.0036859029175777607,112073.7421875
2024-10-03,111990.15625,113745.22483743561,111990.15625,113160.20197495708,2645920,112566.82265625,111572.2828125,54.03226535996985,803.5832529753388,844.3001521924845,114475.00515459265,108669.56047040733,-0.01039363368829873,111823.0078125
2024-10-04,112073.7421875,112658.76512546396,111572.29073695838,112240.89267101386,1688660,112466.534375,111655.858203125,64.15093840447429,726.0036592909601,820.6408536121796,114512.62438989576,108799.09201635423,0.0007460902176587276,113160.2109375
2024-10-07,112073.7421875,112742.34412155546,111655.86973304988,112157.31367492236,1530075,112474.89296875,111772.86328125,56.81821561733182,656.9483803725452,787.9023589642527,114486.22941009469,109059.49715240531,0.0,118425.4140625
2024-10-08,111823.0078125,112909.47457181918,111655.85734752743,112073.72975562468,2424890,112416.390625,111931.655078125,44.594669705138536,575.3570478253678,745.3932967364758,114211.98103914254,109651.32911710745,-0.0022397330896085765,116670.34375
2024-10-09,113160.2109375,113494.50437920155,112240.88707831602,112240.88707831602,3012885,112466.5359375,112132.234765625,51.19051593475198,611.546913518323,718.6240200928453,114060.35717921687,110204.11235203315,0.011887276560248653,114998.8515625
2024-10-10,118425.4140625,118676.13601447696,113494.50145205227,113494.50145205227,11445030,113084.9890625,112525.03671875,71.91774375404569,1052.9478050040343,785.4887770750831,115825.26234824727,109224.81108925272,0.04547873471914768,114497.40625
2024-10-11,116670.34375,119344.73622925517,116670.34375,118676.13435510715,4385640,113536.29375,112800.83359375,68.18175196305523,1246.769700128134,877.7449616856934,116514.76860162235,109086.89858587764,-0.014930962039118437,113912.3828125
2024-10-14,114998.8515625,118091.11659292075,114580.97912736241,117923.96611713195,6446095,113795.37578125,113072.4515625,59.17157799540349,1251.077851434733,952.4115396355014,116579.22786418042,109565.6752608196,-0.014430241275473312,114497.40625
2024-10-15,114497.40625,115834.60253136359,114163.10530249194,114998.85016259342,3289920,113887.30859375,113243.780078125,56.39534409753983,1200.19455073266,1001.9681418549332,116672.75849553302,109814.80166071697,-0.004369972001055105,114497.40625
2024-10-16,113912.3828125,114580.977195715,113661.65334870931,113995.95429465112,3169400,113962.52578125,113314.819140625,55.74712767180514,1099.9827497469087,1021.5710634333284,116737.04734112816,109892.59094012184,-0.00512258882770812,113243.7734375
2024-10-17,114497.40625,114580.97773254268,113243.7814511791,114079.52631128057,2966080,114213.25078125,113390.03671875,57.77781701588001,1055.6023508293292,1028.3773209125286,116848.42527091524,109931.64816658475,0.005122588827708039,111237.984375
2024-10-18,114497.40625,115166.00063634745,114163.10530249194,114831.69968883938,2494810,114455.6171875,113461.07578125,57.06215882780416,1008.8017265967064,1024.4622020493641,116950.58648287457,109971.56507962542,0.0,112157.296875
2024-10-21,113243.7734375,115082.42101001406,113243.7734375,114497.39814760834,3083495,114572.6203125,113523.756640625,48.87638767736721,860.6333581626386,991.6964332720191,116946.41463169201,110101.09864955799,-0.011009387731963523,112240.8828125
2024-10-22,111237.984375,113410.925391281,111154.40538860366,113410.925391281,6910580,114514.11796875,113465.254296875,44.16242570909996,574.733276960309,908.3038020096772,117006.16565463383,109924.34293911618,-0.017870872571978155,111990.15625
2024-10-23,112157.296875,112658.74825042974,110820.10822452337,111070.83015790425,3467365,114413.8265625,113440.18125,50.51543609931914,417.5232899560797,810.1476995989577,117012.10379855584,109868.25870144415,0.0082304127853175,112742.328125
2024-10-24,112240.8828125,112240.8828125,111823.0103947531,112157.30382374953,2618780,113795.3734375,113440.18125,50.51543609931914,296.2627961213584,707.3707189034378,117012.10379855584,109868.25870144415,0.0007449787826460981,113160.2109375
2024-10-25,111990.15625,112491.60012717122,111655.85532610706,112240.87818858562,2114850,113327.3546875,113431.82421875,49.746159171651826,177.88094216398895,601.4727635555481,117017.14162150215,109846.50681599785,-0.002236324355821798,113578.078125
2024-10-28,112742.328125,112825.89960056475,111655.85389064989,112073.72628580975,1731900,113101.70234375,113448.5390625,52.70935302750451,143.1068079562101,509.79957243568055,117016.83643838849,109880.24168661151,0.006693956023003964,113578.078125
2024-10-29,113160.2109375,113243.7824207582,112658.75951194453,113160.2109375,2828080,112967.9828125,113427.645703125,50.0,147.5666501529049,437.35298797912543,116997.64249990386,109857.64890634615,0.003699677665294957,112491.6015625
2024-10-30,113578.078125,113578.078125,112993.05524320832,113160.20571067286,1966270,112934.55234375,113448.5390625,28.358220408448005,182.71329190071265,386.42504876344293,117016.83643838849,109880.24168661151,0.0036859029175777087,110987.2578125
2024-10-31,113578.078125,113661.64960439806,113076.62672260638,113578.078125,1427955,112842.61953125,113527.93515625,33.62833029732981,208.16763182391878,350.77356537553817,117029.64509704757,110026.22521545242,0.0,110820.1171875
2024-11-01,112491.6015625,112825.90249065841,111655.85675077222,112825.90249065841,3067625,112642.0390625,113548.828125,35.84903663672986,139.06771501932235,308.432395304295,117018.84857767267,110078.80767232733,-0.009611947333324053,112491.6015625
2024-11-04,110987.2578125,112491.60452009644,110903.68633259728,112491.60452009644,3660335,112416.3875,113494.50390625,32.20337237535797,-36.65984333210508,239.41394757701502,117093.38357848594,109895.62423401406,-0.013463165839078372,112909.484375
2024-11-05,110820.1171875,111990.16298279972,110569.38772517249,111154.41062282234,1905665,112374.60078125,113444.359375,33.62833029732981,-187.25350906803214,154.0804562480056,117167.1157505927,109721.6029994073,-0.001507079344276726,113494.5
2024-11-06,112491.6015625,112491.6015625,111154.4053585346,111237.98434490833,2071725,112408.03125,113410.92890625,40.47613571700425,-169.76827129341837,89.3107107397208,117156.36828296307,109665.48952953694,0.01497024518335528,115583.8671875
2024-11-07,112909.484375,114998.85410556065,112157.31097165142,113076.63485448514,4106075,112474.89140625,113135.132421875,42.748087245304994,-120.7989487201994,47.288778847736765,116044.99271194877,110225.27213180122,0.0037079084116794217,114330.25
2024-11-08,113494.5,114330.25234367815,112909.47711375952,113745.22945743769,2422245,112625.32578125,112976.340234375,51.21952517063777,-34.38813104921428,30.953396868346555,115375.75856552323,110576.92190322679,0.005167903105824347,115166.0
2024-11-11,115583.8671875,116586.76997901394,113661.64810010073,114079.52050889739,6085800,112909.4796875,113005.591015625,70.96774436730728,200.37770551408175,64.83825859749359,115520.31699764592,110490.86503360409,0.018242011700164047,113661.65625
2024-11-12,114330.25,116085.31862274393,113578.07666044285,115834.59667911431,3351905,113026.48359375,112997.233203125,60.15630020857556,282.0238963484153,108.27538614767793,115492.1157044346,110502.35070181539,-0.010905199093547717,111906.578125
2024-11-13,115166.0,115416.72195491135,113745.23224394418,114246.67615376686,3973710,113185.27578125,113059.9140625,62.77374254980161,409.4472778129275,168.50976448072788,115709.78224638813,110410.04587861187,0.0072833756066887235,111990.15625
2024-11-14,113661.65625,116921.07178445993,113661.65625,115249.58202942222,5446745,113193.63359375,113018.1265625,56.578976499789675,384.6097159653291,211.72975477764814,115597.98141683768,110438.27170816231,-0.013148458079012897,108647.171875
2024-11-15,111906.578125,113410.92478541502,110820.11137699777,113076.62385895207,7548140,113135.13125,112888.58515625,46.95120839033287,220.76083883727551,213.53597158957362,115415.32612338662,110361.84418911338,-0.015561708395568528,110652.96875
2024-11-18,111990.15625,112491.60012717122,110736.5315397356,111990.15625,4488910,113235.42109375,112825.904296875,45.62496458011146,96.54061927723524,190.13690112710594,115377.6192033268,110274.1893904232,0.0007465774712198862,111154.40625
2024-11-19,108647.171875,111655.86544537514,108563.60039078684,111572.28645249314,8789220,113018.1265625,112696.363671875,34.87179438012218,-268.55990880286845,98.39753914111107,115792.47777567891,109600.2495680711,-0.030305300126293296,111906.578125
2024-11-20,110652.96875,110652.96875,105889.20649088125,108647.17055784375,9729345,112834.26328125,112621.147265625,42.00914645338032,-391.5402309875353,0.4099851153817866,115842.94315980354,109399.35137144645,0.01829321955083794,111906.578125
2024-11-21,111154.40625,111154.40625,109482.91661313898,110652.96236240902,3653205,112658.75546875,112566.8234375,46.22641135050737,-443.4296260782139,-88.35793712333735,115851.63884717737,109282.00802782264,0.004521385767604159,112993.0546875
2024-11-22,111906.578125,112324.45052874456,110736.53239104793,111070.83331751087,3353285,112499.96328125,112562.64453125,52.709358018017106,-419.02806666403194,-154.49196303147627,115850.75990480994,109274.52915769006,0.0067441173366312454,116085.3203125
2024-11-25,111906.578125,111990.15711094985,111321.55525802396,111990.15711094985,2127155,112132.234375,112520.85703125,53.23380192344092,-395.13478716101963,-202.62052785738496,115820.57953646217,109221.13452603781,0.0,116503.1953125
2024-11-26,112993.0546875,113578.07756641449,111405.13651739899,111488.70799638605,4802515,111998.51484375,112512.49921875,51.5464061584482,-285.2415257309185,-219.14472743209168,115806.24452104016,109218.75391645984,0.009661954544671386,120598.3515625
2024-11-27,116085.3203125,116753.91467480059,112993.05543093945,112993.05543093945,11286445,112090.446875,112637.861328125,58.40707232522173,50.78425915853586,-165.1589301139662,116275.29477973875,109000.42787651125,0.026999086798546307,119672.6171875
2024-11-28,116503.1953125,117004.64672685297,115583.87147385384,116503.1953125,5454105,112374.60078125,112784.1171875,58.03572658168684,346.80834408153896,-62.76547527486517,116796.6203753255,108771.6139996745,0.0035932595252486797,122029.0390625
2024-11-29,120598.3515625,121517.67537050003,116168.89049704718,116503.19142880506,13324705,113243.778125,113189.4546875,62.09677662536996,901.4629451570217,130.08020881151222,118504.1134110466,107874.7959639534,0.034546915358948195,120766.671875
2024-12-02,119672.6171875,122870.62328472998,119167.67402971987,121439.93336186392,7609320,114012.02421875,113623.72265625,63.09490480182702,1251.9005548867426,354.4442780265583,119563.35828132095,107684.08703117905,-0.007705791178963513,124974.5703125
2024-12-03,122029.0390625,122786.46136215598,119251.82900447254,119251.82900447254,5869255,115350.2109375,114184.16875,65.65522781878002,1700.1699365281092,623.5894097268686,121052.61196192268,107315.72553807731,0.019499217127517107,125816.1484375
2024-12-04,120766.671875,123123.09341305659,120177.56649048584,122029.03731564461,6450465,116361.58125,114597.922265625,66.38811403034562,1931.3013295630662,885.1317936941082,122012.33791156023,107183.50661968978,-0.010398689152071709,123712.1953125
2024-12-05,124974.5703125,124974.5703125,120850.8251088932,121187.45891348693,5576580,117743.59765625,115201.1765625,77.0781254401179,2426.050856675196,1193.3156062903258,123890.79643493246,106511.55669006753,0.03424992674592232,125816.1484375
2024-12-06,125816.1484375,127835.93616178542,124553.77543902164,127835.93616178542,5222380,119134.5546875,115817.258984375,77.77623964704608,2853.162264165614,1525.2849378653837,125667.11953655069,105967.39843219932,0.006711422879919244,126657.7265625
2024-12-09,123712.1953125,125816.14521537106,122954.77304502376,125563.67364656778,5219850,120315.11640625,116223.675390625,81.85111174464973,2987.4423225793,1817.716414808167,126684.79023763539,105762.5605436146,-0.016863839633764158,126405.2578125
2024-12-10,125816.1484375,125816.1484375,123712.19848074716,123796.36071321457,4136780,121597.42578125,116797.9703125,81.92612775208222,3226.4392863213143,2099.4609891107966,128052.44380483043,105543.49682016956,0.0168638396337641,125816.1484375
2024-12-11,126657.7265625,127667.62799501218,125984.4665018919,126236.93807948662,5539090,122654.66640625,117372.556640625,82.18135042558181,3444.053518183893,2368.379494925416,129421.56666145346,105323.54661979654,0.006666679805710619,126152.78125
2024-12-12,126405.2578125,127835.94019896221,125563.68082764772,127835.94019896221,4770085,123644.87265625,118009.73671875,80.73352501582357,3555.1605685812538,2605.735709656584,130569.46762017232,105450.00581732769,-0.001995304326194241,124553.7734375
2024-12-13,125816.1484375,126994.35920351092,125731.99376609919,125816.1484375,3886770,124166.65234375,118705.215234375,78.76631654460057,3554.7011215298407,2795.5287920312353,131381.88425800743,106028.5462107426,-0.004671375479516212,125142.890625
2024-12-16,126152.78125,126741.88662835794,125816.14744491932,125900.30211565622,3784765,124814.66875,119413.346484375,78.08667552619424,3540.6856409735337,2944.560161819695,132092.88182650757,106733.81114224241,0.002672020024098583,124637.9375
2024-12-17,124553.7734375,126657.72336044333,124301.30186628808,126321.09711918293,6839625,125067.1421875,120208.6765625,69.30463135053809,3361.798978674735,3028.007925190703,132009.8620802556,108407.49104474438,-0.012756184193202541,125816.1484375
2024-12-18,125142.890625,126068.62227125956,124553.7776703741,124553.7776703741,3361910,125504.7640625,120933.17265625,69.54242133682425,3230.3296145811037,3068.4722630687834,132021.90499361148,109844.44031888853,0.0047186716155110464,126068.6171875
2024-12-19,124637.9375,125395.35978583155,123880.51521416845,123964.66988545348,5525980,125471.10078125,121607.34921875,60.90908822388878,3050.2325174754806,3064.824313950123,131795.7911471191,111418.90729038088,-0.004043175104140947,126573.5703125
2024-12-20,125816.1484375,126741.8876282419,124806.25457535728,124974.5714792255,4069735,125471.10078125,122302.827734375,66.36769172361427,2968.3586555838847,3045.5311822768754,131559.47122225698,113046.184246493,0.009408667657733993,126910.1953125
2024-12-23,126068.6171875,126152.7794180813,125142.88557857089,125816.14561788901,2892020,125706.74296875,123010.9296875,62.12118512711788,2890.524975690656,3014.529940959632,130998.77410903727,115023.08526596273,0.002004637588307748,126068.6171875
2024-12-24,126573.5703125,126910.20411914102,125731.99335696403,126236.93650585898,2646035,125782.48515625,123689.95546875,68.25393317036297,2836.8848777607345,2979.000928319853,130278.46135101398,117101.44958648604,0.0039973830371459245,125900.3046875
2024-12-25,126910.1953125,127246.8290957811,126573.5615292189,126741.87842085944,2890065,125807.73203125,124231.19921875,58.04191037567432,2789.3832639665197,2941.0773954491865,129904.22902683586,118558.16941066414,0.0026559901937493425,126657.7265625
2024-12-26,126068.6171875,127415.1448272027,125479.51181769672,127078.51102701042,2568295,125774.06796875,124709.4703125,51.0489278967561,2653.2446190967894,2883.5108401787074,129109.22424941933,120309.71637558065,-0.006653373230895441,128340.8984375
2024-12-27,125900.3046875,126152.78382700135,125142.88995219608,125816.15001504403,2945955,125782.48359375,124974.56796875,60.8333307546872,2502.920243553861,2807.392720853738,128949.77981046481,120999.35612703518,-0.0013359784514830992,128340.8984375
2024-12-30,126657.7265625,126910.2057011614,124974.57263044642,125731.9949242972,2279760,125832.978125,125323.8234375,54.80767857525404,2417.0425462646526,2729.322685935921,128480.89475696185,122166.75211803816,0.005998020668885846,127920.0859375
2024-12-31,128340.8984375,129519.10924026016,126489.41243720043,126826.04625543671,4143680,126211.690625,125639.41640625,58.77197411150813,2456.4849267786194,2674.755134104461,128669.05528663062,122609.77752586939,0.013201610954179224,125395.359375
2025-01-01,128340.8984375,128340.8984375,128340.8984375,128340.8984375,0,126531.49140625,126018.127734375,60.3603686481785,2459.3929465342517,2631.6826965904193,128279.23139076775,123757.02407798225,0.0,125647.828125
2025-01-02,127920.0859375,128509.19885902587,126321.09431461415,128340.8895226657,3648720,126859.70625,126165.403515625,61.46776723801673,2400.0749512256007,2585.3611475174557,128522.0037022164,123808.8033290336,-0.0032842524138239166,126321.1015625
2025-01-03,125395.359375,127330.99241887969,125395.359375,127330.99241887969,4986515,126817.62734375,126144.3640625,46.66667583517047,2124.8467681350594,2493.2582716409765,128521.51701617384,123767.21110882616,-0.019934119396958414,124806.25
2025-01-06,125647.828125,126405.25039132599,124890.40585867401,125479.51122569795,3987165,126775.5484375,126241.145703125,55.46217831853886,1905.1373310340714,2375.6340835195956,128343.04139756857,124139.25000868144,0.002011357787709607,125227.0390625
2025-01-07,126321.1015625,127330.99544393699,125816.15084124813,125816.15084124813,3971295,126750.3015625,126266.393359375,55.83331850612957,1764.9977632936207,2253.506819474401,128358.9041933913,124173.8825253587,0.005344111598986402,123964.671875
2025-01-08,124806.25,126236.9322888316,124637.93310230222,126236.9322888316,4461885,126539.90703125,126173.81953125,50.75755870869013,1514.2450113511732,2105.654457849755,128355.36105458881,123992.2780079112,-0.012064555512243976,124217.1484375
2025-01-09,125227.0390625,125563.67285950521,124553.77146848958,124806.25059677666,1971560,126455.74921875,126114.90859375,47.154460499959995,1334.097167819622,1951.3429998437284,128333.45509955914,123896.36208794087,0.0033658674918035847,122113.203125
2025-01-10,123964.671875,125479.5164709753,123880.51720236435,125227.04489200165,2903405,126262.1859375,126022.334765625,40.74077894286621,1077.050652456499,1776.4845303662828,128439.03620986038,123605.63332138961,-0.01013178152312392,122449.828125
2025-01-13,124217.1484375,124974.57071977093,121776.56468784183,122954.77544669293,4012120,126018.128125,125925.553125,39.393967098378546,883.527431417504,1597.8931105765273,128471.81831811501,123379.287931885,0.0020346103455838667,122449.828125
2025-01-14,122113.203125,124553.77940615693,122113.203125,124217.15314876528,3331780,125395.35859375,125803.524609375,31.372633487303673,554.0018922112504,1389.1148669034721,128817.55773177456,122789.49148697544,-0.01708272215131287,125395.359375
2025-01-15,122449.828125,123291.4050494716,121860.72276565661,122870.6165872358,3267035,124806.2515625,125668.871484375,35.374188753024114,316.36647668256774,1174.5651888592913,129028.04096084827,122309.70200790174,0.002752870790539947,126236.9375
2025-01-16,122449.828125,123291.4050494716,121860.72276565661,122870.6165872358,3267035,124259.22578125,125559.466015625,35.862097664815366,126.5795673460525,964.9680645566436,129191.4617582315,121927.47027301851,0.0,126152.78125
2025-01-17,125395.359375,126321.09856143518,122870.62095085547,123375.56409904442,4067550,124259.22578125,125538.4265625,45.614051278654856,211.4147715143481,814.2574059481846,129169.03645921295,121907.81666578705,0.023770241172057366,125984.46875
2025-01-20,126236.9375,126573.57130929208,124722.09291925226,125395.36053783643,2550355,124318.13671875,125546.842578125,42.23598867342932,342.6062517429091,719.9271751071295,129183.40277756193,121910.28237868806,0.006688976520913815,129855.7265625
2025-01-21,126152.78125,127415.14667745277,125395.35896910173,126657.72439655449,2852345,124301.3046875,125525.803125,41.975278221718966,434.7739356628008,662.8965272182638,129142.16496534363,121909.44128465638,-0.0006668754459226428,129098.296875
2025-01-22,125984.46875,126741.89105736648,125563.68025947791,125900.30651525549,3203440,124419.1265625,125479.516796875,42.76734737248954,488.6037571309571,628.0379732008025,129044.60572334292,121914.42787040709,-0.0013350865451320526,129098.296875
2025-01-23,129855.7265625,131286.4164943342,126236.93951848034,126321.10175268241,8116470,124881.9953125,125668.872265625,65.14285168664134,834.0282717327063,669.2360329071834,129733.06489668756,121604.67963456245,0.03026540303831095,129098.296875
2025-01-24,129098.296875,130024.04359293194,129098.296875,129687.40979751419,4204055,125395.3578125,125828.771875,61.32593964832811,1034.7336767998058,742.3355616857078,130173.27663777054,121484.26711222947,-0.005849933030501188,129098.296875
2025-01-27,129098.296875,129098.296875,129098.296875,129098.296875,0,125883.47265625,125950.800390625,59.537517043689256,1180.1896645099332,829.906382250553,130524.40282748001,121377.19795376998,0.0,129098.296875
2025-01-28,129098.296875,129098.296875,129098.296875,129098.296875,0,126581.98203125,125988.6703125,66.45159706101484,1280.7014535761555,920.0653965156736,130657.15861206877,121320.18201293124,0.0,129098.296875
2025-01-29,129098.296875,129098.296875,129098.296875,129098.296875,0,127246.82890625,126026.540234375,65.33331765512605,1344.8551179035276,1005.0233407932444,130786.75555130426,121266.32491744575,0.0,122449.828125
2025-01-30,129098.296875,129098.296875,129098.296875,129098.296875,0,127911.67578125,126085.45078125,72.59257018060194,1379.7919760756486,1079.9770678497252,130971.82499038332,121199.07657211667,0.0,123038.9453125
2025-01-31,129098.296875,129098.296875,129098.296875,129098.296875,0,128281.96953125,126270.59765625,71.96966660126265,1391.440033320745,1142.2696609439292,131324.61178698012,121216.58352551988,0.0,123123.09375
2025-02-03,122449.828125,125563.6718188245,122281.51122789242,124553.77043617901,14659855,127903.25859375,126110.69765625,51.07524842411024,854.3469581330428,1084.685120381752,131442.40237389144,120778.99293860857,-0.0528727257097262,123291.40625
2025-02-04,123038.9453125,123712.20540458683,122281.52298323542,122870.62839921153,6287855,127591.875,125946.58984375,51.851888234921404,470.80649585627543,961.9093954766569,131450.29906871662,120442.88061878337,0.004799554050029729,122954.78125
2025-02-05,123123.09375,124132.98761749273,122702.30526863359,123628.0444642797,5984715,127305.7375,125862.43203125,52.10527087242027,171.65921135616372,803.8593586525583,131489.6492895169,120235.21477298309,0.0006836833258143084,119504.3046875
2025-02-06,123291.40625,123964.66628391978,122533.98398617377,123712.19471633316,3940590,126649.30546875,125765.650390625,42.03818982093569,-51.24503389441816,632.838480143163,131504.3572404599,120026.94354079009,0.0013660927110664277,122365.6640625
2025-02-07,122954.78125,123459.73198236917,122702.30966434887,123291.41507157944,4445785,126034.95390625,125715.155859375,37.0860849796078,-252.15439944523678,455.8399042254831,131537.74454434065,119892.56717440936,-0.00273405418462177,122029.0390625
2025-02-10,119504.3046875,122449.83931444568,119504.3046875,122449.83931444568,8912040,125075.5546875,125479.513671875,29.319350607122942,-681.9401592135837,228.28389153766975,131907.36690203825,119051.66044171175,-0.028464262453033153,120430.0390625
2025-02-11,122365.6640625,122365.6640625,117905.29281971119,119672.60887126153,6165610,124402.29140625,125492.13671875,40.358696045834634,-782.6389079299406,26.099331644147696,131893.09038652937,119091.18305097065,0.02366141514696028,121944.8828125
2025-02-12,122029.0390625,122618.14445544724,121439.93366955276,122533.98978262623,2170510,123695.365625,125471.097265625,24.309353728238435,-879.4682534150488,-155.01418536769162,131916.76554499377,119025.42898625623,-0.0027547668470357303,120850.828125
2025-02-13,120430.0390625,122029.03832496879,120093.40525111709,122029.03832496879,3278420,122828.53984375,125370.1078125,23.03662376809791,-1072.8648260496557,-338.58431350408443,132073.23765712036,118666.97796787965,-0.013190045881350783,121103.3046875
2025-02-14,121944.8828125,122029.03748423258,120850.82671357653,121187.46052264016,3739455,122113.1984375,125197.583984375,29.665064544598906,-1091.317741064806,-489.13099901622877,132073.36911274266,118321.79885600734,0.012500166793528828,121187.4609375
2025-02-17,120850.828125,122029.03890941643,120682.5112185024,122029.03890941643,2836245,121953.2984375,124928.278515625,27.92791587285923,-1180.61350150613,-627.4274995142091,132050.17244520856,117806.38458604144,-0.009012202795296543,120345.8828125
2025-02-18,121103.3046875,121524.0931642538,120430.03707584066,121019.1424555093,1914060,121759.734375,124675.8046875,28.888888888888886,-1216.979701977194,-745.3379400068061,131970.83081705493,117380.77855794506,0.0020869794717147,119504.3046875
2025-02-19,121187.4609375,121944.88322995271,120430.03864504729,121103.30626547933,3484270,121566.17109375,124435.954296875,29.20353400695086,-1224.8897057425202,-841.2482931539489,131864.03835796937,117007.87023578062,0.0006946715708886414,118241.9296875
2025-02-20,120345.8828125,121692.41047931249,120345.8828125,121355.77667234272,3893210,121271.61875,123960.462109375,27.966096027950158,-1284.262582416297,-929.8511510064186,131141.1518991015,116779.77231964852,-0.006968657144145912,116979.5546875
2025-02-21,119504.3046875,120261.72701316408,119083.51618681262,120177.57233745341,6109490,120926.57109375,123480.7625,39.52095575380623,-1383.27875978277,-1020.5366727616889,130496.21478916431,116465.31021083568,-0.007017560315263439,119335.984375
2025-02-24,118241.9296875,119504.29508816099,117400.352753726,119504.29508816099,8622585,120800.33359375,122937.944140625,33.71420811464861,-1545.7939556136553,-1125.5881293320822,129801.64504135668,116074.24323989332,-0.010619616055096492,118915.1875
2025-02-25,116979.5546875,118157.7653986808,116306.29466442509,118157.7653986808,7831960,120261.72265625,122332.00703125,30.68778312991448,-1756.2070696621959,-1251.711917398105,129043.8757993775,115620.1382631225,-0.010733603890048732,118073.609375
2025-02-26,119335.984375,119335.984375,116895.40070968839,117063.71760671673,3821910,119992.4171875,121843.89140625,39.0697686468114,-1713.0695962567843,-1343.983453169841,127868.61157799911,115819.17123450089,0.01994373965162689,118241.9296875
2025-02-27,118915.1875,119672.60975066833,118410.24437359862,119504.29285484579,3934955,119840.93203125,121334.7359375,38.88886023723568,-1693.3181117225467,-1413.850384880382,126427.10534756584,116242.36652743415,-0.003532383989868193,117821.140625
2025-02-28,118073.609375,118746.86939034183,116979.55334387007,117905.29248089799,5398560,119453.8046875,120783.5015625,45.40537448422143,-1725.6806667259661,-1476.216441249499,124552.15218778569,117014.8509372143,-0.007102290688044205,117063.71875
2025-03-03,118241.9296875,118999.35195232315,118073.61278853191,118241.9296875,2913985,119192.91484375,120573.106640625,33.98697450235173,-1717.9428069226415,-1524.5617143841275,124419.1046621738,116727.1086190762,0.0014245389163342998,119167.671875
2025-03-04,117821.140625,118326.08375828524,117232.03526212298,117400.35216024017,3991995,118864.6984375,120312.21640625,33.76626429766263,-1725.8699040063948,-1564.823352308581,124161.81682354402,116462.61598895596,-0.003565060029223922,118999.3515625
2025-03-05,117063.71875,117905.29568229456,117063.71875,117821.14101349165,3278765,118452.32421875,120009.24765625,36.11113439053432,-1772.8336777443037,-1606.4254173957256,123881.0938181697,116137.40149433029,-0.0064493258726993985,117232.03125
2025-03-06,119167.671875,120766.67111416945,117400.35573259165,117400.35573259165,7379665,118334.503125,119803.0609375,39.07288106730014,-1621.588707849558,-1609.4580754864924,123365.83900299153,116240.28287200848,0.01781311748976985,115717.1953125
2025-03-07,118999.3515625,120093.40006060898,118746.87243434176,119251.82312959185,3397675,118284.0078125,119605.289453125,42.14287371984232,-1498.0395545662177,-1587.1743713024375,122856.97492585261,116353.6039803974,-0.001413464702999515,114370.6640625
2025-03-10,117232.03125,119083.50194379214,117147.86902328857,119083.50194379214,6121450,118183.01796875,119491.67578125,35.4430483867651,-1525.1529260158568,-1574.7700822451213,122912.59971650878,116070.75184599122,-0.014962900059045993,114875.609375
2025-03-11,115717.1953125,116558.77227527309,115296.40683111345,116137.98379388655,6652060,118056.78203125,119159.25234375,31.42861386569288,-1649.8565490773472,-1589.7873756115664,122694.4798743908,115624.02481310921,-0.013005901012040386,110583.5546875
2025-03-12,114370.6640625,116727.08553350372,114370.6640625,115885.50859702137,7112750,117560.25,118776.33359375,30.38677263439493,-1836.1726321132446,-1639.0644269119023,122645.97458288675,114906.69260461324,-0.011704629929951223,109405.34375
2025-03-13,114875.609375,116137.98236469152,114538.98313067328,114538.98313067328,4151730,117156.2921875,118498.612109375,34.46328631810046,-1920.9411892540375,-1695.4397793803296,122655.16431861196,114342.05990013803,0.004405272299756497,109405.34375
2025-03-14,110583.5546875,114707.29989596143,110078.61154108151,114118.19451776217,18508100,116407.28671875,117930.545703125,28.63852732158749,-2307.8503622076096,-1817.9218959457858,123088.73312788867,112772.35827836132,-0.038078499103022544,104860.8203125
2025-03-17,109405.34375,111172.65988167233,109068.70994556721,110751.87140666462,7713050,115523.628125,117358.271484375,28.773624356475608,-2678.6723774879647,-1990.0719922542216,123581.89078095867,111134.65218779133,-0.010711651464740684,105197.4453125
2025-03-18,109405.34375,111256.8221133138,109405.34375,109489.50598164147,6334775,114682.0484375,116773.3734375,17.93480618942631,-2938.676265499773,-2179.792846903332,123676.6983085544,109870.0485664456,0.0,107722.1953125
2025-03-19,104860.8203125,109910.29726368598,103935.08110720033,109489.5087779316,20847660,113461.75859375,115957.04140625,14.163121078820211,-3471.41991333809,-2438.1182601902838,124360.82866778194,107553.25414471807,-0.04242578472865517,108563.765625
2025-03-20,105197.4453125,106712.28989204085,104776.65683175345,104860.81906454275,9433910,112064.7359375,115199.61953125,16.299560011826813,-3822.3980429739313,-2714.9742167470135,124608.41175619655,105790.82730630346,0.003205065862673011,106459.8125
2025-03-21,107722.1953125,108563.77230519132,105197.44921229221,105197.44921229221,7388520,110937.0203125,114610.5140625,25.490222489511865,-3852.416258010853,-2942.4626249997814,124353.91848713525,104867.10963786476,0.023716631632819642,103514.2890625
2025-03-24,108563.765625,108816.23719505883,107133.07575217827,108142.97715454648,5853730,110070.19375,114126.605859375,28.84614835317069,-3764.8988088744372,-3106.949861774713,124069.90628262633,104183.30543612369,0.0077820544246029535,106207.34375
2025-03-25,106459.8125,109321.1845982555,106459.8125,109237.02237006392,6473580,109144.45546875,113600.61875,27.173902806871666,-3821.2628936379333,-3249.8124681473573,124010.49225469964,103190.74524530035,-0.01957013544627024,104355.8671875
2025-03-26,103514.2890625,106459.8159225766,103261.80993087453,106459.8159225766,11194790,108058.81796875,112809.533984375,17.482495919149656,-4056.8461642516486,-3411.219207368216,123774.15931368516,101844.90865506484,-0.028057904767092155,101831.125
2025-03-27,106207.34375,106459.81531912791,101915.28926949335,102672.70397687709,7434060,107191.99140625,112174.141796875,25.94935574683926,-3980.3575132879923,-3525.0468685521714,123121.8138619115,101226.4697318385,0.025683594854303247,101410.34375
2025-03-28,104355.8671875,106375.66245805715,104355.8671875,106123.1833235709,3386520,106569.22265625,111488.2546875,25.867498186565456,-4022.7664440055087,-3624.590783642839,122597.35588694926,100379.15348805074,-0.017586398620647446,102672.703125
2025-03-31,101831.125,103850.92019577808,101831.125,103850.92019577808,6217245,105811.80078125,110667.714453125,24.923992518183255,-4211.553257171574,-3741.9832783485863,122096.11782463419,99239.3110816158,-0.024491054037397583,95519.2734375
2025-04-01,101410.34375,102841.02612955634,99979.66137044365,102672.70922118498,8997945,105012.30078125,109847.174609375,25.786155443645328,-4345.034840054723,-3862.593590689814,121467.95102006217,98226.39819868782,-0.00414070862403611,95098.4921875
2025-04-02,102672.703125,102925.18225309951,101662.80929580102,101999.44309255613,4508230,104793.4890625,109127.623828125,27.828719958938393,-4299.397328466817,-3949.954338245215,120648.6898976727,97606.5577585773,0.012371193925768804,95098.4921875
2025-04-03,95519.2734375,98969.75083986903,95519.2734375,96529.17479507103,13207635,103825.671875,107945.20390625,25.207726457325307,-4785.289426043615,-4117.021355804895,119970.73266527566,95919.67514722433,-0.07221824602505454,88450.015625
2025-04-04,95098.4921875,95855.91448250464,88870.80448285452,88870.80448285452,24810675,102563.3015625,106750.1609375,25.85224972618667,-5145.007500486492,-4322.618584741214,118900.05495326083,94600.26692173917,-0.004414928819409589,88618.3359375
2025-04-07,95098.4921875,95098.4921875,95098.4921875,95098.4921875,0,101216.77421875,105643.483984375,25.85224972618667,-5368.20533658292,-4531.735935109556,117805.4760620488,93481.4919067012,0.0,94761.859375
2025-04-08,88450.015625,90890.59940536378,88450.015625,89207.43791680025,18717860,99415.79453125,104280.125,24.137904712563497,-6012.262109603369,-4827.841170008319,117732.20356026306,90828.04643973694,-0.07247551714536668,99727.1796875
2025-04-09,88618.3359375,90890.60290027357,82306.4857834846,82306.4857834846,19427295,97926.19921875,102992.50859375,23.733333663400643,-6434.9219255356,-5149.257321113775,117281.74651260718,88703.27067489282,0.0019011908307108322,99727.1796875
2025-04-10,94761.859375,94761.859375,94761.859375,94761.859375,1156210,96781.65078125,101986.82109375,31.57891464012367,-6202.651570633112,-5359.936171017643,115568.33621630378,88405.30597119621,0.06702821294774795,97623.2265625
2025-04-11,99727.1796875,99727.1796875,96192.54738492193,98464.81424846496,22107600,96318.78203125,101444.00234375,38.758022614694035,-5553.89395630057,-5398.727728074228,114433.73499981056,88454.26968768945,0.05107125349659568,90806.4375
2025-04-14,99727.1796875,100989.55268760167,95940.07580932825,100989.55268760167,10600010,96108.3875,100960.094140625,40.950224486208334,-4982.315837307251,-5315.445349920833,113410.95472238705,88509.23355886296,0.0,92068.8046875
2025-04-15,97623.2265625,98464.81105563401,95687.59356989135,97707.3887923466,8926760,95729.67578125,100370.98828125,41.89813640891904,-4645.556411175101,-5181.467562171687,112240.7658593023,88501.2107031977,-0.02132281235252022,93920.28125
2025-04-16,90806.4375,97539.07591748038,90806.4375,96360.86513955465,20737030,94543.04921875,99668.269140625,30.977119461523586,-4872.562183023983,-5119.686486342146,112070.99337439775,87265.54490685224,-0.07238526151056376,94004.4453125
2025-04-17,92068.8046875,93667.80384767475,88281.69345438486,88365.85568237977,9867115,94198.00234375,99011.837109375,34.599144383853755,-4894.186277828398,-5074.586444639396,111571.11097869671,86452.56324005329,0.013805993895182243,92910.3828125
2025-04-18,93920.28125,96781.65351950418,92994.5420508859,92994.5420508859,8608325,94080.18125,98321.74140625,39.914160781696665,-4707.657893811003,-5001.200734473718,110372.26592023249,86271.21689226752,0.019910176078741446,92910.3828125
2025-04-21,94004.4453125,94677.70538609634,92573.75536937418,94256.91689496527,4982145,93970.7765625,97593.775390625,40.47618904094891,-4501.154956688406,-4901.191578916656,108766.23415135013,86421.31662989987,0.0008957210652020156,94256.9140625
2025-04-22,92910.3828125,93583.6428399067,87524.27234898122,93415.33350385475,10496395,94416.81328125,96916.30390625,37.39130908591161,-4375.345334080266,-4796.022329949378,107450.07331089576,86382.53450160424,-0.011706668814838148,94593.5390625
2025-04-23,92910.3828125,94004.43886323547,90638.11604300309,94004.43886323547,6567420,94846.01796875,96386.10859375,45.86667630462756,-4226.915056149883,-4682.200875189479,106583.66525862152,86188.55192887849,0.0,92152.9609375
2025-04-24,94256.9140625,95687.5964015663,93078.70329831209,93836.12558401383,8901115,94795.5234375,95788.587109375,48.70466595383733,-3955.0379574163817,-4536.76829163486,104906.4058703999,86670.7683483501,0.014388779495300754,92068.8046875
2025-04-25,94593.5390625,94593.5390625,92742.06085626445,94256.905286627,6191715,94282.159375,95300.470703125,49.23076117439777,-3670.103900489383,-4363.435413405765,103484.5906208432,87116.3507854068,0.0035649938980673013,92068.8046875
2025-04-28,92152.9609375,94593.54461421882,91900.48937131058,94256.9108185887,4431755,93524.7375,94816.5625,56.47057859881967,-3599.730414002537,-4210.69441352512,102504.25832383972,87128.86667616028,-0.0261393609746659,92068.8046875
2025-04-29,92068.8046875,92994.5362679804,91816.32556458152,92237.12158242358,3387325,92969.2953125,94349.485546875,56.047184634789254,-3510.285241809106,-4070.612579181917,101464.1431056711,87234.8279880789,-0.0009136407478077034,92068.8046875
2025-04-30,92068.8046875,92068.8046875,92068.8046875,92068.8046875,0,93095.53203125,93819.290625,43.98496411160563,-3400.2038648278394,-3936.530836311102,99814.73791661106,87823.84333338893,0.0,91395.5390625
2025-05-01,92068.8046875,92068.8046875,92068.8046875,92068.8046875,0,93095.53203125,93646.7671875,28.019328654393803,-3275.2090097590117,-3804.2664710006843,99634.81786408943,87658.71651091056,0.0,91395.5390625
2025-05-02,92068.8046875,92068.8046875,92068.8046875,92068.8046875,0,92910.384375,93495.2828125,28.019328654393803,-3139.9542485539714,-3671.404026511342,99481.98872791773,87508.57689708225,0.0,92321.28125
2025-05-05,91395.5390625,92321.27822384557,89964.85676665056,92152.96132532216,8242740,92649.49375,93310.13515625,30.526324532594074,-3051.9102632958384,-3547.5052738682416,99317.08073409824,87303.18957840177,-0.007339504053409524,92321.28125
2025-05-06,91395.5390625,92321.27822384557,89964.85676665056,92152.96132532216,8242740,92498.009375,93457.411328125,53.21098339001153,-2948.150328825286,-3427.6342848596505,99095.76192700474,87819.06072924526,0.0,96192.5546875
2025-05-07,92321.28125,93415.33734573053,91395.54205831006,91395.54205831006,6539130,92439.09921875,93642.55859375,51.42858405866934,-2759.411398498487,-3293.989707587418,98837.61269365298,88447.50449384702,0.010078010508373172,99558.8671875
2025-05-08,92321.28125,93583.6466887045,91648.01363383765,92237.12657851301,4515820,92245.5359375,93520.5296875,38.55424920813873,-2580.0927334447624,-3151.210312758887,98719.53581175822,88321.52356324179,0.0,99558.8671875
2025-05-09,96192.5546875,96445.02628226038,91732.18285437489,92910.39371134626,14541635,92405.4375,93343.7984375,60.15624660041804,-2101.3786021810665,-2941.2439706433233,97848.37954224795,88839.21733275204,0.04107727955437968,100568.765625
2025-05-12,99558.8671875,99895.50101056066,98212.33945632433,98464.8186041533,10022480,93146.028125,93335.3828125,75.48389106027811,-1433.8325893427682,-2639.7616943832127,97790.10352188449,88880.66210311551,0.03439713866987624,106291.5
2025-05-13,99558.8671875,99895.50101056066,98212.33945632433,98464.8186041533,10022480,93895.034375,93432.16484375,75.48389106027811,-894.4864814000321,-2290.7066517865765,98340.16834723258,88524.16134026741,0.0,105197.4453125
2025-05-14,100568.765625,101242.02568975868,99811.34332647976,100989.55411060751,9850785,94745.03046875,93920.28125,74.834455814411,-381.1665900614171,-1908.7986394415448,99608.53029073296,88232.03220926704,0.010092629346037598,99474.7109375
2025-05-15,106291.5,106291.5,100989.55160307074,100989.55160307074,13892345,96167.3,94631.416015625,82.3255946498033,481.86531585986086,-1430.6658483812637,102487.98117190835,86774.85085934165,0.05534359118842729,99474.7109375
2025-05-16,105197.4453125,106796.45212483013,104019.23454198304,106459.81831580625,8977245,97480.1640625,95195.27421875,88.94471728883896,1065.263554078978,-931.4799678892155,104348.62525589604,86041.92318160395,-0.010346303873057456,100316.2890625
2025-05-19,99474.7109375,101410.34404785564,98128.183227641,99979.66166409719,11404205,98288.08125,95468.7875,66.54136755298543,1053.6877671671245,-534.4464208779475,104797.54927363916,86140.02572636085,-0.05593556547913921,99558.8671875
2025-05-20,99474.7109375,101410.34404785564,98128.183227641,99979.66166409719,11404205,99095.9984375,95797.00390625,66.54136755298543,1032.6105806445557,-221.03502057344687,105208.30729989859,86385.70051260141,0.0,98296.5
2025-05-21,100316.2890625,100400.45129842416,98296.50125525692,98296.50125525692,9097995,99895.49921875,96167.29921875,67.75363488738475,1071.4639107975672,37.46476570075595,105682.59421442723,86652.00422307278,0.00842463476874291,98717.2890625
2025-05-22,99558.8671875,100989.55715497432,98464.8186041533,100989.55715497432,6928060,100619.2578125,96432.396875,65.61404548803583,1029.2730209083675,235.82641674227824,106018.753529445,86846.040220555,-0.0075789859510112054,98717.2890625
2025-05-23,98296.5,98969.76007346112,97286.60610927493,98548.97158241457,7303305,100829.65234375,96617.544921875,64.04111668558795,883.7862173381,365.41837686144265,106197.39765643548,87037.69218731452,-0.012760678016318732,100147.9609375
2025-05-26,98717.2890625,99138.07755598241,96781.65594362745,98212.338333681,4626910,100745.49453125,96945.761328125,64.64648422116005,793.296410782059,450.99398364556595,106329.35723398539,87562.1654222646,0.004271677676522656,99643.0234375
2025-05-27,98717.2890625,99138.07755598241,96781.65594362745,98212.338333681,4626910,100661.33671875,97278.185546875,63.286726111242565,713.3594237562938,503.4670716677116,106401.77994250854,88154.59115124146,0.0,98548.96875
2025-05-28,100147.9609375,100484.59472136774,98801.4333630951,98801.4333630951,6322930,100619.25625,97682.143359375,65.34652949666648,756.7289490351686,554.119447141203,106546.31373792927,88817.97298082072,0.014388602913853955,97707.390625
2025-05-29,99643.0234375,100484.60038352488,98885.601161651,100316.2834821066,4523640,99954.40859375,98060.854296875,57.79467492714664,741.8043155751948,591.6564208280013,106554.70648260831,89567.00211114169,-0.005054668274060419,97707.390625
2025-05-30,98548.96875,100147.96799444647,98548.96875,100147.96799444647,3372950,99289.5609375,98384.8625,47.457615118012114,634.3825984418945,600.20165635078,106397.02712520325,90372.69787479675,-0.01104046423300069,98801.4375
2025-06-02,97707.390625,98548.9675728527,97286.60215107365,98044.02442856769,3353860,99112.82890625,98700.455078125,45.528443626151486,475.8564158053341,575.3326082416909,106020.81697501057,91380.09318123943,-0.00857636701436728,98548.96875
2025-06-03,97707.390625,98548.9675728527,97286.60215107365,98044.02442856769,3353860,98936.096875,99016.04765625,42.73501662637353,346.2321255253628,529.5125116984253,105507.72609360995,92524.36921889005,0.0,98296.5
2025-06-04,98801.4375,99306.38819694436,97875.70589720161,98212.33213409812,3908390,98784.61171875,99340.05546875,25.13958454991179,328.0033624795178,489.21068185464384,105021.05818733279,93659.0527501672,0.011134951944862725,97791.546875
2025-06-05,98548.96875,99474.70794033565,98044.02559968353,99306.3910365413,3304295,98683.621875,99651.43984375,26.627150028645985,289.84368074867234,449.33728163344955,104301.82598625694,95001.05370124307,-0.00255858493049541,97791.546875
2025-06-06,98296.5,98717.28849104655,98044.02841758545,98548.97158241457,2648220,98683.621875,99756.637109375,43.26919901276885,236.50347505358513,406.7705203174767,104166.54413108616,95346.73008766385,-0.0025651480833154042,97370.7578125
2025-06-09,97791.546875,98380.65226022611,96781.65300905048,97202.44148977389,3512905,98591.04765625,99668.27109375,40.90902569668143,151.73635834027664,355.76368792203675,104164.83996927326,95171.70221822672,-0.005150280695025402,100087.296875
2025-06-10,97791.546875,98380.65226022611,96781.65300905048,97202.44148977389,3512905,98498.4734375,99579.905078125,34.999911809783924,83.59418589151755,301.3297875159329,104154.31510905814,95005.49504719186,0.0,99323.2734375
2025-06-11,97370.7578125,98801.44015062481,97370.7578125,98464.81390469735,3862850,98220.753125,99420.0046875,36.45825275014311,-4.313415011551115,240.20114701043607,104071.79444231698,94768.21493268301,-0.004312202760923032,101021.09375
2025-06-12,100087.296875,100341.96960181056,98559.24526016247,98559.24526016247,6605945,98265.18046875,99109.79453125,59.39232722153111,143.5662350217899,220.87416461270686,102484.28636347488,95735.30269902511,0.027516836149122384,101021.09375
2025-06-13,99323.2734375,99917.51489889502,98898.81634035888,99832.61890327442,4776065,98342.6109375,98816.0859375,53.0677996133511,196.8425386374147,216.06783941764846,100613.74308503713,97018.42878996287,-0.007662855332885417,100851.3125
2025-06-16,101021.09375,101700.23115272242,97625.42961734791,97710.31797919486,9279465,98673.98125,98893.405078125,59.952197646061435,371.77866994723445,247.21000552356566,100927.77661526547,96859.03354098453,0.01694942545564463,99323.2734375
2025-06-17,101021.09375,101700.23115272242,97625.42961734791,97710.31797919486,9279465,99005.3515625,98970.72421875,54.30382681334051,504.60009852390795,298.68802412363414,101205.76800543968,96735.68043206031,0.0,98474.34375
2025-06-18,100851.3125,101275.76954415812,100341.95947081843,101021.08921607416,5290345,99210.3390625,98997.475390625,56.15938306208488,589.3682394483767,356.82406718858266,101311.73341612922,96683.21736512077,-0.0016820653519187484,98389.453125
2025-06-19,99323.2734375,101445.56655019287,98813.92034473829,100851.32508879785,7540205,99287.76953125,98985.695703125,53.77985890601438,527.170723911142,390.89339853309457,101290.30033358016,96681.09107266985,-0.015267360103725926,98389.453125
2025-06-20,98474.34375,99408.15386530913,98219.6710374563,99323.2655034568,6215635,99305.55390625,98994.587890625,53.74128608471762,404.7119463659037,393.65710809965645,101289.34716343433,96699.82861781567,-0.00858387388278446,98898.8125
2025-06-23,98389.453125,98729.02181857199,97200.97032448457,98049.88443142801,5275395,99365.34453125,98978.19609375,53.29985002056169,297.38445602286083,374.40257768429734,101285.94232603989,96670.4498614601,-0.0008624300822116041,99408.15625
2025-06-24,98389.453125,98729.02181857199,97200.97032448457,98049.88443142801,5275395,99425.13515625,98961.804296875,47.77081695284957,209.9069697880186,341.50345610504166,101281.97725681978,96641.63133693021,0.0,99323.2734375
2025-06-25,98898.8125,99323.26958065893,98729.02814233901,98729.02814233901,4912685,99577.940625,98899.346875,51.84174939047061,179.6110321990418,309.1249713238417,101151.32583997186,96647.36791002814,0.005163616854123309,100341.96875
2025-06-26,99408.15625,101360.6648893091,99323.26788611128,99323.26788611128,6900805,99510.0265625,98887.603515625,55.69818961181254,194.4594596470124,286.19186898847585,101125.66037955607,96649.54665169393,0.005136933646464413,100341.96875
2025-06-27,99323.2734375,100426.86036466944,98983.7047089922,100172.18763178223,4752145,99510.0265625,98926.31875,58.20474170218856,197.10550226696068,268.3745956441728,101166.4985072742,96686.13899272581,-0.0008542465355914704,100851.3125
2025-06-30,100341.96875,101445.56326845573,99832.61567371571,100087.29602535139,7887965,99442.1140625,99058.04765625,62.31719685239013,278.19583976388094,270.3388444681145,101306.25884889682,96809.83646360318,0.010204121063340683,100681.5390625
2025-07-01,100341.96875,101445.56326845573,99832.61567371571,100087.29602535139,7887965,99374.2015625,99189.7765625,64.95730865586175,338.5578325063252,283.98264207575664,101413.37172189014,96966.18140310986,0.0,100172.1796875
2025-07-02,100851.3125,101445.55388721864,100341.95947081843,101021.08921607416,5300810,99374.2015625,99292.2703125,54.94501493708625,422.623193401334,311.7107523408721,101626.70717119945,96957.83345380054,0.005063239040385211,105095.8984375
2025-07-03,100681.5390625,100766.42742973198,99832.61725524442,100596.64306828086,4210955,99510.028125,99398.898828125,59.52385647767734,470.1269689640758,343.3939956655129,101784.6352151368,97013.1624411132,-0.001684821867442328,105095.8984375
2025-07-04,100172.1796875,101700.23121761378,100002.39533671105,100596.636750979,7249945,99679.81171875,99492.6828125,42.857142857142854,461.35479775010026,366.98615608243034,101843.15991574618,97142.20570925383,-0.0050719545557523955,105690.1328125
2025-07-07,105095.8984375,105859.9242249847,104416.76864139522,104671.44136156116,7340220,100350.45625,99857.900390625,68.75004942974255,841.9996944029699,461.9888637465383,103169.03031975984,96546.77046149016,0.047982749518252495,104246.984375
2025-07-08,105095.8984375,105859.9242249847,104416.76864139522,104671.44136156116,7340220,101021.10078125,100223.11796875,69.8413080998093,1130.6303149212763,595.7171539814859,104131.97810105827,96314.25783644173,0.0,105180.796875
2025-07-09,105690.1328125,106708.83887912065,105265.67576490127,105350.57175061286,9273830,101700.2328125,100639.08671875,82.6086504204532,1391.2840524792555,754.8305336810399,105012.88029334486,96265.29314415513,0.0056382858552284365,107897.328125
2025-07-10,104246.984375,106029.70867166377,103822.52729869723,105944.820307198,14028160,102184.115625,100847.07109375,77.86897735776185,1464.5219025320257,896.7688074512371,105497.25812041257,96196.88406708742,-0.01374860424160153,107897.328125
2025-07-11,105180.796875,106369.27976606331,104841.22815555702,105095.9008816457,5957230,102769.86796875,101139.947265625,80.303152839731,1579.7044414334086,1033.3559342476715,106112.69040096426,96167.20413028574,0.008917811028265363,106963.515625
2025-07-14,107897.328125,108576.45791643276,106114.59621514195,107982.21648880902,6875160,103525.40390625,101483.758984375,84.14644548220525,1868.6481891033472,1200.4143852188067,107301.02489741398,95666.49307133602,0.02549936501563482,107218.1875
2025-07-15,107897.328125,108576.45791643276,106114.59621514195,107982.21648880902,6875160,104280.93984375,101827.570703125,83.54439890869526,2073.7334821313125,1375.078204601308,108305.03687249376,95350.10453375625,0.0,107812.4375
2025-07-16,106963.515625,108491.56715569772,106963.515625,107472.86105057478,6440000,104892.16015625,102133.180859375,77.30067480589167,2136.2883871289378,1527.320241106834,108982.77318980344,95283.58852894657,-0.008692308596644148,107680.8515625
2025-07-17,107218.1875,107812.42890985172,106199.48902982372,107557.7561990543,5822450,105545.825,102527.9265625,78.18182629458606,2181.2691786555224,1658.1100286165718,109601.97961209099,95453.873512909,0.0023780929118150254,107680.8515625
2025-07-18,107812.4375,109595.16187159691,106963.52331171211,107557.76476891109,9584330,106309.85078125,102994.83125,77.50002875910226,2239.0573295250215,1774.2994887982618,110174.26237526628,95815.40012473373,0.005527133754286809,109438.109375
2025-07-21,107680.8515625,109730.98563576609,107680.8515625,109730.98563576609,7563700,106568.34609375,103459.401171875,76.75642850754491,2248.319739556391,1869.1035389498877,110586.33855265361,96332.46379109638,-0.0012212533803448115,109145.2265625
2025-07-22,107680.8515625,109730.98563576609,107680.8515625,109730.98563576609,7563700,106826.84140625,103923.97109375,75.85986970980821,2229.954736138723,1941.273778387655,110868.37647538958,96979.56571211043,0.0,108461.859375
2025-07-23,109438.109375,109535.73480709188,106118.844683876,107680.85159734612,6889600,107201.6390625,104450.9359375,79.59824128233228,2330.3337215107604,2019.0857670122762,111389.27036766743,97512.60150733258,0.016187404142263002,108657.1015625
2025-07-24,109145.2265625,110121.48082513416,108657.09943118291,109633.35369381709,4795100,107691.46328125,104937.789453125,80.78040816501547,2359.0578449901514,2087.0801826078514,111751.60688135268,98123.97202489733,-0.002679829059443852,108657.1015625
2025-07-25,108461.859375,109438.11373481098,108168.9830670567,109340.48829882988,6420800,108019.56953125,105394.71875,66.2834073219643,2300.165028257601,2129.6971517378015,111838.8773258771,98950.5601741229,-0.006280764534944556,103482.953125
2025-07-28,108657.1015625,108949.97784703504,107876.09813707322,108168.97442160826,7611000,108095.546875,105810.475390625,66.90851683529411,2243.3861010083783,2152.434941591917,111947.6767275247,99673.2740537253,0.001798481710519031,103580.5859375
2025-07-29,108657.1015625,108949.97784703504,107876.09813707322,108168.97442160826,7611000,108171.52421875,106226.23203125,64.92955310249394,2173.3355329241167,2156.615059858357,111913.7351405178,100538.72892198218,0.0,101530.453125
2025-07-30,103482.953125,108949.97706367924,103482.953125,108657.10078125,16059500,107823.46796875,106357.8140625,47.20494693183221,1680.9326708019798,2061.478582047082,111628.20958857976,101087.41853642023,-0.048790171359482076,104068.7109375
2025-07-31,103580.5859375,105435.46919180018,102799.58246200517,104459.21484743166,7488200,107459.7078125,106502.76640625,43.76446420123513,1283.7793972498766,1905.9387450876409,111249.26100863585,101756.27180386415,0.0009430228052450095,104068.7109375
2025-08-01,101530.453125,104361.59076021635,101335.20225360576,103580.58727463942,8944200,106831.509375,106570.680078125,23.831141891622863,794.4461021905445,1683.6402165082216,110961.3179199665,102180.04223628351,-0.019991133569394585,103287.703125
2025-08-04,104068.7109375,104068.7109375,102311.4531543152,103971.08550510084,4617800,106470.2953125,106519.320703125,36.980364130997884,604.4939033299015,1467.8109538725575,111005.5849117748,102033.05649447521,0.024692578808604516,102409.078125
2025-08-05,104068.7109375,104068.7109375,102311.4531543152,103971.08550510084,4617800,106109.08125,106467.961328125,39.4882912611554,448.78213609344675,1264.0051903167355,111045.43000761658,101890.49264863343,0.0,103678.2109375
2025-08-06,103287.703125,106118.84054525047,102506.699698724,104459.20826441399,11395000,105494.040625,106347.83984375,36.25297700695901,259.36879340284213,1063.077910933957,111132.64549452139,101563.03419297861,-0.0075330344549308205,103873.4609375
2025-08-07,102409.078125,103678.20874046712,102018.57639716397,103482.95787654909,11814200,104820.42578125,106255.94453125,31.47013971272996,37.92251302242221,858.04683135165,111275.47668614631,101236.41237635369,-0.008542966383091289,103873.4609375
2025-08-08,103678.2109375,104849.71614583333,102409.08029513889,103092.45833333333,9565800,104342.0609375,106180.815234375,37.26708167152451,-34.76608642686915,679.4842477959462,111311.84507415345,101049.78539459655,0.01231661459647073,104947.34375
2025-08-11,103873.4609375,106899.84936707001,102799.58117216869,103385.33377144032,10278500,103863.696875,105979.621875,38.03680770756499,-75.74415053754637,528.4385681292476,111142.7168519505,100816.52689804949,0.0018814597428495423,102604.328125
2025-08-12,103873.4609375,106899.84936707001,102799.58117216869,103385.33377144032,10278500,103385.3328125,105778.428515625,30.344820735051684,-106.986290219269,401.35359645954435,110940.47834401143,100616.37868723857,0.0,101335.203125
2025-08-13,104947.34375,105630.72180232558,104068.7148255814,104849.71831395349,11011800,103531.771875,105677.619921875,35.94773771572184,-44.57866771670524,312.16714362429445,110820.93700688228,100534.30283686772,0.01028529969538895,98113.5625
2025-08-14,102604.328125,105240.21476569933,102409.07726272597,105044.9639034253,21845000,103434.14609375,105446.926953125,32.35293010031397,-182.08301712106913,213.31711147522174,110711.7559275005,100182.0979787495,-0.02257861997395373,98113.5625
2025-08-15,101335.203125,103287.71185573218,101237.5776884634,103287.71185573218,17905400,103414.62109375,105123.065234375,29.28180239783852,-388.9800656045845,92.85767605926048,110568.9795706115,99677.1508981385,-0.012446251841795777,97918.3046875
2025-08-18,98113.5625,100554.19838308457,97625.43532338308,98992.19141791045,11392300,102819.10625,104644.70078125,24.766384322236874,-803.643044438053,-86.44246804020223,110781.55452222943,98507.84704027056,-0.03230825566001108,95380.046875
2025-08-19,98113.5625,100554.19838308457,97625.43532338308,98992.19141791045,11392300,102223.59140625,104166.336328125,32.91928985330037,-1119.3631213652552,-293.02659870521285,110779.72833005847,97552.94432619154,0.0,99285.0703125
2025-08-20,97918.3046875,99089.80982832752,97625.42840229312,98211.18097270688,9153600,101686.6515625,103590.34609375,32.09875506455862,-1369.5420029023662,-508.32967954464357,110276.72728375843,96903.96490374158,-0.00199210342557445,96453.921875
2025-08-21,95380.046875,97918.30810197032,95184.7960113869,97723.05723835721,19969500,100983.7484375,102902.087109375,31.137719099002226,-1752.4258865521988,-757.1489209461547,110001.97371163948,95802.20050711052,-0.026264101048550564,96453.921875
2025-08-22,99285.0703125,100456.57556692479,95380.05279775074,95380.05279775074,12624800,100544.434375,102443.24765625,36.46411600026173,-1720.9236307331012,-949.9038629035441,109208.49820783544,95677.99710466455,0.04012580610210384,97625.4296875
2025-08-25,96453.921875,99577.9355389676,96453.921875,99577.9355389676,6736000,99802.48046875,101833.088671875,31.428582316347033,-1902.4773098693404,-1140.4185522967034,108437.9526625646,95228.2246811854,-0.02892980964200389,102506.7109375
2025-08-26,96453.921875,99577.9355389676,96453.921875,99577.9355389676,6736000,99060.5265625,101222.9296875,32.67328419312845,-2023.0395677695778,-1316.9427553912783,107415.24221134477,95030.61716365523,0.0,102018.578125
2025-08-27,97625.4296875,97625.4296875,95575.2956640625,96453.92453125,5812500,98328.33515625,100930.053515625,38.048791913166866,-2000.988980594324,-1453.7520004318874,107225.51988165284,94634.58714959715,0.012072608773325206,102018.578125
2025-08-28,102506.7109375,102604.33637648809,98796.94425595237,98992.19513392857,19436400,98318.5734375,100876.359765625,47.520675914750086,-1571.5196290399908,-1477.3055261535083,107094.48481334688,94658.23471790313,0.048790259437589335,102018.578125
2025-08-29,102018.578125,102604.33072667464,100358.94575358852,102604.33072667464,6280200,98386.9109375,100900.766015625,46.12245671213073,-1256.0711064086354,-1433.0586422045337,107133.51546595315,94668.01656529686,-0.0047733338167399025,100749.4453125
2025-09-01,102018.578125,102018.578125,102018.578125,102018.578125,0,98777.4125,100798.259375,46.12245671213073,-994.6106273509358,-1345.3690392338142,106877.17052718186,94719.34822281812,0.0,100749.4453125
2025-09-02,102018.578125,102018.578125,102018.578125,102018.578125,0,99167.9140625,100695.752734375,43.58974885109241,-778.4280796293606,-1231.9808473129235,106609.35322251069,94782.1522462393,0.0,102506.7109375
2025-09-03,100749.4453125,100847.07074400436,97625.43150436046,99577.94013444766,9744200,99451.028125,100568.83984375,45.739918360023324,-701.4246773731138,-1125.8696133249616,106355.81659126676,94781.86309623324,-0.012518239950954073,99480.3125
2025-09-04,100749.4453125,100847.07074400436,97625.43150436046,99577.94013444766,9744200,99987.96796875,100485.858203125,48.571418772437994,-633.1009328432847,-1027.3158772286263,106208.9719445547,94762.7444616953,0.0,99480.3125
2025-09-05,102506.7109375,102994.83813244048,100749.45303571428,100847.07847470239,11033600,100310.13203125,100427.283203125,61.53844259762133,-432.1753745040478,-908.2877766837106,106035.65581525321,94818.91059099679,0.017291573767693913,99675.5625
2025-09-08,99480.3125,101432.82108684986,99480.3125,100554.19222276742,10600300,100612.77109375,100207.62578125,53.097323197772326,-511.2520873493195,-828.8806388168324,105587.14602632786,94828.10553617214,-0.029968508730992265,98796.9375
2025-09-09,99480.3125,101432.82108684986,99480.3125,100554.19222276742,10600300,100915.41015625,99987.968359375,53.57142219187938,-567.3805422867881,-776.5806195108237,105088.78419455071,94887.15252419928,0.0,99577.9375
2025-09-10,99675.5625,100554.19135651323,98601.68278648384,99577.93707149853,6460700,101120.4234375,99724.379296875,60.99996078773441,-589.3144537929475,-739.1273863672485,104259.6130494359,95189.14554431412,0.0019607763271413557,99480.3125
2025-09-11,98796.9375,100456.5698493083,98699.31206768774,99675.56639081029,5498500,100749.44609375,99534.009765625,48.520696890245894,-669.8730516534124,-725.2765194244813,103875.75017629108,95192.26935495892,-0.008853929282509327,99480.3125
2025-09-12,99577.9375,100456.56636029412,98113.55606617646,98796.93406862745,7414200,100505.38203125,99446.146484375,60.81079473564685,-663.0528869953268,-712.8317929386504,103704.7379125798,95187.5550561702,0.007874021699337336,101042.3203125
2025-09-15,99480.3125,101042.31936947988,99089.81078263003,99480.3125,14123100,100251.55546875,99514.483984375,60.402671226843744,-657.9410441777873,-701.8536431864778,103726.64911051514,95302.31885823485,-0.0009808687439693251,102994.828125
2025-09-16,99480.3125,101042.31936947988,99089.81078263003,99480.3125,14123100,99997.72890625,99582.821484375,56.93429122007895,-646.4381354839425,-690.7705416459708,103743.31937699173,95422.32359175828,0.0,100554.1953125
2025-09-17,101042.3203125,102311.4509057971,99577.93885869565,100261.31687047101,17531600,100027.01640625,99739.022265625,42.71841416646466,-505.45445690063934,-653.7073246969045,103870.87096297917,95607.17356827082,0.01557968180966685,97332.5546875
2025-09-18,102994.828125,105240.2130035545,101530.44668246445,101530.44668246445,20018000,100251.5546875,100119.761328125,54.237265146459634,-233.48138513992308,-569.6621367855082,103952.94567258125,96286.57698366874,0.019139332515432768,97332.5546875
2025-09-19,100554.1953125,103775.83457979369,100554.1953125,103482.958282767,8198400,100056.303125,100183.217578125,44.75524318988302,-212.43066854518838,-498.21584313744427,104000.2066207636,96366.2285354864,-0.0239819355971045,95672.921875
2025-09-22,97332.5546875,100261.31761691323,97234.92925651955,100066.06675495235,16280200,99841.52734375,100227.14921875,36.36363636363636,-450.51405248326773,-488.675485006609,103880.11364187382,96574.18479562618,-0.03256332521099204,97137.3046875
2025-09-23,97332.5546875,100261.31761691323,97234.92925651955,100066.06675495235,16280200,99626.7515625,100271.080859375,39.26380729535392,-631.9125549705495,-517.3228989993971,103749.96577587366,96792.19594287634,0.0,95672.921875
2025-09-24,95672.921875,97625.43048469388,95184.79472257652,97625.43048469388,18291200,99226.4875,100173.45546875,35.55555950741811,-899.2249672614998,-593.7033126518177,104051.61354565906,96295.29739184096,-0.017198203375277103,93232.2890625
2025-09-25,97137.3046875,97137.3046875,95087.17061871859,95770.54864164573,7421100,99060.52421875,99904.98515625,34.463256656789355,-981.5933284038474,-671.2813158022236,103845.94755915453,95964.02275334546,0.015190179445665619,93232.2890625
2025-09-26,95672.921875,97137.3033322704,95575.2964445153,97137.3033322704,8627700,98670.02265625,99587.70234375,37.8881972141258,-1151.757558462341,-767.3765643342471,103822.96394275567,95352.44074474434,-0.015190179445665588,90791.6484375
2025-09-29,93232.2890625,95477.67403468586,93232.2890625,95477.67403468586,10430900,98045.2203125,99148.387890625,32.795701006554765,-1466.6460250783857,-907.2304564830747,104086.4254508452,94210.3503304048,-0.025841199546592822,91182.1484375
2025-09-30,93232.2890625,95477.67403468586,93232.2890625,95477.67403468586,10430900,97420.41796875,98709.0734375,32.065222355066155,-1696.6395983521652,-1065.112284856893,104113.30785102083,93304.83902397918,0.0,89913.0234375
2025-10-01,90791.6484375,93525.16043346774,90596.39758064516,93232.28414818548,12018800,96395.35078125,98211.18359375,29.499990196906154,-2052.1940478019824,-1262.528637445911,104573.77038802086,91848.59679947914,-0.026526807043865095,93232.2890625
2025-10-02,91182.1484375,92256.02813001873,89229.63990564775,90986.89758431478,7405100,95214.0828125,97732.81875,28.06122094848702,-2276.2245247464016,-1465.2678149060093,104701.61884447678,90764.01865552324,0.004291833287186099,93232.2890625
2025-10-03,89913.0234375,91182.15406148208,89815.398004886,90694.02689841205,7933800,94149.965625,97103.134375,26.44231120673105,-2527.0478383097216,-1677.6238195867518,104517.33034537506,89688.93840462493,-0.014016340294994448,93232.2890625
2025-10-06,93232.2890625,93622.7907967932,91279.78039103403,92060.78385962041,6580000,93739.9390625,96790.733203125,36.77686674636125,-2429.978842231867,-1828.0948241157748,104308.98484360347,89272.48156264653,0.036251314051673506,92256.03125
2025-10-07,93232.2890625,93622.7907967932,91279.78039103403,92060.78385962041,6580000,93329.9125,96478.33203125,32.300889342758836,-2326.2355679004395,-1927.722972872708,104045.1057966479,88911.5582658521,0.0,91963.15625
2025-10-08,93232.2890625,94013.29253108638,92939.4127617801,93720.41623036649,5997500,93085.84921875,96156.168359375,25.728161940061085,-2218.4454177216685,-1985.8674618425002,103698.40080055219,88613.93591819782,0.0,91767.90625
2025-10-09,92256.03125,94599.04156746031,92256.03125,93232.2855489418,5132100,92597.721875,95829.123046875,27.748688905862252,-2186.591132194473,-2026.012195912895,103455.99063212326,88202.25546162674,-0.010526450673054192,91767.90625
2025-10-10,91963.15625,92744.15970010616,91279.7782311571,92744.15970010616,5716300,92226.7453125,95448.383984375,32.919256510749975,-2160.0789012863243,-2052.825536987581,103047.49907579593,87849.26889295407,-0.003179638893474911,90205.90625
2025-10-13,91767.90625,92646.53513962767,91475.02995345744,92646.53513962767,7915000,92080.30703125,95062.763671875,32.51534103768698,-2130.2664252040413,-2068.313714630873,102582.7233807538,87542.8039629962,-0.002125389913313567,87472.3828125
2025-10-14,91767.90625,92646.53513962767,91475.02995345744,92646.53513962767,7915000,91933.86875,94677.143359375,36.30137511894165,-2082.63253168996,-2071.1774780426904,102032.46808845291,87321.81863029709,0.0,87667.6328125
2025-10-15,90205.90625,92256.04048295454,90205.90625,91865.53872429654,12659600,91875.29453125,94135.32265625,25.8503505053843,-2146.1828141881415,-2086.1785452717804,101102.67356928255,87167.97174321747,-0.01716772696559017,84934.125
2025-10-16,87472.3828125,90889.27276611328,87374.7573852539,90401.14562988281,18738600,91504.31796875,93359.200390625,23.749993122830247,-2389.573847465217,-2146.857605710468,99590.53907972816,87127.86170152185,-0.03077178587139669,84934.125
2025-10-17,87667.6328125,89327.26505950723,87472.38195991091,87667.6328125,7928500,91279.77890625,92714.872265625,29.197060678987825,-2537.4577185801318,-2224.9776282844005,98459.6791423979,86970.0653888521,0.0022296455803173226,90791.6484375
2025-10-20,84934.125,89620.14568965517,84934.125,86203.25560344827,14580300,90449.9625,92094.95078125,24.24241542421389,-2842.461856563823,-2348.474473940285,98391.05338308032,85798.84817941967,-0.03167680810126782,94696.671875
2025-10-21,84934.125,89620.14568965517,84934.125,86203.25560344827,14580300,89620.14609375,91475.029296875,28.57142857142857,-3049.0324848238233,-2488.586076116993,98035.72873207707,84914.32986167293,0.0,92744.1640625
2025-10-22,90791.6484375,90791.6484375,86398.50415826614,86886.63130040323,19520200,89376.08203125,91230.965625,48.97959600298216,-2708.8619337759737,-2532.6412476487894,97490.38474902406,84971.54650097594,0.06669134779391485,95672.921875
2025-10-23,94696.671875,96649.1805734536,92744.16317654638,92939.41404639174,18311100,89620.14609375,91108.933984375,60.986549659964524,-2099.96448214275,-2446.1058945475816,96965.73392204971,85252.1340467003,0.04211155188259632,95672.921875
2025-10-24,92744.1640625,94989.54908717105,91767.90970394737,94891.92365131578,6647600,89698.246875,90962.49609375,48.803833247309385,-1754.732463972643,-2307.831208432594,96475.16307651586,85449.82911098414,-0.020834077350180426,99773.1875
2025-10-27,95672.921875,97332.55419323979,94013.2895567602,96649.17617984694,12897800,90088.7484375,91084.527734375,55.23011949880749,-1230.6214850476536,-2092.389263755606,96908.0450020365,85261.01046671352,0.03109053205804189,99285.0703125
2025-10-28,95672.921875,97332.55419323979,94013.2895567602,96649.17617984694,12897800,90479.25,91206.559375,55.23011949880749,-805.9690487383632,-1835.1052207521575,97314.8983883218,85098.22036167819,0.0,100261.3203125
2025-10-29,99773.1875,99773.1875,96258.6720890411,96258.6720890411,20912700,91435.978125,91655.636328125,64.20664239331686,-136.99259950756095,-1495.4826965032382,98858.15986662175,84453.11278962824,0.04196417448964377,102506.7109375
2025-10-30,99285.0703125,100749.45188053098,98699.31768528762,99968.44837758112,9302800,92617.246875,92060.782421875,63.73628467433365,349.75729418617266,-1126.434698365356,100022.71613669443,84098.84870705557,-0.004904274469288233,100847.0703125
2025-10-31,100261.3203125,101042.32378134129,99187.44054284324,99675.56771086903,9730600,93876.615625,92578.197265625,65.48044093092506,805.0057032717305,-740.1466180379389,101264.48938119785,83891.90515005215,0.009784770207251927,100847.0703125
2025-11-03,102506.7109375,103775.84164434523,101042.32935267857,101335.20566964286,20963600,95633.87421875,93041.918359375,68.09212595875697,1331.6274331447785,-325.79180780139535,102799.42276965643,83284.41394909358,0.022148288361658858,97820.6796875
2025-11-04,100847.0703125,102213.82634771298,99285.06341511375,101628.07376119313,10620700,97225.16875,93422.657421875,67.86883835082912,1596.654579818598,58.69746972260333,103786.83814544744,83058.47669830256,-0.016323054968362553,98601.6875
2025-11-05,100847.0703125,102213.82634771298,99285.06341511375,101628.07376119313,10620700,98230.7109375,93803.396484375,74.72925741736162,1786.1014374141087,404.1782632609044,104684.70418268902,82922.08878606098,0.0,93915.6640625
2025-11-06,97820.6796875,99577.93740643712,97039.67625686128,98504.05768930889,6751800,98543.11171875,94081.62890625,66.99347140221016,1672.7525559016212,657.8931217890479,105080.28462673647,83082.97318576353,-0.030469210591761588,93818.0390625
2025-11-07,98601.6875,99382.69096534654,97137.30600247525,97137.30600247525,5863600,99128.8640625,94413.55546875,74.47552682356839,1627.1863624841208,851.7517699280625,105542.92893021193,83284.18200728807,0.007952372630519289,98211.1875
2025-11-10,93915.6640625,98796.93558341997,93915.6640625,98796.93558341997,10072600,98953.13828125,94520.943359375,63.77245229213623,1199.1290835959517,921.2272326616404,105584.08103836128,83457.80568038872,-0.04869118733764477,96551.546875
2025-11-11,93818.0390625,95575.29681809313,93818.0390625,94501.417078564,6624200,98767.65,94623.45,55.63636649346296,842.3035336568137,905.4424928606751,105616.95556218488,83629.94443781511,-0.0010400371076140032,97625.4296875
2025-11-12,98211.1875,98211.1875,94208.5446694831,94208.5446694831,6635300,98611.45,95023.7140625,56.42857061198732,903.5910432924575,905.0722029470317,105922.52590294402,84124.90222205599,0.04576298291195904,98601.6875
2025-11-13,96551.546875,98308.80455321031,96356.29602186552,98211.17912664308,4757400,98338.09765625,95477.672265625,57.039691062223504,808.9180047643458,885.8413633104946,105792.85863009901,85162.485901151,-0.0170431042956634,97625.4296875
2025-11-14,97625.4296875,98504.0585546875,95868.171953125,96551.5499609375,4699900,98074.50859375,95975.562109375,53.87596406310823,811.1913983133854,870.9113703110728,105644.53408966605,86306.59012908394,0.011060979320978716,95672.921875
2025-11-17,98601.6875,99382.69096534654,98211.18576732674,98211.18576732674,5585100,97684.00625,96658.940234375,55.59701470253626,881.6063167827087,873.0503596054,104863.1231069523,88454.75736179769,0.009950366507984509,96649.171875
2025-11-18,97625.4296875,98699.3094140625,96453.92453125,98601.68398437499,6500100,97361.8421875,97293.50546875,45.33899296490795,848.8497884691169,868.2102453781434,103365.44745812338,91221.56347937661,-0.009950366507984412,98406.4375
2025-11-19,95672.921875,97137.3033322704,95672.921875,97137.3033322704,5169300,96844.42734375,97537.569140625,42.62947889616341,657.7567309474398,826.1195424920028,102854.59408126184,92220.54419998816,-0.02020269915167701,97820.6796875
2025-11-20,96649.171875,97332.54985795454,95770.54303977273,96258.67017045454,4593100,96727.2765625,97635.194140625,42.62947889616341,578.4216376646509,776.5799615265324,102802.1747749213,92468.2135063287,0.010152326923058686,97332.5546875
2025-11-21,98406.4375,98796.93923611111,95477.67447916667,95672.92534722222,7936900,96707.7515625,97918.3078125,41.46341860128463,649.8535473415104,751.2346786895281,102549.63355715785,93286.98206784215,0.01801858633626984,96649.171875
2025-11-24,97820.6796875,98699.30854696856,97234.92711452096,98308.8068316492,5061800,97098.253125,98025.695703125,43.404261695075014,651.6858613636578,731.3249152243541,102535.81826625786,93515.57313999215,-0.005970220230186198,97137.3046875
2025-11-25,97332.5546875,97918.30727338264,96649.17667063691,97332.5546875,4494900,97449.7046875,98108.67734375,42.500011670331155,606.7560690862592,706.4111459967352,102495.92937942156,93721.42530807843,-0.00500248965386511,94794.296875
2025-11-26,96649.171875,97820.67698863636,96551.54644886364,97430.1752840909,5830900,97293.503125,97952.4765625,47.2222211930928,510.1251975687919,667.1539563111465,102312.57060996916,93592.38251503084,-0.007045876452218574,95287.5
2025-11-27,97137.3046875,97430.1809830402,95770.54864164573,96844.4283919598,4780500,97352.07890625,97845.08828125,46.47887694356728,467.54322689192486,627.2318104273022,102172.66326068356,93517.51330181645,0.005037852522607017,95287.5
2025-11-28,94794.296875,97039.68186791967,94794.296875,96746.80556449537,6210400,97068.965625,97571.737109375,52.38095842971278,241.9465499867947,550.1747583392007,101947.08150904639,93196.3927097036,-0.024416241947698522,95287.5
2025-12-01,95287.5,96372.55434782608,94794.29347826086,95583.42391304347,3125100,96737.546875,97210.7765625,53.898431971905076,101.7836301894713,460.49653270925484,101027.36654183768,93394.18658316233,0.005189389409487528,95287.5
2025-12-02,95287.5,95977.98913043478,94103.80434782608,95484.78260869565,5560800,96503.75390625,96932.798046875,39.886004313350305,-9.190550622544833,366.55911604289497,100430.8012360915,93434.7948576585,0.0,94892.9375
2025-12-03,95287.5,95682.0652173913,94695.65217391304,95682.0652173913,6475300,96465.21171875,96654.81953125,45.060013336296954,-96.03139826019469,274.0410131822771,99697.01964133418,93612.61942116583,0.0,94202.4453125
2025-12-04,95287.5,95682.0652173913,94695.65217391304,95682.0652173913,6475300,96329.04453125,96528.160546875,40.02602356118836,-162.97472449185443,186.63786564745078,99576.90990225547,93479.41119149454,0.0,95583.421875
2025-12-05,94892.9375,96175.27449324324,94794.29619282745,96175.27449324324,5062500,95977.69453125,96342.723046875,33.35159308757247,-245.04100886717788,100.30209074452503,99310.52727014043,93374.91882360958,-0.004149354910419695,94301.0859375
2025-12-08,94202.4453125,95977.98878435865,94202.4453125,95287.49965641361,5278600,95615.87109375,96357.062109375,34.229784673151244,-361.6274630488042,7.916179985859188,99277.89131224515,93436.23290650484,-0.007303142427154718,94695.65625
2025-12-09,95583.421875,95682.06317724458,93117.38931888544,94202.44364357585,9961500,95440.9578125,96445.33125,49.56473767237999,-338.6856433842768,-61.404184688168016,99141.1157841651,93749.5467158349,0.014553253693678754,92426.90625
2025-12-10,94301.0859375,95780.70548672856,94301.0859375,95780.70548672856,3894100,95206.14921875,96249.826171875,38.91077631022596,-419.14622249743843,-132.9525922500221,98973.39011651657,93526.26222723343,-0.013506688323265823,92525.546875
2025-12-11,94695.65625,95287.5041015625,94301.091015625,94597.01494140625,5201600,94961.984375,96157.031640625,29.886376532722636,-445.93284818441316,-195.5486434369003,98962.5429431335,93351.5203381165,0.004175425260601396,93610.6015625
2025-12-12,92426.90625,94695.65635005337,92229.62363260405,94695.65635005337,5519800,94725.2453125,95897.10546875,25.275021218838745,-642.8205708943133,-285.00302892838295,99069.1264162682,92725.0845212318,-0.024250001166881557,94597.015625
2025-12-15,92525.546875,93117.3947228145,92229.62295109275,92624.18818296908,3524800,94449.05,95593.2984375,27.1487791453832,-781.8829753434693,-384.3790182114002,98837.72116215387,92348.87571284611,0.001066659378513882,94597.015625
2025-12-16,93610.6015625,94103.80810392518,90750.00362223393,92624.18847964963,6295300,94281.36015625,95392.55703125,36.08678388094939,-795.3675852355955,-466.5767316162393,98604.22692365422,92180.88713884579,0.011658852806760031,92624.1875
2025-12-17,94597.015625,94991.58086222628,93117.39598540147,93117.39598540147,4967800,94212.31171875,95338.76171875,38.87595321261303,-718.1801311883028,-516.897411530652,98566.66032098392,92110.86311651608,0.010482286629541412,92426.90625
2025-12-18,94597.015625,94991.58086222628,93117.39598540147,93117.39598540147,4967800,94143.26328125,95236.15390625,48.91305096418733,-649.5212411946995,-543.4221774634615,98418.81283472352,92053.49497777647,0.0,92722.828125
2025-12-19,92624.1875,93709.24187965921,92328.26357827475,92722.82880724175,4492600,93916.38828125,94947.04140625,37.38319693973022,-745.7033146618633,-583.8784049031419,97963.28548057989,91930.79733192013,-0.021075616607813364,92328.265625
2025-12-22,92426.90625,93018.75410218783,92229.62363260405,92821.4714847919,6142400,93738.834375,94677.352734375,36.69727170472678,-828.2991321684822,-632.76255035621,97573.91527570484,91780.79019304516,-0.002132182207002081,92328.265625
2025-12-23,92722.828125,94597.0129488032,92328.26289893617,92722.828125,6006900,93452.775,94446.86640625,38.392868507809084,-859.9653452329949,-678.203109331567,97182.99675971373,91710.73605278628,0.0031965709049270887,91243.2109375
2025-12-24,92328.265625,92920.11348157052,91835.0590778579,92821.4721721421,3901500,93255.49296875,94230.82109375,37.0689855294116,-906.4499526740401,-723.8524780000616,96916.66125749,91544.98093000999,-0.004264369260679596,93018.75
2025-12-25,92328.265625,92920.11348157052,91835.0590778579,92821.4721721421,3901500,93018.75390625,93990.369140625,38.392868507809084,-932.5396029178955,-765.5899029836285,96430.42868153816,91550.30959971184,0.0,95188.859375
2025-12-26,91243.2109375,91736.4174831081,89763.59130067567,91440.49355574325,6612400,92900.384375,93812.81484375,37.0689855294116,-1028.9100492295547,-818.2539322328137,96509.83261194594,91115.79707555407,-0.011821742075397091,94498.375
2025-12-29,93018.75,93610.59782608696,91243.20652173914,91243.20652173914,6300900,92949.7046875,93699.37734375,39.166672166744775,-951.0500457788148,-844.8131549420139,96325.14156682961,91073.6131206704,0.019272496725530486,94498.375
2025-12-30,95188.859375,95287.5006800518,93018.7506638601,93216.03327396372,7271200,93107.53046875,93694.4453125,53.48837923211759,-706.096303237282,-817.0697846010676,96307.99164242677,91080.89898257323,0.02306182584237011,94498.375
2025-12-31,94498.375,95682.07072025053,93906.52713987474,95484.78810020877,3082600,93097.66640625,93654.9890625,49.24242878794606,-561.2156710097479,-765.8989618828037,96189.91602212447,91120.06210287553,-0.007280272993049509,93709.2421875
2026-01-01,94498.375,94498.375,94498.375,94498.375,0,93087.80234375,93615.5328125,59.63304418844942,-441.30958398236544,-700.9810863027161,96066.64992605548,91164.4156989445,0.0,92722.828125
2026-01-02,94498.375,94498.375,94498.375,94498.375,0,93275.22109375,93595.8046875,59.25927827188886,-342.33689945684455,-629.2522489335418,96009.70065873752,91181.90871626248,0.0,96175.2734375
2026-01-05,93709.2421875,94399.73134046052,91933.69865131579,94399.73134046052,7029300,93403.4546875,93571.14453125,50.47618760267865,-323.84368836751673,-568.1705368203368,95968.96977891769,91173.31928358231,-0.00838581826531279,95188.859375
2026-01-06,92722.828125,93511.95857712766,92328.26289893617,93413.3172706117,5397500,93403.4546875,93428.11484375,40.95236011942028,-384.3524802392203,-531.4069255041135,95655.77204590524,91200.45764159475,-0.01058211997346186,96076.6328125
2026-01-07,96175.2734375,96273.91474358975,92722.82772435897,92821.46903044872,11427400,93788.15546875,93521.82421875,55.714278440710295,-151.97082523569406,-455.5197054504296,96042.51091584895,91001.13752165105,0.03655759141295195,98148.1015625
2026-01-08,95188.859375,96767.12025582901,95188.859375,96767.12025582901,5576200,94074.21484375,93546.484375,60.0,-46.86186604220711,-373.78813756878515,96124.52132205812,90968.44742794188,-0.010309380181127894,97556.25
2026-01-09,96076.6328125,98542.66548222536,94695.65451745379,94794.29582424281,10048700,94557.55703125,93728.970703125,63.50365047899349,106.84202994745283,-277.66210406553756,96483.94609190179,90973.99531434821,0.009283219914841868,98444.0234375
2026-01-12,98148.1015625,98148.1015625,96668.48194095478,96668.48194095478,9076600,95070.4921875,94010.0984375,67.74194537370921,391.2931076607638,-143.87106172027728,97336.28820317614,90683.90867182385,0.02133144683705605,97161.6875
2026-01-13,97556.25,100318.20652173914,96569.83695652174,98345.38043478261,9411100,95307.23125,94207.380859375,66.87896257672921,562.4812278616591,-2.600603803889996,97883.4483597171,90531.3133590329,-0.006048443605013512,103869.296875
2026-01-14,98444.0234375,99726.36041614479,96471.19731650801,97654.8929891032,11900400,95701.79609375,94399.73125,68.6746844242487,761.01246545084,150.122010047056,98535.48918085048,90263.97331914952,0.009058961940886897,104362.5
2026-01-15,97161.6875,100318.20932741117,97063.0461928934,98444.02449238578,7401400,95968.12734375,94527.96484375,67.85713443865994,805.589770935796,281.215562224804,98844.56557771668,90211.36410978332,-0.013111624423785205,102685.6015625
2026-01-16,103869.296875,103869.296875,98148.10103573123,98148.10103573123,23871100,96905.21953125,95090.2203125,75.2293561316162,1366.41445020822,498.2553398214872,100998.65212348408,89181.78850151591,0.06675687569621423,103573.375
2026-01-19,104362.5,107223.09782608696,104066.57608695653,107223.09782608696,14710500,97970.5453125,95687.0,73.13432188897347,1829.5791695788212,764.5201057729541,102759.25043627246,88614.74956372754,0.004737067582216749,102093.75
2026-01-20,102685.6015625,105546.19949267533,102586.96025456293,104658.4277212416,12213100,98966.82265625,96185.138671875,69.66823755069714,2037.8379299737135,1019.183670613106,103763.65006307603,88606.62728067397,-0.016198507416352443,99627.71875
2026-01-21,103573.375,105052.99464285714,99726.36392857143,101797.83142857143,14517300,99706.6328125,96747.394140625,70.90908436354735,2248.599934642363,1265.0669234189575,104776.2717301882,88718.5165510618,0.008608390622455248,97161.6875
2026-01-22,102093.75,104362.5,102093.75,104066.57608695653,8095100,100397.121875,97235.668359375,66.38295835844175,2270.0690273640357,1466.0673442079733,105320.55025855404,89150.78646019597,-0.014388789924878007,100712.7734375
2026-01-23,99627.71875,103178.80575495049,99627.71875,102192.3926980198,9418000,100752.23046875,97654.89375,61.90475442166716,2064.299367503656,1585.7137488671099,105288.3741363652,90021.41336363481,-0.024451082226437024,103080.1640625
2026-01-26,97161.6875,100219.56802030456,96668.480964467,98838.58972081219,11183100,100653.5890625,97862.040625,58.42696562554322,1682.8386013167037,1605.1387193570288,105184.30422842616,90539.77702157383,-0.025063954333218768,104658.4296875
2026-01-27,100712.7734375,101107.33866154504,97753.53425716209,98246.74078721841,10585500,100969.24140625,98138.236328125,58.582087787901855,1648.0731914686185,1613.725613779347,105452.66235611854,90823.81030013146,0.03589616588834912,103080.1640625
2026-01-28,103080.1640625,104362.50103169857,100910.05534539474,101008.69665071771,11949800,101432.85546875,98567.32578125,64.18439586839924,1790.905547667775,1649.1616005570327,105988.78311626446,91145.86844623553,0.023234339256469512,102882.8828125
2026-01-29,104658.4296875,105743.48409519321,102291.03825253299,103573.37527980679,14247700,102182.5296875,99075.328515625,65.05190548488054,2008.3035911552288,1720.989998676672,106711.86794140637,91438.78908984365,0.015195019503661058,102488.3203125
2026-01-30,103080.1640625,104954.34886363636,102488.31623056221,104954.34886363636,10833200,102103.61640625,99504.41796875,58.80280884932554,2029.8415116521792,1782.7603012717734,107021.58901425212,91987.24692324788,-0.015195019503661084,100515.4921875
2026-02-02,102882.8828125,102882.8828125,100219.56753355704,101896.46974622483,9331400,101955.6546875,99963.1,59.64285966840202,2007.84631817654,1827.777504652727,107101.35152929995,92824.84847070006,-0.0019156961729463128,97654.890625
2026-02-03,102488.3203125,103967.93995127527,101501.90721998316,103474.73340501684,9097000,101935.9265625,100451.374609375,57.454551528811635,1936.2571059870534,1849.4734249195924,106796.22705547838,94106.52216327161,-0.00384243729841506,96273.9140625
2026-02-04,100515.4921875,102093.75310506624,100120.92695810844,101699.18787567467,11639700,101630.13828125,100668.385546875,56.02836859513834,1700.7264812689536,1819.7240361894649,106685.88055927509,94650.89053447491,-0.0194369771766746,97654.890625
2026-02-05,97654.890625,100515.48843118687,97654.890625,99824.99930555555,18088600,101186.25234375,100791.687109375,37.03703220843899,1268.6163061334664,1709.5024901782651,106425.2435000872,95158.13071866278,-0.028872127464579282,96471.1953125
2026-02-06,96273.9140625,98641.30539190574,95386.14231397286,96668.47928406762,9766800,100850.871875,100801.551171875,33.730166337971724,805.4479097323492,1528.6915740890822,106400.93344834742,95202.16889540259,-0.014242339174315485,97260.328125
2026-02-09,97654.890625,98049.45583964647,96569.83628472223,97457.60801767677,5108600,100900.1921875,100776.890625,39.7590315458808,543.5511664296791,1331.6634925572016,106429.56868313125,95124.21256686875,0.01424233917431556,97457.609375
2026-02-10,96471.1953125,98542.66269651073,95977.98879249745,98542.66269651073,6113500,100476.034375,100722.637890625,35.714278979500435,237.74125809932593,1112.8790456656266,106524.33043390587,94920.94534734414,-0.012195269658187593,94991.578125
2026-02-11,97260.328125,98148.09988273327,96076.63244802231,96865.76289934077,5507500,99894.05078125,100663.453125,40.00000646539462,58.388064158469206,901.9808493641951,106585.91209332556,94740.99415667444,0.008146709043326176,94991.578125
2026-02-12,97457.609375,97852.1745951417,97063.04415485829,97654.89198507085,4125200,99173.96875,100678.24921875,45.04504472363817,-67.05867541523185,708.1729444083098,106565.24495455889,94791.25348294112,0.0020263291614130347,94991.578125
2026-02-13,94991.578125,97161.68686721183,94991.578125,96767.12164135513,18508400,98365.11015625,100234.36328125,45.04504472363817,-361.29939815343823,494.2784758959603,106438.50727399062,94030.21928850938,-0.025629271465451464,94991.578125
2026-02-16,94991.578125,94991.578125,94991.578125,94991.578125,0,97575.9796875,99765.8171875,34.408608560614155,-587.7125068725,277.8802793422683,106071.8500104431,93459.7843645569,0.0,94991.578125
2026-02-17,94991.578125,94991.578125,94991.578125,94991.578125,0,96826.30546875,99381.116015625,24.691372510483134,-758.4041161894565,70.62340023592336,105873.16873334296,92889.06329790704,0.0,94991.578125
2026-02-18,94991.578125,94991.578125,94991.578125,94991.578125,0,96273.9140625,98952.026171875,16.438348733243686,-883.4940765809297,-120.20009512744726,105411.74265492696,92492.30968882304,0.0,93216.03125
2026-02-19,94991.578125,94991.578125,94991.578125,94991.578125,0,96007.5828125,98596.917578125,18.46153658695583,-971.4307227385725,-290.44622064967234,105110.06830406563,92083.76685218436,0.0,91243.2109375
2026-02-20,94991.578125,94991.578125,94991.578125,94991.578125,0,95879.34921875,98365.110546875,18.749996132758383,-1029.2565198964003,-438.208280499018,105051.49278512585,91678.72830862415,0.0,87889.40625
2026-02-23,93216.03125,95484.78121693121,91835.05300925925,95484.78121693121,22660400,95435.46328125,98167.827734375,16.901397452737328,-1204.471279551144,-591.4608803094432,105226.20075004463,91109.45471870535,-0.018868520335146535,89270.3828125
2026-02-24,91243.2109375,92722.83057432433,91243.2109375,92722.83057432433,28539000,94912.66484375,97694.349609375,16.90140687956523,-1485.3976115649712,-770.2482265605488,105284.34203970511,90104.35717904489,-0.021391127010043528,91637.7734375
2026-02-25,87889.40625,91243.210753367,87790.76494107745,90947.28682659933,47733100,93975.57265625,96934.81171875,16.326532811360124,-1956.1089566006995,-1007.420372568579,105260.16791470676,88609.45552279324,-0.03744931205966184,88382.609375
2026-02-26,89270.3828125,90947.28503107735,88678.53497064917,88777.17627762431,17525500,93156.85,96165.409375,25.850334638266332,-2192.444683975118,-1244.4252348498867,104327.96169256647,88002.85705743353,0.015590496486669804,88382.609375
2026-02-27,91637.7734375,92229.62127455598,89073.09947692411,89763.58862015608,18705600,92821.46953125,95593.28984375,30.573249692906458,-2163.771204750228,-1428.294428829955,103306.82853926567,87879.75114823433,0.02617378701241359,83943.75
2026-03-02,88382.609375,90256.79417201452,88086.68545968192,88875.81590053014,17245400,92160.57265625,94868.276171875,26.9662901350557,-2376.3190741067956,-1617.899357885323,102421.05993080561,87315.49241294438,-0.03616833668597557,83253.265625
2026-03-03,88382.609375,90256.79417201452,88086.68545968192,88875.81590053014,17245400,91499.67578125,94162.990625,23.52939806208809,-2515.7646233279665,-1797.4724109738518,101345.01238933322,86980.96886066679,0.0,80491.3046875
2026-03-04,83943.75,85817.93478260869,83055.97826086957,85719.29347826086,23755700,90394.89296875,93334.403515625,17.840367731159432,-2950.4441960986587,-2028.0667679988132,101219.89044922094,85448.91658202907,-0.05152829208799861,74868.75
2026-03-05,83253.265625,85620.65706457346,83253.265625,85324.73313462677,15906800,89221.06171875,92614.322265625,19.48717469657842,-3312.4631938979146,-2284.9460531786335,101415.6581334898,83812.9863977602,-0.008259576857316318,78419.8359375
2026-03-06,80491.3046875,83450.5438304228,80392.6633827359,83253.26122089461,23713900,87771.034375,91825.191796875,17.04035030332605,-3778.6748117589013,-2583.6918048946873,101972.23795431372,81678.14563943629,-0.033738192531943226,79110.328125
2026-03-09,74868.75,75657.88043478261,74868.75,74967.39130434782,17633000,85936.30625,90685.884765625,13.57142129785727,-4549.401384165554,-2976.833720748861,102968.9258079961,78402.8437232539,-0.07241258178848459,76644.296875
2026-03-10,78419.8359375,78518.47724056603,75361.95554245282,75361.95554245282,21099200,84653.96875,89783.316796875,23.417713428824143,-4818.124448624716,-3345.0918663240323,102900.92865347228,76665.70494027773,0.04634032426426345,75953.8046875
2026-03-11,79110.328125,79899.45858011223,77236.14329410848,78913.04551122195,10652800,83776.0609375,88875.816796875,25.077398849401675,-4918.673063102702,-3659.8081056797664,102322.60575175146,75429.02784199856,0.008766531968661978,77137.5
2026-03-12,76644.296875,78123.91650579151,76447.01425756112,77729.35127091377,12722400,82513.45234375,87835.151171875,23.275862461361,-5138.117654923335,-3955.4700155284804,101700.51771528528,73969.78462846471,-0.031668238942682704,78321.1953125
2026-03-13,75953.8046875,77433.42425933441,75263.31555397727,76052.44599228897,9026000,80945.05546875,86883.2625,24.03560900598849,-5306.575128943208,-4225.6910382114265,101283.62767258692,72482.89732741307,-0.009049875366031154,77532.0703125
2026-03-16,77137.5,78222.55434782608,76052.44565217392,76052.44565217392,8662000,79820.54453125,85990.55859375,28.26747244752808,-5283.65785284547,-4437.284401138236,100487.79357796189,71493.32360953811,0.01546422122546964,75756.5234375
2026-03-17,78321.1953125,80195.38008698048,78025.27140073993,78321.1953125,9218800,78814.403125,85157.039453125,34.20194834695445,-5111.064260001411,-4572.040372910871,99389.78415105015,70924.29475519987,0.015228716364889861,73586.4140625
2026-03-18,77532.0703125,79110.33128578245,77038.86375834924,78913.04866412214,6352700,78173.23515625,84284.0640625,30.23256181106879,-4980.545755522442,-4653.741449433186,98113.03925478262,70455.08887021737,-0.010126598764848272,72106.796875
2026-03-19,75756.5234375,76742.93650309245,75559.24082438152,76644.2951965332,11602900,77423.5609375,83322.311328125,22.711866955048137,-4963.168378730959,-4715.626835292741,96683.38094255245,69961.24171369754,-0.023167102578890583,74375.546875
2026-03-20,73586.4140625,75460.59887106234,72600.00100536193,75460.59887106234,21423700,76733.071875,82252.053125,23.591552143463318,-5066.1074396068,-4785.722956155553,95096.61549250563,69407.49075749438,-0.029064141514740828,75953.8046875
2026-03-23,72106.796875,75066.03614483585,70627.17724008208,72698.64472896716,13156200,76456.8765625,81196.59140625,22.40803136257682,-5207.056423174989,-4869.98964955944,93712.73370513562,68680.44910736437,-0.02031210719488272,73191.8515625
2026-03-24,74375.546875,74868.75341926393,73093.2098599138,74474.18818385279,5189700,76052.44765625,80353.208203125,32.490980509666244,-5077.163958185105,-4911.424511284574,92278.16492301662,68428.25148323338,0.03097890682122494,75066.03125
2026-03-25,75953.8046875,75953.8046875,74572.82642045454,75164.6742491883,7429300,75736.7953125,79756.428125,37.062929704039895,-4791.636030962996,-4887.4668152202585,91281.31521632733,68231.54103367268,0.02099810564177796,72994.5703125
2026-03-26,73191.8515625,75953.80822523584,73191.8515625,75953.80822523584,9743400,75391.55078125,78952.5015625,37.0629399677657,-4733.653020678292,-4856.704056311865,89912.34914128568,67992.6539837143,-0.03704122510288293,73685.0546875
2026-03-27,75066.03125,75263.31385512484,72994.56389618923,73487.77040900131,9080300,75302.7734375,78123.914453125,50.40322323097225,-4484.772760960317,-4782.317797241556,87426.08315333854,68821.74575291148,0.025284045544721016,74276.90625
2026-03-30,72994.5703125,74178.2660472973,72501.36375633445,73389.13555743243,7814800,74888.48046875,77354.5125,38.19742912345728,-4403.917330144686,-4706.637703822182,85565.5306368537,69143.4943631463,-0.027983083762260347,73685.0546875
2026-03-31,73685.0546875,74474.18512592035,73389.13077309237,73882.33729710508,5639200,74424.86640625,76619.634765625,38.19740811557255,-4235.300591412859,-4612.370281340318,83129.44895606086,70109.82057518914,0.00941493374320567,72994.5703125
2026-04-01,74276.90625,75263.31934760956,73980.98232071713,74868.75410856574,8534000,74099.35,76136.292578125,44.39251955973027,-4007.714696065552,-4491.439164285364,81727.02369119677,70545.56146505322,0.008000092934178341,72895.921875
2026-04-02,73685.0546875,74178.26121151271,73191.84816348729,74178.26121151271,5224400,73892.203125,75657.88203125,44.60093390457337,-3830.947926108929,-4359.340916650077,80228.88980031258,71086.87426218743,-0.008000092934178405,72994.5703125
2026-04-03,72994.5703125,74474.18998099663,72895.9290012669,73685.05949113176,6333100,73833.01875,75283.0453125,39.903846703040834,-3703.879290945086,-4228.248591509079,79391.27160516442,71174.81901983559,-0.009414933743205636,78025.2734375
2026-04-06,72895.921875,73487.76968453992,72501.35666864004,72994.56317658999,4593000,73911.93125,75184.40390625,36.04059281070478,-3569.9840328714927,-4096.5956797815625,79427.05329449847,70941.75451800151,-0.0013523630094816773,77236.140625
2026-04-07,72994.5703125,73487.77686866555,72797.28769003379,73487.77686866555,4713000,73773.83359375,74913.140625,37.89473420938108,-3416.527370900745,-3960.582018005399,78974.66810754602,70851.61314245398,0.0013523630094817362,76644.296875
2026-04-08,78025.2734375,78025.2734375,74079.62117770228,74967.39293615677,14610000,73980.98046875,74858.887890625,55.15695322089376,-2856.0533565829246,-3739.676285720904,78707.77417200574,71010.00160924427,0.06664773353515088,74967.390625
2026-04-09,77236.140625,78123.91235632185,77038.8580180396,78025.27105284164,6272100,74385.409375,74888.480078125,58.851674459831194,-2447.3386881677434,-3481.208766210272,78803.69407385308,70973.2660823969,-0.010165302339491578,75164.671875
2026-04-10,76644.296875,77926.63388835263,76249.73164012226,77532.0686534749,6099800,74543.2359375,74923.0046875,61.500006336091644,-2146.443350370464,-3214.255683042311,78889.61307917848,70956.39629582151,-0.007692292509205872,74079.6171875
2026-04-13,74967.390625,75953.80365953948,74868.74932154606,75855.16235608552,9559100,74740.51796875,74814.49921875,51.546381651466035,-2020.0085461091076,-2975.40625565567,78642.34530867764,70986.65312882236,-0.02212197046740681,73093.2109375
2026-04-14,75164.671875,76151.08489173229,74967.38927165353,75953.80228838582,7092500,74888.4796875,74656.673046875,47.77777044434031,-1882.1923627577926,-2756.763477076095,78118.53893875648,71194.80715499353,0.002628104353800889,74967.390625
2026-04-15,74079.6171875,75953.8019099534,73980.97588631824,75855.16060877164,10047800,74868.75078125,74484.050390625,52.760717416275206,-1839.3243040038215,-2573.2756424616405,77675.99949997326,71292.10128127673,-0.014540908904914286,75855.1640625
2026-04-16,73093.2109375,74572.83059210527,72994.56962719299,74572.83059210527,11316400,74809.56640625,74350.884765625,43.50651120618673,-1863.4649354187568,-2431.313501053064,77541.5337957851,71160.2357354649,-0.013404933958527427,74079.6171875
2026-04-17,74967.390625,76940.21669407895,73882.33628700658,73980.97759046053,12349600,75006.8484375,74419.93359375,56.578928857081074,-1711.635256351612,-2287.377852112774,77600.68011537005,71239.18707212995,0.025317738509640836,73586.4140625
2026-04-20,75855.1640625,75953.80536817295,75066.03361711638,75263.31622846228,6876800,75302.77265625,74607.351953125,57.14285714285714,-1502.3550312266307,-2130.3732879355452,77653.08156947128,71561.62233677873,0.011772558720960339,73290.4921875
2026-04-21,74079.6171875,76348.36711468043,74079.6171875,75953.8019099534,7119000,75411.27734375,74592.55546875,49.39757081697823,-1462.907254775695,-1996.8800813035753,77645.89251894967,71539.21841855033,-0.023685363272073705,72402.71875
2026-04-22,73586.4140625,74474.18581392427,73093.20753393097,74474.18581392427,8145000,74967.39140625,74474.1859375,49.696971733362005,-1454.6734084990312,-1888.4387467426666,77488.63231594033,71459.73955905969,-0.006680005615631165,72402.71875
2026-04-23,73290.4921875,74967.39443135935,73093.20957057537,73980.9813467362,7968500,74572.8265625,74479.11796875,50.93167060212515,-1455.2512180144695,-1801.8012409970272,77485.04110556799,71473.194831932,-0.004029527622340363,73389.1328125
2026-04-24,72402.71875,73093.20789339238,72205.43613760218,72994.56658719346,10459800,74148.66875,74345.95234375,48.520719764852316,-1509.9393917885172,-1743.4288711553254,77475.81801729137,71216.08667020864,-0.012187039049055179,74474.1875
2026-04-27,72402.71875,72402.71875,72402.71875,72402.71875,0,73892.2015625,74316.359765625,48.214273086549426,-1535.578965066903,-1701.8588899376412,77510.55482542866,71122.16470582136,0.0,74474.1875
2026-04-28,73389.1328125,73389.1328125,71909.51319934476,72402.71973706318,9503800,73714.64765625,74301.563671875,31.49605366221145,-1459.4791731617297,-1653.382946582459,77510.7778768424,71092.3494669076,0.013532019851533579,74474.1875
2026-04-29,74474.1875,74474.1875,72402.72003311258,72402.72003311258,9163000,73754.1046875,74311.427734375,39.230773917228696,-1296.6675186985522,-1582.0398610056777,77521.53545896469,71101.32000978531,0.014676718504859429,72698.640625
2026-04-30,74474.1875,74474.1875,74474.1875,74474.1875,0,73892.20234375,74350.884375,41.12902504672228,-1154.3316923391103,-1496.4982272723644,77547.94786758357,71153.82088241642,0.0,73290.4921875
2026-05-01,74474.1875,74474.1875,74474.1875,74474.1875,0,73842.88203125,74424.865234375,47.663565237344464,-1029.6602421448042,-1403.1306302468524,77557.60990647032,71292.12056227968,0.0,72304.078125
2026-05-04,72698.640625,74079.61887296473,72599.99932157395,73882.33626611262,8285900,73527.2296875,74415.001171875,39.837399420994615,-1061.8882271248294,-1334.882149622448,77569.18506728581,71260.8172764642,-0.02412990289209342,72008.15625
2026-05-05,73290.4921875,73487.77480442463,71810.87256056527,72698.64433672611,6841400,73448.3171875,74429.797265625,46.6101922439287,-1027.8235525123018,-1273.4704302004188,77558.59994096257,71300.99459028745,0.008108203584755634,70923.1015625
2026-05-06,72304.078125,73191.84988915415,72008.15420361528,73191.84988915415,9455600,73320.08359375,74143.7375,46.610160959379925,-1068.1099172459508,-1232.3983276095253,76914.04276658436,71373.43223341565,-0.013550356355612412,69048.9140625
2026-05-07,72008.15625,73290.49327910959,72008.15625,72895.92803938357,10186100,73191.85,73882.33828125,35.29415418732752,-1111.1074190487125,-1208.1401458973628,76399.0390325215,71365.63752997851,-0.004101139325423605,69640.765625
2026-05-08,70923.1015625,72304.07989612309,70923.1015625,72205.43858657859,13444300,73043.88828125,73596.278515625,25.961569216381818,-1218.6897967397672,-1210.2500760658438,76091.64392851225,71100.91310273776,-0.015183180344701707,69739.40625
2026-05-11,69048.9140625,70725.81626116071,69048.9140625,70725.81626116071,16909100,72708.5078125,73300.3546875,25.714318041244894,-1438.5976163354499,-1255.919584119765,76433.36021927866,70167.34915572134,-0.02678106060226934,72895.921875
2026-05-12,69640.765625,70528.53742475212,69048.91775849859,69147.55906958216,8533300,72333.67109375,73024.159375,31.132118469747084,-1547.2825626986014,-1314.1921798355324,76427.43717311922,69620.88157688078,0.008534955977087354,71909.515625
2026-05-13,69739.40625,70528.53673090522,69048.91707920792,69640.76493988684,11517600,71860.19296875,72807.148828125,32.69233844712764,-1606.932968678855,-1372.740337604197,76470.61466663581,69143.6829896142,0.0014154185655129944,73882.3359375
2026-05-14,72895.921875,74276.9000972598,70035.3241288904,70133.96543048037,21565500,71702.36640625,72797.284375,51.96848920558224,-1383.5531745758926,-1374.9029049985363,76458.56879837175,69135.99995162826,0.044267168645963285,73487.7734375
2026-05-15,71909.515625,73191.85266632373,71712.23300325789,73191.85266632373,6386100,71445.89921875,72644.390625,48.17519514109936,-1271.4612056966434,-1354.214565138158,76177.24423462148,69111.53701537852,-0.013624094850463448,76644.296875
2026-05-18,73882.3359375,74276.90114944927,71021.73815086782,71909.50987775368,18323700,71564.26875,72545.74921875,51.70066927653265,-1011.7742968231905,-1285.7265114751644,75800.34433359819,69291.15410390182,0.027065171585250597,75460.6015625
2026-05-19,73487.7734375,74770.11042365772,73290.49082424496,73980.97997063758,11279900,71583.996875,72516.15703125,46.42856536725858,-828.2607722434332,-1194.233363628818,75722.43357970283,69309.88048279716,-0.005354728234251552,74079.6171875
2026-05-20,76644.296875,77433.42734475547,71810.87274774775,73783.69892213642,25976600,72018.01875,72669.051171875,56.39535365609945,-423.24106113686867,-1040.0349031304281,76347.13849780006,68990.96384594995,0.04205615319539942,72501.359375
2026-05-21,75460.6015625,76841.57989174836,74671.47108864378,76644.29727328432,11809100,72363.26328125,72777.556640625,52.71739528124797,-195.52050259313546,-871.1320230229696,76655.44663129869,68899.66664995131,-0.015564511344582574,73487.7734375
2026-05-22,74079.6171875,76545.64971704394,74079.6171875,75756.51930758989,11668800,72678.91484375,72861.4015625,53.88888522217016,-125.04280142532662,-721.914178703441,76777.49265893221,68945.3104660678,-0.018470263673937667,72600.0
2026-05-25,72501.359375,74572.8267857143,72501.359375,73586.4137329932,10441000,73024.159375,72866.33359375,47.894729163323206,-194.30114821493044,-616.3915726057389,76780.24021567732,68952.42697182267,-0.021535111084376522,71200.0
2026-05-26,73487.7734375,73586.41474412751,72600.00167785234,72600.00167785234,5104800,73408.86015625,72871.265625,53.15789583381097,-167.66082634679333,-526.6454233539498,76788.19355447068,68954.33769552932,0.013513732907497309,71600.0
2026-05-27,72600.0,74276.90217391304,72106.79347826086,73487.77173913043,9176300,73694.91953125,72777.55625,51.530602348879384,-215.69764808718173,-464.4558683005962,76622.02290892042,68933.08959107957,-0.01215412276159686,72900.0
2026-05-28,71200.0,73100.0,71200.0,72800.0,10646900,73525.32734375,72613.846875,50.70462520253277,-362.55615346113336,-444.07592533270366,76432.87814977297,68794.81560022704,-0.019472103412820296,74800.0
2026-05-29,71600.0,72500.0,70800.0,71200.0,5446700,73494.37578125,72470.1375,57.018332316710136,-441.57571005371574,-443.5758822769061,76209.90163482852,68730.37336517147,0.0056022555486697516,76500.0
2026-06-01,72900.0,73400.0,72100.0,72200.0,5972700,73396.1421875,72480.20546875,58.6302613352575,-394.74971353731235,-433.8106485289874,76223.64213311655,68736.76880438346,0.017993565048012472,76100.0
2026-06-02,74800.0,75600.0,73000.0,73000.0,17368000,73527.36484375,72555.680859375,62.233139669716785,-201.99715542858758,-387.44794990890745,76426.6038336164,68684.7578851336,0.02572924596581916,75000.0
2026-06-03,76500.0,77700.0,75000.0,75100.0,25278600,73512.93515625,72765.476953125,59.372226863304064,86.9343035503698,-292.571499217052,77015.26391304917,68515.68999320084,0.022472855852058576,72900.0
2026-06-04,76100.0,77200.0,75800.0,76700.0,11304700,73576.875,72970.069140625,61.23994783013949,280.4055685219064,-177.97608566926033,77453.87916903326,68486.25911221674,-0.005242475964849983,73700.0
2026-06-05,75000.0,76000.0,74300.0,76000.0,11218100,73668.91328125,73173.9140625,53.14512267563517,341.0408266218583,-74.1727032110366,77636.53334873755,68711.29477626245,-0.014560151331329664,74200.0
2026-06-08,72900.0,74500.0,72800.0,73700.0,10914200,73708.77734375,73366.468359375,48.490849212497494,217.13921029992343,-15.910320508844599,77390.44838743978,69342.4883313102,-0.028399474521698,73100.0
2026-06-09,73700.0,74200.0,72600.0,73400.0,7772300,73730.0,73569.430078125,41.39955782586152,181.4084372807556,23.553431049075446,77191.5982517198,69947.26190453021,0.010914160180678553,73500.0
2026-06-10,74200.0,74500.0,73500.0,73500.0,4736000,73890.0,73792.459765625,46.1645207772457,191.23294916281884,57.08933467182413,76939.86226666262,70645.05726458738,0.006761350978043925,73600.0
2026-06-11,73100.0,73900.0,73100.0,73900.0,3507300,74080.0,73802.663671875,46.967588595573524,109.00163568965218,67.47179487538975,76939.13217995799,70666.195163792,-0.014935783417601926,73200.0
2026-06-12,73500.0,74300.0,73500.0,73600.0,5688200,74270.0,73882.187890625,53.33454027138367,75.2420409663464,69.02584409358109,76894.75555150179,70869.62022974822,0.005457039463058117,72300.0
2026-06-15,73600.0,75200.0,73500.0,74400.0,6422700,74340.0,73868.07109375,50.398311922738856,55.91196486157423,66.40306824717972,76883.28070970079,70852.8614777992,0.0013596195160396518,71600.0
2026-06-16,73200.0,74200.0,73100.0,73700.0,5819800,74180.0,73853.682421875,52.20588235294118,8.22131304317736,54.76671720637925,76879.26196218298,70828.10288156701,-0.005449604767564703,71500.0
2026-06-17,72300.0,73400.0,72200.0,73300.0,10652200,73760.0,73636.467578125,54.198473282442755,-101.03171972671407,23.607029819760584,76433.64206076639,70839.2930954836,-0.01237129180254683,70600.0
2026-06-18,71600.0,72300.0,71500.0,72300.0,13665800,73310.0,73443.4375,50.0,-241.31792238431808,-29.377960621055152,76243.4150315903,70643.4599684097,-0.009729055198119037,70800.0
2026-06-19,71500.0,71800.0,70800.0,71600.0,14295100,72960.0,73314.456640625,44.26229508196721,-356.45591110596433,-94.793550718037,76226.46104427322,70402.45223697677,-0.0013976242666379726,70800.0
2026-06-22,70600.0,71700.0,70300.0,71500.0,9260100,72730.0,73219.388671875,31.25,-514.3964331972238,-178.71412721387438,76358.45642283943,70080.32092091057,-0.012667305200765573,71000.0
2026-06-23,70800.0,71800.0,70700.0,70900.0,5737500,72440.0,73085.0,20.61855670103094,-616.3225239160383,-266.2358065543072,76400.84711729501,69769.15288270499,0.002828856200477623,70800.0
2026-06-24,70800.0,71200.0,70100.0,71000.0,5968500,72100.0,72995.0,21.505376344086017,-689.1555291924305,-350.8197510819319,76460.60543810777,69529.39456189223,0.0,70400.0
2026-06-25,71000.0,71700.0,70800.0,71000.0,6592100,71890.0,72985.0,26.190476190476204,-722.410384845527,-425.1378778346509,76473.49236022941,69496.50763977059,0.0028208763416412634,70200.0
2026-06-26,70800.0,71300.0,70300.0,71300.0,4333200,71620.0,72945.0,33.846153846153854,-756.1865779088257,-491.3476178494859,76517.68880021315,69372.31119978685,-0.0028208763416413406,70200.0
2026-06-29,70400.0,70800.0,70200.0,70700.0,4618200,71300.0,72820.0,22.950819672131146,-805.9407282813918,-554.2662399358671,76569.86315539929,69070.13684460071,-0.005665737535677308,72500.0
2026-06-30,70200.0,70800.0,70200.0,70500.0,6075800,71000.0,72590.0,15.517241379310349,-851.6918064561323,-613.7513532399203,76392.43689175774,68787.56310824226,-0.0028449521322312507,72300.0
2026-07-01,70200.0,70800.0,70200.0,70500.0,6075800,70790.0,72275.0,19.148936170212764,-877.8307787416707,-666.5672383402704,75742.67023260808,68807.32976739192,0.0,73000.0
2026-07-02,72500.0,73300.0,72500.0,72900.0,5690500,70880.0,72095.0,42.42424242424243,-704.8304774982535,-674.219886171867,75064.6535328678,69125.3464671322,0.03223825082886361,73200.0
2026-07-03,72300.0,73100.0,71700.0,72500.0,7490500,70960.0,71960.0,40.298507462686565,-577.2110907406168,-654.818127085617,74600.89299091895,69319.10700908105,-0.0027624326959100726,72100.0
2026-07-06,73000.0,74000.0,71900.0,72400.0,11200200,71200.0,71965.0,48.57142857142857,-414.8060317055206,-606.8157080095978,74613.7534307393,69316.2465692607,0.009635311983672092,72100.0
2026-07-07,73200.0,73700.0,72500.0,73000.0,4557200,71440.0,71940.0,57.142857142857146,-266.8840506186971,-538.8293765314177,74528.55781835341,69351.44218164659,0.0027359798188748455,70600.0
2026-07-08,72100.0,72800.0,71500.0,72400.0,6741600,71570.0,71835.0,53.731343283582085,-235.69863466043898,-478.20322815722193,74198.11569532364,69471.88430467636,-0.015141376676362443,70500.0
2026-07-09,72100.0,73000.0,71700.0,71800.0,4441900,71680.0,71785.0,54.54545454545455,-208.57959213292634,-424.27850095236283,74076.65534287719,69493.34465712281,0.0,70300.0
2026-07-10,70600.0,72300.0,70600.0,72000.0,7937300,71660.0,71640.0,50.0,-304.6136232907593,-400.3455254200422,73839.90430414138,69440.09569585862,-0.02102389979170699,66800.0
2026-07-13,70500.0,71300.0,70200.0,70300.0,7738400,71670.0,71485.0,47.88732394366197,-384.3597887472861,-397.148378085491,73535.18612762504,69434.81387237496,-0.0014174346809733935,68000.0
2026-07-14,70300.0,70900.0,70000.0,70300.0,6626800,71680.0,71340.0,46.57534246575342,-458.41322562920686,-409.4013475942342,73287.08959597354,69392.91040402646,-0.0028409110016037525,67000.0
2026-07-15,66800.0,70400.0,66800.0,70400.0,21271900,71340.0,71065.0,30.188679245283026,-790.4104969682812,-485.60317746904366,73825.072462819,68304.927537181,-0.05106871827401922,67100.0
2026-07-16,68000.0,68000.0,64700.0,66700.0,13030600,70890.0,70885.0,37.93103448275862,-945.7882964849996,-577.6402012722349,73950.78744070602,67819.21255929398,0.017804624633506686,64800.0
2026-07-17,67000.0,68400.0,67000.0,68300.0,3987800,70360.0,70660.0,36.0655737704918,-1136.5169052632264,-689.4155420704332,74164.82374359912,67155.17625640088,-0.014815085785140587,64600.0
2026-07-20,67100.0,67700.0,66100.0,66900.0,7346800,69770.0,70485.0,37.1900826446281,-1265.0191838756436,-804.5362704314754,74334.96240583305,66635.03759416695,0.00149142458667012,64700.0
2026-07-21,64800.0,67900.0,64800.0,66500.0,7540400,68930.0,70185.0,31.25,-1534.7572177301045,-950.5804598912014,74792.21402288236,65577.78597711764,-0.034878440619407106,62900.0
2026-07-22,64600.0,67500.0,64600.0,65000.0,10060700,68180.0,69875.0,17.886178861788622,-1744.5547403484961,-1109.3753159826604,75100.79633820851,64649.203661791486,-0.003091192569672858,62200.0
2026-07-23,64700.0,65700.0,64200.0,65000.0,6287300,67440.0,69560.0,18.85245901639344,-1881.067845074038,-1263.7138218009359,75240.02965151749,63879.970348482515,0.001546790718298733,63000.0
2026-07-24,62900.0,64500.0,62800.0,64300.0,5804800,66670.0,69165.0,12.030075187969928,-2110.1756297442043,-1433.0061833895898,75538.39040567662,62791.60959432338,-0.028215037800460006,65100.0
2026-07-27,62200.0,63700.0,62200.0,63100.0,4449500,65840.0,68755.0,10.144927536231876,-2321.468901155371,-1610.698726942746,75812.20236801886,61697.79763198114,-0.011191163961261104,67000.0
2026-07-28,63000.0,63700.0,61500.0,61900.0,5399400,65110.0,68395.0,16.296296296296305,-2396.7389126466733,-1767.9067640835315,75864.36902852067,60925.63097147933,0.012779726646399021,67100.0
2026-07-29,65100.0,65300.0,62500.0,63000.0,6114000,64940.0,68140.0,27.564102564102555,-2260.8765123889025,-1866.500713744606,75697.61031571648,60582.38968428353,0.03278982282299097,71700.0
2026-07-30,67000.0,67200.0,64800.0,65200.0,7571500,64840.0,67865.0,38.75,-1977.099685834939,-1888.6205081626726,75149.95927091985,60580.04072908015,0.028768070176442416,71500.0
2026-07-31,67100.0,67900.0,66500.0,67200.0,6253600,64850.0,67605.0,39.375,-1724.2591557902488,-1855.748237688188,74588.43151963901,60621.568480361,0.00149142458667012,70300.0
2026-08-03,71700.0,71700.0,67300.0,67400.0,16279100,65310.0,67540.0,53.431372549019606,-1139.5634794784419,-1712.5112860462389,74333.61929739286,60746.380702607144,0.06630670362793858,70700.0
2026-08-04,71500.0,73300.0,71300.0,72400.0,6584300,65980.0,67455.0,63.74269005847953,-684.4365139409492,-1506.896331625181,73987.98513214718,60922.01486785283,-0.002793297905612711,70800.0
2026-08-05,70300.0,72200.0,70200.0,72200.0,6877600,66550.0,67365.0,56.725146198830416,-415.7822074492724,-1288.6735067899992,73674.31641972603,61055.68358027397,-0.01692565088334278,71800.0
2026-08-06,70700.0,71400.0,70400.0,70400.0,4629700,67150.0,67295.0,61.21212121212121,-168.650973503376,-1064.6690001326747,73411.2337912712,61178.7662087288,0.005673774085907875,71200.0
2026-08-07,70800.0,71700.0,70300.0,71100.0,4301800,67940.0,67305.0,61.21212121212121,34.86952002691396,-844.761296100757,73444.59539212164,61165.40460787836,0.0014134277971469427,70800.0
2026-08-10,71800.0,72000.0,70700.0,70900.0,5252100,68900.0,67370.0,73.02631578947368,273.6976044734183,-621.069515985922,73677.2556380905,61062.74436190949,0.014025475354504458,69200.0
2026-08-11,71200.0,73100.0,71000.0,71600.0,6936800,69720.0,67415.0,71.15384615384616,409.8313161682745,-414.8893495550827,73822.32311294647,61007.67688705352,-0.0083916576362484,68300.0
2026-08-12,70800.0,71900.0,70600.0,71200.0,3685600,70290.0,67615.0,69.18238993710692,479.90950833754323,-235.9295779765575,74189.03985385044,61040.96014614957,-0.005633817718256019,68800.0
2026-08-13,69200.0,71300.0,69200.0,71000.0,7458000,70510.0,67675.0,70.06369426751593,401.7096929905383,-108.40172378313835,74285.63736078475,61064.362639215244,-0.022858138076050208,69000.0
2026-08-14,68300.0,69600.0,68000.0,69300.0,7123800,70630.0,67740.0,69.18238993710692,264.0692713597964,-33.9075247545514,74348.25639874791,61131.74360125209,-0.013091096046879453,68900.0
