Date,close,high,low,open,volume,sma_10,sma_20,rsi,macd,macd_signal,bb_upper,bb_lower,log_return,target
2023-12-21,18396.466796875,18464.099505004873,18227.38023140071,18328.832170685284,20774344,18433.665234375,18340.6681640625,53.84619371692471,95.98133603845054,128.2686913730895,18961.03947974086,17720.29684838414,0.0,18802.271484375
2023-12-22,18295.015625,18497.917594020306,18295.015625,18396.467568540116,25307053,18389.703125,18362.64921875,43.47824995166098,83.79006422888779,119.37296594424916,18940.30656110147,17784.99187639853,-0.0055299717381140185,18768.453125
2023-12-25,18565.552734375,18667.002762649303,18362.650759766417,18362.650759766417,29631399,18386.321484375,18401.5388671875,52.77780897299119,94.864933339868,114.47135942337293,18917.686924851998,17885.390809523004,0.014679207582752552,18903.720703125
2023-12-26,18802.271484375,18869.906113321867,18531.73488664746,18531.73488664746,48995852,18376.1765625,18438.73759765625,52.77780897299119,121.34429024060955,115.84594558682026,18957.955336608713,17919.51985870379,0.012669826062239936,18903.720703125
2023-12-27,18768.453125,18937.537769893745,18768.453125,18836.087750181425,28825249,18403.230078125,18464.100390625,52.054796688147036,138.00962335810982,120.27868114107818,18996.19948532034,17932.001295929662,-0.001800251065696278,18903.720703125
2023-12-28,18903.720703125,19072.80726827734,18700.81874300203,18768.453369062965,45459506,18464.1005859375,18511.44423828125,53.3333127979713,160.28432507143953,128.27980992715044,19021.551098648568,18001.33737791393,0.007181330181316767,18565.552734375
2023-12-29,18903.720703125,19005.172642216407,18802.270682093433,18903.720703125,29718229,18541.8796875,18546.9521484375,56.33799608888195,175.9094124528674,137.80573043229384,19062.72618798437,18031.17810889063,0.0,18802.271484375
2024-01-01,18903.720703125,18903.720703125,18903.720703125,18903.720703125,0,18633.185546875,18562.1697265625,50.0,186.14662436192884,147.47390921822085,19101.860349682796,18022.479103442205,0.0,18768.453125
2024-01-02,18565.552734375,19038.991314481686,18565.552734375,19005.173999036924,32215814,18650.094140625,18568.933203125,51.666684314233216,165.0695407509411,150.9930355247649,19105.043138555975,18032.823267694028,-0.018050905177860448,18802.271484375
2024-01-03,18802.271484375,18802.271484375,18531.73488664746,18531.73488664746,26971480,18690.674609375,18575.6966796875,62.29509748876367,165.5585687964558,153.90614217910309,19120.36079252035,18031.032566854647,0.012669826062239936,18836.087890625
2024-01-04,18768.453125,19005.17239507517,18734.635812409288,18802.270437590712,55958192,18727.8732421875,18580.76923828125,66.66666666666666,161.35724222902354,155.3963621890872,19130.876214925698,18030.6622616368,-0.001800251065696278,18734.63671875
2024-01-05,18802.271484375,18869.906113321867,18633.186830067756,18768.454169901568,25168096,18778.598828125,18584.1509765625,72.22222222222223,158.9245364955168,156.10199705037311,19139.05131426743,18029.25063885757,0.0018002510656963304,18497.91796875
2024-01-08,18836.087890625,19106.624475308025,18836.087890625,18903.720598250886,45366142,18805.65234375,18595.9869140625,65.1162634516921,157.90506969296257,156.462611578891,19162.236283630882,18029.73754449412,0.0017969122943012146,18599.369140625
2024-01-09,18734.63671875,18903.72137182369,18599.36937990303,18869.90597565688,41561902,18798.8888671875,18587.53271484375,60.86954884055551,147.21388319161633,154.61286590143607,19139.300470958835,18035.764958728665,-0.0054005569233426766,18362.650390625
2024-01-10,18497.91796875,18768.454572277562,18430.283338353118,18734.63725707912,47396910,18771.8353515625,18587.53271484375,52.830190735338505,118.27639937213826,147.34557259557653,19139.300470958835,18035.764958728665,-0.01271585802404487,18328.83203125
2024-01-11,18599.369140625,18700.819163940112,18531.734513041672,18565.551826833336,22164634,18741.4001953125,18602.750390625,58.49057220601553,102.34967334551038,138.34639274556332,19137.06129346996,18068.439487780037,0.00546947945205883,18802.271484375
2024-01-12,18362.650390625,18565.552361154678,18295.01576109513,18497.917731624806,41565678,18687.2931640625,18614.58642578125,44.2307606870263,69.82154414122488,124.64142302469564,19113.75560114899,18115.41725041351,-0.012808931411496458,18700.818359375
2024-01-15,18328.83203125,18565.551303053337,18328.83203125,18396.46665692519,18145789,18629.804296875,18631.494921875,34.78258140092585,40.84309465335173,107.88175735042687,19059.516794991705,18203.473048758296,-0.001843390711917456,18700.818359375
2024-01-16,18802.271484375,18802.271484375,18295.015603393353,18328.832917866785,28701974,18653.476171875,18651.78515625,50.847490810488026,55.440982686744974,97.39360241769049,19071.28497894704,18232.28533355296,0.025502345324441286,18802.271484375
2024-01-17,18700.818359375,18903.720315335657,18700.818359375,18836.08760872197,33991610,18643.330859375,18667.002734375,44.82758964064081,58.15314159966874,89.54551025408614,19069.230943388233,18264.77452536177,-0.0054104007378721845,19140.44140625
2024-01-18,18700.818359375,18836.08760872197,18667.001047038255,18734.63567171174,18351828,18636.5673828125,18682.2203125,44.82758964064081,59.615338564497506,83.55947591616842,19063.85477164528,18300.58585335472,0.0,19174.2578125
2024-01-19,18802.271484375,18869.906113321867,18667.00222648127,18768.454169901568,21576574,18636.5673828125,18707.58310546875,47.54103482752875,68.17468418008139,80.48251756895102,19045.82390273317,18369.342308204334,0.005410400737872147,19106.625
2024-01-22,19140.44140625,19377.160697088602,18836.089402357495,18937.539430968336,95930590,18667.002734375,18736.3275390625,63.934359487093545,101.08032269878822,84.60207859491848,19118.592618879746,18354.06245924525,0.017825761562135056,19106.625
2024-01-23,19174.2578125,19275.709754359636,19106.62510265347,19241.892440406424,31476891,18710.96484375,18754.92685546875,59.999936994049094,128.40678616559308,93.36302010905341,19184.030434543613,18325.82327639389,0.0017651927704121619,19174.2578125
2024-01-24,19106.625,19275.709650797733,19106.625,19140.44039571164,23430778,18771.835546875,18771.83544921875,58.928593528904585,142.95787322744582,103.28199073273188,19228.92177102766,18314.74912740984,-0.0035335069570543334,18937.5390625
2024-01-25,19106.625,19106.625,19106.625,19106.625,0,18822.5611328125,18781.9806640625,58.18181245399243,152.7291480112035,113.17142218842622,19259.92348534151,18304.037842783488,0.0,18937.5390625
2024-01-26,19174.2578125,19275.709754359636,19106.62510265347,19208.075126453212,20868579,18903.721875,18795.50751953125,58.928551169911806,164.03941218068576,123.34502018687814,19302.394940781982,18288.620098280517,0.00353350695705426,18768.453125
2024-01-29,18937.5390625,19208.075663631706,18937.5390625,19174.25834873275,31326900,18964.592578125,18797.1984375,55.0,152.1477882430372,129.10557379810996,19305.828435720934,18288.568439279064,-0.012422494533099827,18836.087890625
2024-01-30,18937.5390625,19005.17369229791,18836.089035863075,18937.5390625,25452398,18978.1193359375,18815.79775390625,62.2641283263954,141.09711093299484,131.50388122508693,19315.895286396208,18315.70022141629,0.0,18836.087890625
2024-01-31,18768.453125,19005.17239507517,18768.453125,18903.720457303032,35511418,18984.8828125,18814.1068359375,54.54541635994955,117.34289169084514,128.6716833182386,19314.62544999998,18313.588221875016,-0.008968710865143503,18937.5390625
2024-02-01,18836.087890625,19005.172536779453,18734.635952096432,18768.453264939286,15443617,18998.409765625,18817.48857421875,63.9999399342511,102.79016114709884,123.49537888401065,19317.622214617128,18317.354933820374,0.0035971633599973466,18971.35546875
2024-02-02,18836.087890625,18836.087890625,18836.087890625,18836.087890625,0,19001.79140625,18819.17939453125,65.30611042158031,90.21705133479554,116.83971337416764,19319.325073099953,18319.033715962545,0.0,19038.990234375
2024-02-05,18937.5390625,19140.44103383379,18869.906350762034,18869.906350762034,23567702,18981.501171875,18824.251953125,55.263129896875874,87.43118070453056,110.95800684024023,19327.169874806437,18321.334031443563,0.0053715475051461055,19038.990234375
2024-02-06,18971.35546875,19106.624721866992,18937.538155470753,19038.990095308498,21286755,18961.2109375,18836.087890625,61.111155675701696,86.9497568551269,106.15635684321757,19341.262656945237,18330.913124304763,0.0017840887020246978,19038.990234375
2024-02-07,19038.990234375,19140.44025689391,18971.35560732248,18971.35560732248,20049651,18954.4474609375,18863.14150390625,63.15795873205015,90.9770584263315,103.12049715984037,19349.671611528465,18376.61139628403,0.003558759372239873,19038.990234375
2024-02-08,19038.990234375,19038.990234375,19038.990234375,19038.990234375,0,18947.683984375,18885.12255859375,60.0,93.09557608552495,101.1155129449773,19361.084393149882,18409.160724037618,0.0,19038.990234375
2024-02-09,19038.990234375,19038.990234375,19038.990234375,19038.990234375,0,18934.1572265625,18918.93955078125,43.99998151814572,93.69446512237482,99.6313033804568,19330.32737879192,18507.551722770582,0.0,19038.990234375
2024-02-12,19038.990234375,19038.990234375,19038.990234375,19038.990234375,0,18944.30234375,18954.4474609375,41.666686720748515,93.09593698746176,98.3242301018578,19260.477658026313,18648.417263848685,0.0,19410.9765625
2024-02-13,19038.990234375,19038.990234375,19038.990234375,19038.990234375,0,18954.4474609375,18966.2833984375,45.45449772258903,91.56608232919825,96.9726005473259,19265.77312293787,18666.79367393713,0.0,19343.341796875
2024-02-14,19038.990234375,19038.990234375,19038.990234375,19038.990234375,0,18981.501171875,18983.1919921875,45.45449772258903,89.32399013449685,95.4428784647601,19256.627652978015,18709.756331396988,0.0,19749.1484375
2024-02-15,19410.9765625,19546.245814622136,19106.624581344873,19140.439976315567,53703381,19038.9900390625,19018.69990234375,61.29029854083139,116.22355102743313,99.5990129772947,19320.690517125822,18716.709287561676,0.019349714206300425,19749.1484375
2024-02-16,19343.341796875,19478.611048021157,19343.341796875,19444.793735234616,24275697,19089.7154296875,19045.75341796875,73.07679492106368,130.57885474238356,105.79498133031248,19362.681209729813,18728.825626207687,-0.0034904411769034536,19478.611328125
2024-02-19,19749.1484375,19884.415776101683,19241.892561138855,19377.159899740538,61384897,19170.8763671875,19076.18876953125,81.57888337340754,172.7098491587385,119.17795489599769,19522.077083500244,18630.300455562257,0.020762106251562253,19309.52734375
2024-02-20,19749.1484375,19850.598461936286,19647.69649500381,19749.1484375,31060748,19248.6556640625,19104.93330078125,93.93934620756282,203.75025960849234,136.0924158384966,19642.199296164144,18567.667305398354,0.0,19208.07421875
2024-02-21,19478.611328125,19715.330602974987,19410.97670157933,19681.513289702154,45853579,19292.6177734375,19123.5326171875,74.35891360364897,204.1664213542099,149.70721694163927,19686.199907189763,18560.865327185234,-0.013793364712847036,19478.611328125
2024-02-22,19309.52734375,19478.611997868044,19309.52734375,19410.97736899686,32544111,19319.671484375,19133.677734375,65.9091058253077,188.67761004981367,157.50129556327414,19702.346258508896,18565.009210241104,-0.008718389753870358,20526.939453125
2024-02-23,19208.07421875,19512.428111886366,19208.07421875,19309.52615581539,39640761,19336.5798828125,19135.3685546875,59.090849426120194,166.29920250306168,159.26087695123167,19704.745757528806,18565.99135184619,-0.0052678960008337135,20696.025390625
2024-02-26,19478.611328125,19478.611328125,19140.44011345651,19208.074740002176,27909908,19380.5419921875,19162.42216796875,64.70584904527917,168.45242238093124,161.0991860371716,19743.51832442962,18581.32601150788,0.013986285754704094,20966.560546875
2024-02-27,20526.939453125,20594.574082978248,19478.612280699417,19546.24691055266,126093858,19529.3369140625,19241.8921875,77.49994946388401,251.84704710141523,179.24875825002033,20074.00691387441,18409.77746112559,0.05242113449335332,20865.109375
2024-02-28,20696.025390625,20932.744669763946,20391.671483714963,20560.75613508281,51113013,19695.0404296875,19338.27080078125,78.82348544560107,327.80300111773613,208.9596068235635,20363.587485554435,18312.954116008066,0.008203528610825983,20831.29296875
2024-02-29,20966.560546875,21068.01249086046,20628.391236376658,20797.47589162583,48758886,19850.598828125,19444.79443359375,80.64511120743941,405.15815702946566,248.19931686474393,20673.036401815625,18216.552465371875,0.01298714194787618,21068.01171875
2024-03-01,20865.109375,21101.82864657176,20729.84012378195,21101.82864657176,39144032,20002.7755859375,19546.2455078125,78.12495299838706,453.05389046281925,289.17023158435904,20892.3253167789,18200.165698846096,-0.004850457606275502,20831.29296875
2024-03-04,20831.29296875,21237.09690394463,20763.65834019759,20966.56030779491,41497434,20110.9900390625,19640.933203125,77.3195569371911,482.7184253839623,327.8798703442797,21070.558092824795,18211.30831342521,-0.0016220302838317194,20966.560546875
2024-03-05,21068.01171875,21169.4636590174,20763.65781600765,20831.292442852588,43439774,20242.8763671875,19745.766015625,78.84612073920512,519.3423524545578,366.17236676633536,21272.827188410498,18218.7048428395,0.011299532077506027,20493.123046875
2024-03-06,20831.29296875,21068.01225062352,20628.391001152682,21034.194936347318,40742248,20378.14453125,19835.38115234375,70.99999191421676,523.2343340345979,397.58476021998786,21397.75582788734,18273.00647680016,-0.011299532077505945,20222.5859375
2024-03-07,20966.560546875,21203.279831447813,20696.025865700296,20763.658576964008,46844714,20543.8478515625,19931.75966796875,73.52941176470588,531.1113989516161,424.29008796631354,21524.795263441945,18338.72407249555,0.00647248789010716,20425.48828125
2024-03-08,20493.123046875,21000.37699160985,20459.30573361404,20966.55967834889,68711834,20672.352734375,20004.46630859375,60.57692361090671,493.46324298686886,438.1247189704246,21558.187675601654,18450.744941585846,-0.02283944493152055,20831.29296875
2024-03-11,20222.5859375,20696.024474828286,20154.95131272173,20493.12251855328,44162725,20746.7501953125,20063.64609375,56.24998710811239,436.7620038850073,437.8521759533412,21551.28817670246,18576.004010797544,-0.01328927323748183,20526.939453125
2024-03-12,20425.48828125,20560.75561531278,20154.951695064596,20188.769008095253,43756600,20736.605078125,20132.97099609375,62.72727511387055,403.5465533335773,430.99105142938845,21546.96246408831,18718.979528099193,0.009983451019911894,20357.853515625
2024-03-13,20831.29296875,20865.110283026206,20357.85440500296,20425.48903355537,42640884,20750.1318359375,20222.5861328125,69.23075404190789,405.2961149718176,425.8520641378743,21570.27488383994,18874.89738178506,0.019672779258983277,20019.685546875
2024-03-14,20526.939453125,20898.927999257907,20459.3067413317,20898.927999257907,44683848,20706.1697265625,20278.38427734375,65.85367342501928,377.7691820747459,416.2354877252486,21576.067297281716,18980.701257405784,-0.01471818266859494,20154.953125
2024-03-15,20357.853515625,20763.65743309119,20290.218890027358,20526.938161559276,52016012,20655.444140625,20329.10986328125,60.83332771819852,338.4090979579596,400.67020977179084,21549.934434867413,19108.285291695087,-0.008271383525919296,20290.21875
2024-03-18,20019.685546875,20425.489491161126,19613.87968452892,20391.672176127293,72746216,20574.2833984375,20342.63671875,42.424258334908494,276.7385491005516,375.883877637543,21542.21459626906,19143.05884123094,-0.016750692769123342,20459.306640625
2024-03-19,20154.953125,20696.026335758383,19884.41651962081,19952.0511504806,39165522,20482.9775390625,20362.926953125,41.836726876044985,236.05802789061272,347.9187076881569,21533.61739890739,19192.236507342608,0.0067340040263797795,20662.208984375
2024-03-20,20290.21875,20357.85337513088,20121.134105232617,20188.768730363496,18834182,20428.8701171875,20403.50732421875,39.36166356280602,212.28612491541207,320.79219113360796,21498.980170656327,19308.034477781173,0.0066888641118002835,20425.48828125
2024-03-21,20459.306640625,20662.20861112605,20357.854696344508,20526.939352085392,29000215,20378.1447265625,20460.9962890625,43.75001880069042,204.73069220788602,297.5798913484636,21427.869746363598,19494.1228317614,0.008298936464150081,20662.208984375
2024-03-22,20662.208984375,20763.659012428183,20425.48969483761,20526.939722890795,54281713,20395.0533203125,20533.70302734375,47.52476776202362,212.66402229791493,280.5967175383539,21302.222832273954,19765.183222413543,0.00986850739043575,20696.025390625
2024-03-25,20425.48828125,20932.74414059015,20324.036342158033,20662.207554404747,31000490,20415.3435546875,20581.046875,40.59405997211716,197.57236987074793,263.9918480048327,21172.05331712379,19990.04043287621,-0.011522832288111535,20662.208984375
2024-03-26,20662.208984375,20662.208984375,20357.855064095507,20425.48969483761,17389587,20439.015625,20587.8103515625,47.524770592887364,202.3805914962395,251.66959670311408,21179.30546024774,19996.315242877263,0.011522832288111488,20459.306640625
2024-03-27,20696.025390625,21034.1946933607,20696.025390625,20898.927355878397,35326434,20425.4888671875,20587.8103515625,45.91838538805896,206.53899023135455,242.64347540876219,21179.30546024774,19996.315242877263,0.0016352929131026226,20357.853515625
2024-03-28,20662.208984375,20865.110958541336,20594.574353632896,20865.110958541336,27753092,20439.0158203125,20572.5927734375,52.94118846137643,204.74566919497738,235.06391416600525,21138.15121278907,20007.03433408593,-0.0016352929131026816,20560.755859375
2024-03-29,20459.306640625,20696.025925886213,20459.306640625,20696.025925886213,21521253,20449.1611328125,20552.30263671875,54.21689262112506,184.82141965998017,225.01541526480025,21102.58517606417,20002.020097373326,-0.009868507390435668,20256.404296875
2024-04-01,20357.853515625,20526.938161559276,20256.403495288367,20425.48814122264,30142648,20482.9779296875,20528.6306640625,48.749988268393174,159.01189886008433,211.81471198385708,21069.024138019664,19988.237190105338,-0.004971111833206869,20019.685546875
2024-04-02,20560.755859375,20560.755859375,20154.951934309804,20222.586561173957,38185276,20523.558203125,20503.26787109375,44.59458299284845,153.1646048703078,200.08469056114723,20981.059708057383,20025.47603413012,0.009917443915936554,19918.232421875
2024-04-03,20256.404296875,20594.573602125587,20256.404296875,20526.93897385151,31203189,20520.1767578125,20474.5234375,44.59461779810499,122.55916892537425,184.57958623399264,20938.1862568689,20010.8606181311,-0.014913198373006012,20019.685546875
2024-04-04,20019.685546875,20324.03754605962,19985.868231841163,20256.4048340519,38291127,20476.2146484375,20427.1796875,43.421096628284474,78.30031832549139,163.3237326522924,20872.29791526572,19982.06145973428,-0.011754938312053976,20222.5859375
2024-04-05,19918.232421875,20121.134381998738,19782.965087812456,19918.232421875,34875297,20401.8169921875,20398.43515625,47.82604692430673,34.63914257543729,137.5868146369214,20896.700030912176,19900.170281587827,-0.00508055243666296,20053.5
2024-04-08,20019.685546875,20154.952888950393,19816.781656671985,19918.233601773492,24261177,20361.23671875,20388.29013671875,47.058843514014626,8.130047414277215,111.69546119239256,20909.370461008886,19867.209812428617,0.0050805524366628815,20222.5859375
2024-04-09,20222.5859375,20222.5859375,19985.866668835857,20019.683981224993,14284776,20317.2744140625,20378.14501953125,48.571459217198594,3.4539493473930634,90.04715882339266,20904.054368803772,19852.235670258728,0.010084028684742586,20256.404296875
2024-04-10,20053.5,20357.853902919687,20053.5,20256.403880653033,16167148,20253.021875,20339.25537109375,41.42854196146056,-13.737358389877045,69.29025538073873,20838.425479650075,19840.085262537425,-0.008396393390011062,19275.708984375
2024-04-11,20222.5859375,20391.67058138587,19918.232044057586,19918.232044057586,27945482,20209.0595703125,20324.0376953125,40.579698013963444,-13.561443700960808,52.71991556439882,20817.642305037873,19830.43308558713,0.00839639339001094,19174.2578125
2024-04-12,20256.404296875,20357.854321226216,20188.769668600922,20290.219692952134,20207338,20188.7693359375,20318.965234375,46.03178386604389,-10.571311573450657,40.06167013682893,20813.19133769352,19824.739131056478,0.0016709096273114918,18937.5390625
2024-04-15,19275.708984375,20256.403377603896,19005.17240161601,20188.768752399195,45167799,20080.5548828125,20281.76640625,25.88236892887234,-86.340249375844,14.781286234294349,20951.624609822447,19611.908202677554,-0.049625303765993355,18937.5390625
2024-04-16,19174.2578125,19309.527068312847,18836.08850908767,19275.709754359636,48531938,19941.905078125,20232.731640625,24.137965371902524,-152.81241379366475,-18.73745377129747,21065.454261198964,19400.009020051035,-0.005277060853648034,18802.271484375
2024-04-17,18937.5390625,19309.527608328575,18869.906350762034,19275.710293429616,22614900,19810.0185546875,20165.09765625,22.580679217629722,-222.0338398897511,-59.396730994988204,21178.326991043723,19151.868321456277,-0.012422494533099827,18937.5390625
2024-04-18,18937.5390625,18937.5390625,18937.5390625,18937.5390625,0,19701.80390625,20089.00927734375,24.137965371902524,-273.73685076400943,-102.26475494879246,21229.74425276617,18948.27430192133,0.0,18667.001953125
2024-04-19,18802.271484375,19174.25810746292,18599.369515594324,18802.271484375,37953102,19590.2078125,19996.01240234375,23.86369155363853,-321.91597547872516,-146.194999054779,21238.694579456504,18753.330225230995,-0.007168459799447325,19478.611328125
2024-04-22,18937.5390625,19072.808322095825,18836.089035863075,19072.808322095825,17991586,19481.9931640625,19921.61494140625,22.093063081879322,-345.2040188038882,-185.99680300460085,21232.3356635932,18610.8942192193,0.007168459799447344,19309.52734375
2024-04-23,18667.001953125,18971.35586086907,18565.55192925024,18937.53854689085,26658574,19326.434765625,19821.85458984375,22.35296116109042,-381.096995731823,-225.01684155004529,21197.352854700574,18446.35632498693,-0.014388782293448747,19208.07421875
2024-04-24,19478.611328125,19580.06134988365,18768.453503575034,18869.905443393538,33471504,19268.9458984375,19760.98388671875,42.156852752788126,-340.13152043909577,-248.0397773278554,21080.195374632953,18441.772398804547,0.042559644935825376,19208.07421875
2024-04-25,19309.52734375,19410.97736899686,19140.440771572037,19410.97736899686,16315252,19177.6400390625,19693.3498046875,41.346183215221274,-317.6481009953459,-261.9614420613535,20955.48116529291,18431.21844408209,-0.008718389753870358,19208.07421875
2024-04-26,19208.07421875,19309.52615581539,18971.354950323897,19140.43959403974,26577408,19072.80703125,19630.78818359375,38.46151283035235,-304.5060917332012,-270.4703719957231,20856.57749796891,18404.998869218594,-0.0052678960008337135,19208.07421875
2024-04-29,19208.07421875,19208.07421875,19208.07421875,19208.07421875,0,19066.0435546875,19573.29921875,34.6938895784197,-290.73949083855405,-274.5241957642893,20762.82551392438,18383.772923575616,0.0,19174.2578125
2024-04-30,19208.07421875,19208.07421875,19208.07421875,19208.07421875,0,19069.4251953125,19505.66513671875,36.55915848255595,-276.64042186595543,-274.9474409846225,20609.52936705212,18401.800906385382,0.0,19377.16015625
2024-05-01,19208.07421875,19208.07421875,19208.07421875,19208.07421875,0,19096.4787109375,19453.2486328125,32.95455291265385,-262.4415453561851,-272.44626185893503,20505.359634113207,18401.137631511796,0.0,19816.78125
2024-05-02,19174.2578125,19208.075126453212,18971.355846840623,19208.075126453212,10631689,19120.1505859375,19410.97724609375,31.818166901955223,-251.02388767353114,-268.16178702185425,20434.819452586307,18387.13503960119,-0.0017620823545727569,20391.671875
2024-05-03,19377.16015625,19681.51406970762,19174.258186631563,19174.258186631563,24269889,19177.639453125,19383.9236328125,52.30769367468996,-223.0318163389893,-259.13579288528126,20379.53494202552,18388.312323599483,0.010526420453299573,20763.658203125
2024-05-06,19816.78125,19850.598564339853,19478.61194272132,19512.429257061172,39361106,19265.563671875,19373.77841796875,62.666663586364734,-163.4895442382658,-240.00654315587818,20345.972130862854,18401.58470507465,0.02243405566172451,20594.57421875
2024-05-07,20391.671875,20425.48918953445,19782.965967559674,19884.4159931031,43762118,19438.0306640625,19382.23271484375,75.29411205135766,-69.11626644723219,-205.82848781414899,20387.871166673976,18376.594263013525,0.028597459453531596,20594.57421875
2024-05-08,20763.658203125,20966.560169382847,20121.134990298502,20391.671584662265,49788789,19566.5353515625,19417.740625,78.12498683953254,35.284684110665694,-157.60585342918606,20563.555589663865,18271.925660336132,0.01807768072179616,20425.48828125
2024-05-09,20594.57421875,20898.928137036146,20324.037615613423,20898.928137036146,28201760,19695.0400390625,19436.3400390625,77.31958947036867,103.19001489266157,-105.44667976481654,20647.38389060305,18225.296187521948,-0.008176603133531177,20425.48828125
2024-05-10,20594.57421875,20729.84156128831,20256.40490337425,20696.0261641987,27561718,19833.6900390625,19453.24853515625,76.34409203145881,155.2162425435963,-53.31409530313398,20720.63393597032,18185.86313434218,0.0,21101.830078125
2024-05-13,20425.48828125,20729.84026240622,20357.85365518869,20662.207554404747,19125018,19955.4314453125,19510.7375,78.88889673224928,180.72034905023975,-6.507206432459235,20846.66946664554,18174.805533354458,-0.008244107144578662,21372.365234375
2024-05-14,20425.48828125,20763.657575436875,20357.85365518869,20560.75561531278,22744128,20077.1728515625,19573.2990234375,71.21212518978425,198.64270772011514,34.52277639805564,20959.142036499583,18187.456010375416,0.0,21372.365234375
2024-05-15,21101.830078125,21203.280105361104,20459.306845429805,20459.306845429805,65500155,20266.5484375,19681.51357421875,82.71602561497254,264.37389893332147,80.49300090510881,21190.830097629874,18172.197050807623,0.03257622376223675,21642.90234375
2024-05-16,21372.365234375,21541.44988036485,21270.913295945193,21372.365234375,39790462,20486.3591796875,19803.2548828125,87.20933278084875,334.441039568359,131.28260863775884,21446.725862201925,18159.783903423075,0.012738973055007935,21541.451171875
2024-05-17,21372.365234375,21372.365234375,21068.01133714541,21372.365234375,41586586,20685.8796875,19931.7595703125,87.20933278084875,385.5256535750923,182.13121762522553,21646.071187425205,18217.447953199797,0.0,21169.46484375
2024-05-20,21642.90234375,21744.352366580682,21372.365752768397,21406.183066398582,67503480,20868.491796875,20067.027734375,88.29790371516381,442.73706468634555,234.25238703744955,21875.382099475846,18258.67336927415,0.012578821045711047,21947.25390625
2024-05-21,21541.451171875,21642.903116387322,21270.91457123542,21642.903116387322,30293802,20983.4697265625,20210.7501953125,85.56703854565288,474.4224122201049,282.28639207398066,22007.467701783244,18414.032688841755,-0.004698523898274238,21500.87109375
2024-05-22,21169.46484375,21609.08610672542,21068.012897804918,21541.451476095364,57764480,21024.050390625,20295.29287109375,77.57012725678926,464.16646844632487,318.6624073484495,22106.02565189619,18484.560090291307,-0.017419234647997165,21500.87109375
2024-05-23,21947.25390625,21947.25390625,21277.67647987717,21463.670742219576,49988664,21159.318359375,20427.17919921875,80.64517781770995,512.8873896384212,357.50740380644385,22318.068114787235,18536.290283650265,0.036082219082152034,21686.865234375
2024-05-24,21500.87109375,21947.255436434298,21203.280253253823,21798.46001618621,39800244,21249.948046875,20541.81904296875,70.04835298516208,509.60529567623234,387.9269821804016,22399.219075715242,18684.419010222256,-0.020548574616670676,21277.677734375
2024-05-27,21500.87109375,21798.46001618621,21314.876818439887,21500.87109375,20802012,21357.486328125,20656.45888671875,65.29854123610252,501.22638678077055,410.5868631004754,22449.148744082384,18863.769029355113,0.0,21017.287109375
2024-05-28,21686.865234375,21724.064089206,21426.473250557992,21575.268669881996,23185272,21483.6240234375,20780.3984375,63.421876987660596,503.7868723765714,429.2268649556946,22492.396300399847,19068.400574600153,0.008613338245513066,21277.677734375
2024-05-29,21277.677734375,21761.262844976663,21277.677734375,21649.666280991663,28511208,21501.2087890625,20883.87861328125,59.283086234875626,467.41005200431755,436.8635023654192,22438.692500052748,19329.06472650975,-0.019048259052044516,21277.677734375
2024-05-30,21017.287109375,21240.47831333363,20831.292841026225,21203.279459663878,35980164,21465.7009765625,20976.030078125,55.36481027129314,412.8111821741513,432.05303832716567,22306.48518441261,19645.57497183739,-0.012313234726496234,21798.458984375
2024-05-31,21277.677734375,21426.473153021667,20868.49225115662,21128.88423378828,23412576,21456.2322265625,21071.05595703125,60.57048305000569,386.1017906300185,422.86278878773624,22172.445909484024,19969.666004578477,0.012313234726496255,21761.26171875
2024-06-03,21277.677734375,21277.677734375,21277.677734375,21277.677734375,0,21419.709765625,21144.10078125,60.57048305000569,360.77560875778,410.44535278174504,22075.970522683856,20212.231039816143,0.0,21798.458984375
2024-06-04,21798.458984375,22170.44751738747,21575.267782627398,21575.267782627398,52343676,21445.410546875,21214.44013671875,58.98777251289929,378.36555904296983,404.02939403399,22119.152207430085,20309.728066007414,0.02418074901162821,21798.458984375
2024-06-05,21761.26171875,21947.254064372584,21649.66516054054,21798.45865342664,25338456,21504.590234375,21264.3203125,55.33892228927325,384.86769766050566,400.19705475929317,22174.374391162943,20354.266233837057,-0.0017078748011283421,21798.458984375
2024-06-06,21798.458984375,22058.85095748373,21500.870076024905,21761.262049133635,27485832,21489.7107421875,21324.51455078125,55.79044205470449,388.54331238039595,397.8663062835138,22206.882165803032,20442.146935759465,0.0017078748011283597,21649.666015625
2024-06-07,21798.458984375,21872.856690977493,21649.665489229894,21835.657837676248,19645428,21519.46953125,21384.7087890625,52.28172687576027,386.9952234870834,395.69208972422774,22220.43266685062,20548.984911274383,0.0,22021.65234375
2024-06-10,21798.458984375,21910.05554427874,21686.86434253114,21872.856690977493,26742804,21549.2283203125,21453.35732421875,53.88546632210028,381.372131351447,392.82809804967167,22175.10902572526,20731.605622712235,0.0,21947.25390625
2024-06-11,21649.666015625,22058.85149382787,21612.467161419292,21872.857222799328,35622048,21545.5083984375,21514.5662109375,57.78510139886933,360.75092910726744,386.41266426119086,22053.861655801396,20975.270766073605,-0.006849250706849817,21649.666015625
2024-06-12,22021.65234375,22021.65234375,21575.268017338825,21575.268017338825,25455408,21619.905859375,21560.55732421875,51.38891117123293,370.1577178648804,383.1616749819288,22108.466185404286,21012.648463033212,0.017036138997253203,21910.056640625
2024-06-13,21947.25390625,22096.049316123925,21798.45849637607,22058.850463655443,27124284,21712.9025390625,21589.3017578125,59.677397500410734,367.3744693944682,380.0042338644367,22155.649745576233,21022.953770048767,-0.0033841418788294222,21872.857421875
2024-06-14,21649.666015625,22282.044619062122,21649.666015625,21947.254931210744,45265968,21750.1013671875,21603.166796875,52.857150357898554,337.2680530285361,371.4569976972566,22160.661249557368,21045.672344192633,-0.01365199711842378,21835.658203125
2024-06-17,21910.056640625,22282.045192251215,21575.26886222138,21649.666572546623,45372492,21813.3392578125,21616.52451171875,54.166660589663756,330.6087960121695,363.2873573602392,22190.58377864979,21042.465244787712,0.011955710954023197,21835.658203125
2024-06-18,21872.857421875,22096.05054914064,21872.857421875,21947.255130963546,21825012,21820.7791015625,21633.09482421875,62.903274978997864,318.6563487513413,354.36115563845965,22217.07630348646,21049.11334495104,-0.0016992577354667888,21612.466796875
2024-06-19,21835.658203125,21984.453618820276,21761.262413337274,21947.254764896457,25315356,21828.21875,21666.4044921875,69.64290737118844,302.6930253418468,344.0275295791371,22213.896714230264,21118.912270144734,-0.0017021501279357203,21352.07421875
2024-06-20,21835.658203125,21872.85705704882,21538.06928979436,21761.262413337274,36661680,21831.938671875,21660.82470703125,65.30617055884994,286.7366548604259,332.5693546353949,22198.450966948785,21123.198447113715,0.0,21352.07421875
2024-06-21,21612.466796875,21835.65800028469,21575.267943296738,21835.65800028469,18859368,21813.339453125,21666.4044921875,58.181863310396444,253.16312814579942,316.6881093374758,22199.33682263096,21133.472161744037,-0.010274016174532188,21500.87109375
2024-06-24,21352.07421875,21649.665038970827,21017.286464061406,21575.26733391562,49956852,21768.7009765625,21658.9646484375,37.49995898021533,203.2019755913716,293.990882588255,22205.605166559846,21112.324130315155,-0.012121426656953108,21463.671875
2024-06-25,21352.07421875,21612.466186443224,21203.278808639585,21277.676513694794,21984600,21738.941796875,21642.22509765625,38.29780103401896,161.74293042091085,267.54129215478616,22205.518861939716,21078.931333372784,0.0,21054.486328125
2024-06-26,21500.87109375,21724.064224122136,21277.677963377868,21389.274528563932,26065776,21686.863671875,21653.384765625,42.000048304765265,139.28738442785834,241.89051060940062,22194.6833540593,21112.0861771907,0.006944562242617643,21091.685546875
2024-06-27,21463.671875,21612.467292726848,21352.075311704863,21575.268438295134,13306260,21638.50546875,21675.70400390625,41.176506923990026,117.13922827173519,216.94025414186754,22137.548715420053,21213.859292392444,-0.001731624519887679,21352.07421875
2024-06-28,21054.486328125,21500.870661842368,21054.486328125,21389.274098898044,29280636,21578.9875,21664.54443359375,33.871003255320815,65.8101822075696,186.71423975500795,22175.101059176977,21153.987808010523,-0.019248161134500705,21389.2734375
2024-07-01,21091.685546875,21203.280193687595,20868.49241712988,21054.48669191748,17895768,21497.150390625,21655.24482421875,37.288155201566255,27.81260308655328,154.93391242131705,22201.031582093754,21109.458066343745,0.00176524826596526,21352.07421875
2024-07-02,21352.07421875,21463.67077633281,21017.286464061406,21091.684169116616,28061088,21445.0720703125,21632.9255859375,33.9285479887714,18.497213177364756,127.6465725725266,22190.43589388894,21075.41527798606,0.012269975145805289,21314.875
2024-07-03,21389.2734375,21649.6654096516,21352.074584335485,21575.26770332257,22773696,21400.43359375,21614.326171875,36.36364504217597,13.95549536330509,104.90835713068229,22178.588470694136,21050.063873055864,0.001740667067484059,21426.47265625
2024-07-04,21352.07421875,21612.466186443224,21277.676513694794,21463.67077633281,12345960,21352.0751953125,21592.00693359375,41.66662108932758,7.270673410828749,85.38082038671158,22160.896886915725,21023.116980271778,-0.0017406670674839932,21575.267578125
2024-07-05,21314.875,21538.06811133082,21277.67614811153,21352.07385188847,16318236,21322.316015625,21567.827734375,30.95235416408829,-1.017038428417436,68.10124862368578,22140.863406279077,20994.792062470926,-0.0017437022733745248,21538.068359375
2024-07-08,21426.47265625,21612.466925246066,21314.876094852363,21352.074948651574,24327732,21329.755859375,21549.22841796875,36.36366890807444,1.4037073633808177,54.76174037162479,22114.84475237029,20983.612083567208,0.0052220117506624145,21463.671875
2024-07-09,21575.267578125,21724.06298991962,21389.273313381724,21426.47216633038,29763624,21352.0751953125,21545.50849609375,42.55322001179688,15.153986781588173,46.84018965361747,22109.319270572538,20981.69772161496,0.0069204415872666705,21203.279296875
2024-07-10,21538.068359375,21947.253816800767,21538.068359375,21649.66491632562,40880136,21355.794921875,21521.329296875,41.666684897582364,22.786843670135568,42.02952045692109,22038.730091986297,21003.9285017637,-0.0017256483253861269,21166.08203125
2024-07-11,21463.671875,21761.262710453695,21463.671875,21686.86500159027,19155840,21355.794921875,21497.1501953125,45.45455630269148,22.572560784581583,38.138128522453194,21974.381694822616,21019.918695802386,-0.003460165016438365,21166.08203125
2024-07-12,21203.279296875,21538.068977332434,21166.082361550725,21500.870123948276,23826528,21370.67421875,21474.830859375,45.45455630269148,1.3753806587519648,30.78557894971295,21963.642095993466,20986.019622756536,-0.012205972250833525,20980.087890625
2024-07-15,21166.08203125,21389.27323001213,20980.08776723168,21240.477818797473,21499632,21378.1138671875,21437.63212890625,44.44449630130912,-18.215073742208915,20.98544841132858,21899.476820549484,20975.787437263018,-0.0017558572523023786,21128.8828125
2024-07-16,21166.08203125,21314.875524404804,21128.883178446336,21203.27896599381,16272168,21359.5146484375,21402.293359375,39.02437775011653,-33.35614116470606,10.117130496121652,21830.88205766967,20973.704661080326,0.0,20980.087890625
2024-07-17,20980.087890625,21277.676796744716,20533.703572415496,21240.477943722268,33721908,21318.59609375,21359.51484375,35.55554518417051,-59.6758132844443,-3.8414582599915406,21776.61552212154,20942.414165378457,-0.008826204061212602,20868.4921875
2024-07-18,21128.8828125,21166.08166465939,20868.490847384262,20980.087403862435,27030036,21296.276953125,21324.17607421875,52.631542586484905,-67.74689239353393,-16.62254508670002,21687.747162768068,20960.604985669434,0.007067165911906267,20682.498046875
2024-07-19,20980.087890625,21128.883302714792,20980.087890625,21128.883302714792,15662064,21262.7982421875,21292.55712890625,46.34141656293701,-85.16802344175449,-30.331640757710915,21660.52843250796,20924.58582530454,-0.007067165911906192,20608.099609375
2024-07-22,20868.4921875,20980.088751144587,20645.299060210822,20905.691042048195,24287208,21207.0001953125,21268.37802734375,32.43251680871414,-106.74870330498379,-45.61505326716549,21680.754935371027,20856.001119316476,-0.005333321581689236,20347.708984375
2024-07-23,20682.498046875,20980.088885161527,20682.498046875,20868.49232080408,19875108,21117.7232421875,21234.89921875,26.829321391205013,-137.2772733524689,-63.94749728422617,21720.826131028436,20748.972306471565,-0.008952632986816807,20422.107421875
2024-07-24,20608.099609375,20794.093876734307,20161.715285772552,20645.298462846862,25387692,21024.7263671875,21190.26064453125,26.190520837630615,-165.56617340844969,-84.27123250907087,21733.90879801195,20646.612491050546,-0.0036036542087802786,20756.89453125
2024-07-25,20347.708984375,20570.900180907665,20310.51013194292,20533.703246535417,17582004,20913.130078125,21134.4625,22.916723638340542,-206.61494925392253,-108.7399758580412,21779.56537806914,20489.359621930864,-0.012715858509179103,20756.89453125
2024-07-26,20422.107421875,20570.900918881413,20347.709714341843,20347.709714341843,11625108,20835.012890625,21102.8435546875,21.276633774636906,-230.48616666272574,-133.0892140189781,21822.171837967533,20383.51527140747,0.0036496862944982787,20236.11328125
2024-07-29,20756.89453125,20905.689941610464,20533.703333769146,20570.90026829942,20385684,20794.094140625,21086.10400390625,28.84612860329227,-219.8554004469661,-150.4424513045757,21821.918565116543,20350.289442695957,0.016260446829625883,19864.126953125
2024-07-30,20756.89453125,20980.087646790696,20756.89453125,20831.292236430232,20516496,20753.175390625,21056.34501953125,29.41174653800499,-209.0209779081597,-162.15815662529252,21795.004738069198,20317.685300993304,0.0,20273.3125
2024-07-31,20236.11328125,20756.89531922167,20161.71557324549,20756.89531922167,32057388,20678.7779296875,20998.68701171875,23.809507934946936,-239.69426819362343,-177.6653789389587,21804.865287640627,20192.508735796873,-0.02540966363461156,19306.146484375
2024-08-01,19864.126953125,20570.901353502904,19789.72924401997,20459.306707905303,40234128,20552.30234375,20924.2896484375,22.727279959395972,-290.6686127612156,-200.2660257034101,21857.736105041775,19990.843191833228,-0.018553355118769658,19566.53515625
2024-08-02,20273.3125,20310.511354671522,19715.33159798715,19826.92816200171,23160456,20481.6248046875,20872.2115234375,34.21051540750935,-294.6517323980952,-219.14316704234713,21829.812975944966,19914.610070930037,0.02038992665680831,19380.541015625
2024-08-05,19306.146484375,19975.722045164897,19194.549918223354,19938.525107841004,60205200,20325.390234375,20766.19521484375,25.490190022469136,-371.56740022729355,-249.62801367933645,21915.686427074645,19616.704002612852,-0.048881850055270175,19045.75390625
2024-08-06,19566.53515625,19678.131714429648,19231.747399770902,19380.54089261725,26082144,20213.7939453125,20665.75859375,31.730728939217627,-406.822831109399,-281.066977165349,21867.43755895759,19464.07962854241,0.013397201094880101,19380.541015625
2024-08-07,19380.541015625,19678.131839326197,19306.14522775956,19678.131839326197,20343444,20091.0380859375,20557.8822265625,27.618998090309987,-444.64558924513403,-313.782699581306,21815.889613137886,19299.87483998711,-0.009551194741806853,19231.748046875
2024-08-08,19045.75390625,19417.740530496863,19008.55505201932,19306.145885864753,28928856,19960.842578125,20436.986328125,26.363596876224634,-495.91828210224776,-350.20981608549437,21789.646715106384,19084.325941143616,-0.017425337587675883,18896.958984375
2024-08-09,19380.541015625,19417.73986858765,19120.15096294631,19268.946374796913,16002624,19856.6859375,20345.8494140625,32.75856684212171,-503.73104091933055,-380.9140610522617,21726.450436818574,18965.248391306428,0.017425337587675768,18934.15625
2024-08-12,19231.748046875,19417.740398706115,19120.151484940383,19380.54154472791,16600320,19704.1712890625,20249.13271484375,33.043443323520165,-515.9811481444631,-407.927478470702,21658.51025838126,18839.75517130624,-0.007707064712963179,18748.162109375
2024-08-13,18896.958984375,19306.146391632043,18748.16356355426,19268.94753642686,34642872,19518.177734375,20135.6765625,31.147507118338282,-546.4055032565229,-435.6230834278662,21598.569933043178,18672.783191956823,-0.01756144872079204,19045.75390625
2024-08-14,18934.15625,19120.150510411142,18822.559693753316,18971.355102082227,18072648,19387.98203125,20033.37998046875,33.62063385659084,-561.0481021319902,-460.708087168691,21533.316791129353,18533.44316980815,0.0019664912007823165,19231.748046875
2024-08-15,18748.162109375,18934.1563709745,18748.162109375,18934.1563709745,21422808,19276.385546875,19914.3439453125,31.092357258394017,-580.9636526155409,-484.759200258061,21426.04334029507,18402.64455032993,-0.009871773244187714,19194.548828125
2024-08-16,19045.75390625,19120.151614711358,18599.369573541775,18748.163072404564,47951112,19153.6296875,19817.62724609375,30.508446672012113,-566.206819168292,-501.04872404010723,21289.21233060841,18346.04216157909,0.015748457889484795,19454.939453125
2024-08-19,19231.748046875,19603.734668597142,19120.151484940383,19194.549192896793,32244300,19146.18984375,19735.7900390625,33.33331910426902,-533.3555587347691,-507.51009097903966,21141.89802185124,18329.68205627376,0.009718272874712688,19157.349609375
2024-08-20,19194.548828125,19492.137736235374,19194.548828125,19343.342323150246,26991228,19108.9912109375,19661.392578125,37.272706010274796,-504.506724748564,-506.9094177329446,21012.99199978321,18309.79315646679,-0.0019361340225664075,19380.541015625
2024-08-21,19454.939453125,19529.337161847918,19194.549390654724,19231.74824501618,32751312,19116.4310546875,19603.7345703125,44.85978648525045,-455.38309584485614,-496.60415335532696,20881.667070505337,18325.802070119662,0.013474670761479304,19343.341796875
2024-08-22,19157.349609375,19529.336216931275,19120.150756813386,19492.137364369664,31718808,19127.590625,19544.2166015625,35.57688861065604,-435.445732007538,-484.3724690857692,20786.641508874793,18301.79169425021,-0.015414560672077277,19157.349609375
2024-08-23,19380.541015625,19380.541015625,18896.957845170415,19157.34981590896,29578956,19127.590625,19492.13828125,51.19043154315431,-397.05850306653156,-466.9096758819217,20664.993341625854,18319.28322087415,0.011583088646127384,19120.150390625
2024-08-26,19343.341796875,19640.932614948684,19306.144862675614,19454.93835365263,28569420,19138.75,19421.46064453125,46.153825441733694,-365.4256146162661,-446.6128636287906,20432.627054937853,18410.294234124645,-0.0019212551784986882,19045.75390625
2024-08-27,19157.349609375,19380.54080668483,19120.150756813386,19343.341954123218,16434660,19164.7890625,19341.4833984375,46.15385650990935,-351.3146017037652,-427.55321124378554,20138.202584987335,18544.764211887665,-0.009661833467628712,18971.35546875
2024-08-28,19120.150390625,19306.144649870905,19082.95153877582,19231.74694617254,24626052,19183.3884765625,19285.68525390625,51.42855428401269,-339.22283864748897,-409.8871367245262,19966.47024353492,18604.900264277578,-0.0019436603989801881,18971.35546875
2024-08-29,19045.75390625,19306.145885864753,19045.75390625,19194.549323172716,21335688,19213.14765625,19244.7666015625,42.85716666902801,-331.81821006468454,-394.2733513925579,19875.71567615996,18613.81752696504,-0.0038985885425683346,18971.35546875
2024-08-30,18971.35546875,19157.349732755938,18971.35546875,19120.15087995475,23714460,19205.7078125,19179.66875,44.26226403888479,-328.1703768722873,-381.05275648850386,19595.930779517406,18763.406720482595,-0.0039139499924596005,18785.361328125
2024-09-02,18971.35546875,18971.35546875,18971.35546875,18971.35546875,0,19179.6685546875,19162.92919921875,51.923051680215345,-321.57255454921324,-369.1567161006458,19584.66631400163,18741.19208443587,0.0,18636.568359375
2024-09-03,18971.35546875,18971.35546875,18971.35546875,18971.35546875,0,19157.34921875,19133.17021484375,50.980404268768524,-312.7386760391237,-357.8731080883414,19517.312788174506,18749.027641512996,0.0,18896.958984375
2024-09-04,18785.361328125,18934.156740307026,18673.766687048348,18822.560181170506,25162500,19090.39140625,19103.41123046875,50.980404268768524,-317.0907120592601,-349.7166288825252,19498.91303554689,18707.90942539061,-0.009852320906678261,19045.75390625
2024-09-05,18636.568359375,18859.75956588002,18599.369505280843,18859.75956588002,29783820,19038.31328125,19082.951953125,38.29786996354797,-328.7563820943069,-345.5245795248815,19529.988800378636,18635.915105871365,-0.007952222352180946,18710.96484375
2024-09-06,18896.958984375,18896.958984375,18413.375784767566,18636.56891599868,30163980,18989.955078125,19058.7728515625,40.816295915305815,-313.3777388785238,-339.09521139561,19490.07218187771,18627.473521247288,0.013875317405239536,18859.759765625
2024-09-09,19045.75390625,19492.13823895822,18822.560780865922,18896.958489327284,43092456,18960.1962890625,19049.47314453125,46.15383838679613,-285.8880076752357,-328.45377065153514,19473.01961679547,18625.92667226703,0.00784317584607932,18673.767578125
2024-09-10,18710.96484375,19231.7468489459,18710.96484375,19157.349145623655,19825344,18915.5578125,19040.1734375,31.481454472619006,-287.7993057903186,-320.3228776792918,19485.430968404195,18594.91590659581,-0.017734477366014263,18599.369140625
2024-09-11,18859.759765625,19008.55518357753,18636.56855675615,18710.96626573241,18760764,18889.51875,19036.45361328125,41.99998739874365,-274.1473170324498,-311.08776554992346,19486.656020167055,18586.251206395445,0.007920832050245113,18487.7734375
2024-09-12,18673.767578125,19008.55535345013,18673.767578125,18896.958788988435,11927256,18852.3201171875,19032.73388671875,30.612275513265615,-275.16411211351806,-303.90303486264236,19494.057594415874,18571.410179021626,-0.0099108036504318,18785.361328125
2024-09-13,18599.369140625,18822.560342754176,18599.369140625,18710.96570071953,16405224,18815.121484375,19010.4146484375,30.000021002093916,-278.75989117004065,-298.87440612412206,19510.638901284045,18510.19039559096,-0.003992072728758021,18673.767578125
2024-09-16,18487.7734375,18785.362360153093,18487.7734375,18599.3700027674,19237152,18766.76328125,18973.21591796875,31.25000683661581,-287.3025674189412,-296.5600383830859,19513.207319660927,18433.224516276576,-0.006018044646796904,18785.361328125
2024-09-17,18785.361328125,18785.361328125,18450.573568775308,18524.97127486632,17388888,18748.1638671875,18952.75654296875,41.81815231109083,-266.9822391034759,-290.6444785271639,19488.428331784362,18417.084754153137,0.015968295442618047,19082.953125
2024-09-18,18673.767578125,18859.75993416787,18673.767578125,18785.362224526736,17469540,18737.0044921875,18913.69794921875,41.07142689715243,-256.92128684374256,-283.89984019047967,19407.47415095783,18419.921747479668,-0.005958178067063098,19120.150390625
2024-09-19,18785.361328125,18971.355593352535,18748.162475079494,18822.560181170506,18054036,18751.8837890625,18895.09853515625,45.61400438281766,-237.2088309497194,-274.5616383423276,19378.1385455762,18412.058524736298,0.0059581780670630085,19231.748046875
2024-09-20,19082.953125,19380.54204647,18934.15770523502,18971.356560176264,58857216,18770.483203125,18880.219140625,52.30772958957002,-195.32184802335178,-258.7136802785325,19316.353683570847,18444.08459767915,0.01571751621789871,19492.138671875
2024-09-23,19120.150390625,19417.739287358643,19120.150390625,19194.548094323363,20477688,18777.9228515625,18869.0595703125,53.03031387851378,-157.31121801097106,-238.4331878250202,19264.85511898793,18473.26402163707,0.0019473432238075832,19380.541015625
2024-09-24,19231.748046875,19231.748046875,19082.952630962176,19120.151484940383,14054040,18830.001171875,18872.7794921875,59.37507178462315,-116.83571231169117,-214.11369272235441,19281.181275961644,18464.377708413354,0.005819684332144367,19380.541015625
2024-09-25,19492.138671875,19640.934092102434,19380.542106704423,19417.740961761283,54132144,18893.2390625,18891.37890625,67.16421302413207,-63.02077095400091,-183.89510836868374,19374.299134750705,18408.458677749295,0.013448781709916197,19603.734375
2024-09-26,19380.541015625,19678.131839326197,19380.541015625,19566.53528043825,28703664,18963.91640625,18908.11826171875,60.31744841150782,-29.04225932385816,-152.92453855971863,19434.796143279465,18381.440380158037,-0.005741716996953017,19901.326171875
2024-09-27,19380.541015625,19566.53528043825,19268.946374796913,19454.938721550297,40312932,19042.03359375,18928.5775390625,57.62710054400786,-2.0899523848711397,-122.75762132474914,19495.826343725807,18361.32873439919,0.0,19566.53515625
2024-09-30,19603.734375,19789.728642105467,19454.938961315627,19492.137814736718,49401264,19153.6296875,18960.196484375,71.42861161116112,36.854943000489584,-90.8351084597014,19602.957777244417,18317.43519150558,0.011450555168905892,19492.138671875
2024-10-01,19901.326171875,20087.318529981323,19826.92846140848,19938.52502710826,49965564,19265.226171875,19006.69501953125,73.33339750635312,90.6868426343135,-54.53071824089842,19775.1224182155,18238.267620847,0.015066293887946954,19492.138671875
2024-10-02,19566.53515625,19864.1259780624,19566.53515625,19864.1259780624,28097124,19354.5029296875,19045.7537109375,68.74994359802744,105.12238847837216,-22.60009689704431,19845.583155483542,18245.92426639146,-0.01696565431504604,19640.93359375
2024-10-03,19492.138671875,19826.92836738673,19417.740961761283,19678.132947159294,35374020,19425.1806640625,19088.5322265625,68.75,109.29955084504763,3.779832651374079,19887.733244706273,18289.331208418727,-0.0038094777448538747,20050.119140625
2024-10-04,19492.138671875,19715.331802216155,19417.740961761283,19492.138671875,23172996,19466.09921875,19118.2912109375,72.13113201944239,111.32667747597588,25.28920161629444,19931.655463217674,18304.926958657325,0.0,20459.306640625
2024-10-07,19640.93359375,19715.331301976013,19492.138177297973,19640.93359375,16455648,19518.1775390625,19148.0501953125,70.1754499087609,123.51588239363991,44.93453777176354,19993.172190795627,18302.92819982937,0.007604597867027713,20273.3125
2024-10-08,20050.119140625,20161.715703351918,19603.734807777262,19640.933662019568,50384268,19600.0146484375,19215.00791015625,78.46145644180501,164.29982295000082,68.807594807411,20124.098399015635,18305.91742129687,0.02061925879086208,20310.509765625
2024-10-09,20459.306640625,20459.306640625,20124.516950753317,20198.91465961369,54930084,19696.7314453125,19294.98525390625,80.82186854476302,227.02242796766586,100.45056143946198,20343.26874123975,18246.701766572747,0.020202775506014615,20124.515625
2024-10-10,20273.3125,20608.10027398373,20273.3125,20533.70448270064,31447548,19786.00859375,19374.9625,72.85708285141231,258.73978047617493,132.10840524680458,20466.851484478197,18283.073515521806,-0.00913250545866042,20198.9140625
2024-10-11,20310.509765625,20422.106320908508,20087.316655057984,20347.708617386168,20805576,19879.00546875,19460.51953125,72.85708285141231,283.60825983639006,162.4083761647217,20564.612957760583,18356.426104739417,0.0018331085622081546,20161.71484375
2024-10-14,20124.515625,20422.106440836953,20124.515625,20347.708736877714,23726604,19931.08359375,19542.356640625,66.66659374300389,285.0229688028121,186.93129469233978,20583.71865350658,18500.994627743417,-0.009199719828297356,20273.3125
2024-10-15,20198.9140625,20422.10718248316,20198.9140625,20384.908329152633,26612388,19960.8423828125,19613.03427734375,64.17905301359096,288.8181521092374,207.3086661757193,20629.652476889358,18596.416077798145,0.003690088987899862,20050.119140625
2024-10-16,20161.71484375,20310.510254375276,20161.71484375,20198.91369640632,15349356,20020.3603515625,19687.431640625,66.15381384306816,285.5327523252781,222.9534834056311,20629.692500221016,18745.170781028984,-0.0018433424003232797,19901.326171875
2024-10-17,20273.3125,20273.3125,19901.32587134475,20198.91479065696,27140388,20098.477734375,19761.82919921875,67.6470429266899,288.6071637928253,236.08421948306994,20636.75949466133,18886.89890377617,0.005519864678512703,19826.927734375
2024-10-18,20050.119140625,20310.511120321138,20050.119140625,20273.312266078832,21439968,20154.27578125,19810.1875,58.82350216003985,269.92232172987497,242.85183993243098,20632.457428151494,18987.917571848506,-0.011070270047354228,19678.1328125
2024-10-21,19901.326171875,20124.51738521458,19864.127316641738,20050.11967474806,18340740,20180.3150390625,19849.2462890625,50.0,240.33763802836256,242.3489995516173,20605.03106490974,19093.461513215258,-0.007448724597989817,19678.1328125
2024-10-22,19826.927734375,19975.721231791955,19715.331172767354,19826.927734375,24175800,20157.9958984375,19879.0052734375,56.140378349847865,208.48494623340594,235.57618888797506,20577.082719890448,19180.92782698455,-0.0037453709718076396,19678.1328125
2024-10-23,19678.1328125,19864.12708651152,19603.735102895393,19826.928231709215,17962164,20079.878515625,19888.30498046875,54.23729266059209,169.28355637287314,222.31766238495467,20569.43204382323,19207.17791711427,-0.007532990631593658,19901.326171875
2024-10-24,19678.1328125,19864.12708651152,19603.735102895393,19715.331667302304,20986548,20020.360546875,19903.1845703125,54.23729266059209,136.64105940097215,205.18234178815817,20549.731172268246,19256.637968356754,0.0,20124.515625
2024-10-25,19678.1328125,19826.928231709215,19678.1328125,19789.72937690691,12468192,19957.1228515625,19918.06416015625,50.90910132331855,109.50929044120858,186.04773151876824,20526.543002055798,19309.5853182567,0.0,20087.318359375
2024-10-28,19901.326171875,20050.11967474806,19715.331895708696,19715.331895708696,15751560,19934.80390625,19932.94375,46.00006300601708,104.80883584520052,169.7999523840547,20523.344110589354,19342.543389410643,0.011278361603401232,20012.919921875
2024-10-29,20124.515625,20198.91332895924,19864.125579202482,19938.523283161718,20767692,19927.3640625,19944.10322265625,39.999929993151,117.73602766917975,159.38716744107973,20540.3951359653,19347.8113093472,0.011152383379254742,19752.529296875
2024-10-30,20087.318359375,20161.716069209644,19938.524857765675,20124.517214292322,14607780,19919.9244140625,19970.1423828125,43.902417160236915,123.55514505783503,152.22076296443078,20541.994662468554,19398.290103156447,-0.001850066139693195,19566.53515625
2024-10-31,20012.919921875,20124.51648256934,19938.524132805334,20124.51648256934,17589132,19893.88515625,19996.1814453125,40.47619642915184,120.77132868076296,145.9308761076972,20521.959686731887,19470.403203893115,-0.003710627470224464,19715.330078125
2024-11-01,19752.529296875,19975.720493784538,19678.13159188521,19938.52355934948,17425848,19864.126171875,20009.2009765625,38.6363934688364,96.44206281632796,136.03311344942335,20493.701847034165,19524.700106090837,-0.013096512270100695,20050.119140625
2024-11-04,19566.53515625,19752.52941988275,19454.938598070352,19752.52941988275,24168804,19830.6470703125,20005.4810546875,31.91487460202201,61.44447791181301,121.11538634190129,20502.858514003925,19508.103595371078,-0.0094608318142825,20050.119140625
2024-11-05,19715.330078125,19752.528929928845,19492.136967301918,19566.534670909612,10685136,19819.4873046875,19988.7416015625,37.99999369937844,45.194176065975626,105.93114428671616,20502.07261113303,19475.410591991968,0.007575792678423721,20087.318359375
2024-11-06,20050.119140625,20198.91455759422,19752.530224746486,19826.927933231094,27709440,19856.6859375,19968.2822265625,44.642828680216134,58.654244550674775,96.47576433950789,20432.95652594184,19503.60792718316,0.01683858623461205,20608.099609375
2024-11-07,20050.119140625,20310.511120321138,20050.119140625,20161.715703351918,21099936,19893.8845703125,19957.12255859375,50.0,68.53145781303829,90.88690303421397,20401.21679240572,19513.02832478178,0.0,20459.306640625
2024-11-08,20087.318359375,20459.306908548217,20087.318359375,20236.113779044288,32687028,19934.803125,19945.96298828125,55.31910852929677,78.45648898369109,88.4008202241094,20363.063563974047,19528.862412588456,0.0018535926415717175,20124.515625
2024-11-11,20608.099609375,20608.099609375,20050.118725356966,20124.51643230069,53958300,20005.48046875,19970.1421875,67.79659659445866,126.88222293239232,96.09710076576599,20477.191944442322,19463.09243055768,0.02559549488741053,19566.53515625
2024-11-12,20459.306640625,20756.89555800656,20310.51122290425,20645.298994716,31631424,20038.9595703125,19983.16181640625,67.7966569279797,151.50713694710066,107.17910800203293,20526.984057631886,19439.339575180613,-0.007246312022967505,19268.947265625
2024-11-13,20124.515625,20384.90758885733,19975.720217081525,20236.112180938857,29419632,20042.679296875,19981.30185546875,58.82349761796295,142.36660808316083,114.21660801825851,20522.802308747858,19439.801402189645,-0.016499116724749695,19194.548828125
2024-11-14,19566.53515625,20161.714881814947,19566.53515625,20124.516029088398,35064876,19998.0408203125,19945.96298828125,48.19274593306157,89.0715511175913,109.18759663812507,20499.343509662784,19392.58246689972,-0.02811803769430074,18934.15625
2024-11-15,19268.947265625,19603.735039706655,19268.947265625,19566.53618502425,36437676,19949.6826171875,19906.90439453125,39.999975291651175,22.561899244363303,91.86245715937272,20534.61247562754,19279.196313434964,-0.015325866804525192,19045.75390625
2024-11-18,19194.548828125,19380.541176421528,18971.35570849731,19343.342323150246,27191208,19912.483984375,19871.56552734375,34.56791804006599,-35.73883611778729,66.34219850394074,20575.54301537191,19167.588039315593,-0.0038685266728111316,19231.748046875
2024-11-19,18934.15625,19343.341704844697,18934.15625,19231.74706665783,20912496,19834.3666015625,19826.926953125,32.1838934785613,-101.78082776342853,32.717593250466884,20646.543939009316,19007.309967240682,-0.013658823497443379,19417.740234375
2024-11-20,19045.75390625,19343.342822035505,18785.361926635243,18896.958489327284,30030660,19733.930078125,19795.3080078125,35.22729645763462,-143.46085630046218,-2.5180966597189283,20684.898510375522,18905.717505249475,0.00587668464529717,19566.53515625
2024-11-21,19231.748046875,19306.14575483141,19008.554923005766,19082.952630962176,16865772,19652.09296875,19772.98876953125,41.86048783346846,-159.64412833745155,-33.943302995265455,20696.702137116594,18849.275401945906,0.009718272874712688,19603.734375
2024-11-22,19417.740234375,19529.336795365183,19231.74788411793,19268.946737781323,22791648,19585.13515625,19759.969140625,47.674419314563764,-155.66704015175856,-58.288050426564084,20696.562518140112,18823.375763109885,0.00962463574705136,19566.53515625
2024-11-25,19566.53515625,19566.53515625,19380.54089261725,19417.739745343802,16936128,19480.9787109375,19743.22958984375,47.674419314563764,-138.90742412846885,-74.41192516694504,20681.15166383102,18805.307515856482,0.007633623707718665,19640.93359375
2024-11-26,19603.734375,19715.330935263282,19492.137814736718,19566.535521578906,17398524,19395.421484375,19717.19052734375,42.30769489670288,-121.22622119992957,-83.77478437354195,20639.325789597537,18795.055265089966,0.0018993604270992103,19901.326171875
2024-11-27,19566.53515625,19678.131714429648,19417.739745343802,19603.73400897655,10515912,19339.6234375,19691.1513671875,41.77214769226679,-108.95939052998801,-88.81170560483116,20598.57403555263,18783.72869882237,-0.0018993604270991725,20012.919921875
2024-11-28,19640.93359375,19901.325572541045,19566.535885523987,19678.13244786301,18652920,19347.06328125,19672.55205078125,42.50000492235477,-92.17200521274572,-89.48376552641407,20567.36678033986,18777.73732122264,0.003795120122173646,20087.318359375
2024-11-29,19901.326171875,19901.326171875,19566.536474775654,19678.133040475437,18318036,19410.301171875,19679.99189453125,36.98636738298922,-57.19704461276706,-83.02642134368467,20580.065325945594,18779.918463116905,0.013170534192872393,19864.126953125
2024-12-02,20012.919921875,20198.9141896989,19901.325279240555,20050.11877543978,24519792,19492.13828125,19702.3111328125,41.666642358761344,-20.241126255372365,-70.4693623260222,20612.61860385106,18792.003661773942,0.005591689769336983,20719.6953125
2024-12-03,20087.318359375,20087.318359375,19789.729438096387,19975.721794623034,20871972,19607.4544921875,19720.910546875,49.23080029887518,14.87852703039971,-53.399784454737826,20647.395226634137,18794.42586711586,0.0037106274702245353,20533.703125
2024-12-04,19864.126953125,19975.7215987226,19826.928098572484,19975.7215987226,16511220,19689.291796875,19711.6109375,57.142897325333806,24.419926376456715,-37.83584228849892,20627.85944778122,18795.362427218784,-0.011173249251025665,20570.900390625
2024-12-05,20719.6953125,20719.6953125,19640.932442570298,19864.12555416671,59065644,19838.0865234375,19745.08974609375,77.46472728025682,99.86755935982,-10.29516195883513,20757.321103136062,18732.858389051435,0.042169272986709035,20756.89453125
2024-12-06,20533.703125,20756.894320211635,20459.30542057618,20719.695467999725,31351716,19949.6828125,19767.408984375,74.32433295373514,143.0038772600601,20.36464588494392,20829.852661202513,18704.96530754749,-0.00901712124437522,20645.298828125
2024-12-09,20570.900390625,20756.8946546816,20459.305750250896,20570.900390625,21052284,20050.1193359375,19765.5490234375,82.35299113819764,178.1377671490227,51.91927013775968,20821.90868252566,18709.18936434934,0.0018098836917242187,20459.306640625
2024-12-10,20756.89453125,20980.087646790696,20533.703333769146,20608.099120889536,43149876,20165.4353515625,19780.42841796875,82.85718571857186,218.4713984549162,85.22969580119099,20885.20684978965,18675.649986147848,0.009000983319323282,20236.11328125
2024-12-11,20645.298828125,20942.889661165176,20533.704183794856,20756.895390515067,22481580,20273.31171875,19806.467578125,77.94122189037516,238.67989796432084,115.91973623381696,20968.461067944383,18644.47408830562,-0.005390824220976295,20087.318359375
2024-12-12,20459.306640625,20756.89555800656,20347.71007733444,20645.298994716,27673932,20355.1490234375,19851.10615234375,70.58832159171281,236.9557854948871,140.126946086031,21042.511016369135,18659.701288318363,-0.009049762416936342,20087.318359375
2024-12-13,20236.11328125,20384.908697259023,20161.71557324549,20310.51098925451,22790988,20388.627734375,19899.464453125,62.857185718571856,215.100035826581,155.12156403414102,21069.702159742086,18729.226746507917,-0.010969076996698983,20347.708984375
2024-12-16,20087.318359375,20347.71034379625,19975.721794623034,20236.113779044288,21981564,20396.067578125,19944.1029296875,58.90413619144135,183.6556223947082,160.82837570625446,21068.328844179476,18819.87701519552,-0.007380105867743985,19975.720703125
2024-12-17,20087.318359375,20161.716069209644,19975.721794623034,20087.318359375,14268408,20396.067578125,20001.76103515625,59.72226172271239,156.92674437948153,160.0480494408999,21021.30456339112,18982.21750692138,0.0,19864.126953125
2024-12-18,20347.708984375,20347.708984375,20050.118164918335,20087.31701735042,16888344,20444.42578125,20066.8587890625,62.33768536241262,154.96887847718244,159.0322152481564,20991.20251416104,19142.515063963958,0.012879636378231316,20087.318359375
2024-12-19,19975.720703125,20198.913820433383,19938.52376830013,20087.31726177919,40037976,20370.0283203125,20104.057421875,51.24995405787133,121.99463200413447,151.62469859935203,20942.81279220114,19265.30205154886,-0.018450753672504854,19864.126953125
2024-12-20,19864.126953125,20050.119307827634,19864.126953125,19975.7215987226,18145908,20303.070703125,20126.3767578125,47.50002625264495,85.86779067050156,138.47331701358195,20910.192996518977,19342.560519106024,-0.0056021319567521825,20198.9140625
2024-12-23,20087.318359375,20124.517214292322,19901.326002848353,19901.326002848353,17026416,20254.7125,20152.41591796875,50.0,74.38917769491673,125.65648914984891,20891.23285116603,19413.598984771466,0.011173249251025663,20087.318359375
2024-12-24,19864.126953125,20012.920453275117,19789.72924401997,20012.920453275117,17770368,20165.4357421875,20165.435546875,50.0,46.74377982008809,109.87394728389674,20872.014937224903,19458.856156525097,-0.011173249251025665,19975.720703125
2024-12-25,20198.9140625,20198.9140625,19901.325153915666,19901.325153915666,22630476,20120.797265625,20197.0544921875,39.99998499847735,51.25825140880988,98.15080810887937,20844.95028378943,19549.158700585573,0.016713404378618735,19901.326171875
2024-12-26,20087.318359375,20236.113779044288,19975.721794623034,20198.914924126966,13167132,20083.5984375,20219.37373046875,41.17644333634209,45.308869624659565,87.58242041203542,20815.2739591189,19623.4735018186,-0.005540155127593027,19826.927734375
2024-12-27,19975.720703125,20087.31726177919,19938.52376830013,20087.31726177919,15033744,20057.5591796875,20223.09345703125,38.571407140714065,31.228955538790615,76.31172743738647,20811.516320158655,19634.670593903844,-0.005571117294273463,19826.927734375
2024-12-30,19901.326171875,19975.72196428154,19826.92846140848,19938.52502710826,16062024,20038.9599609375,20217.51376953125,32.835812708013165,13.907191804402828,63.83082031078974,20816.352219841483,19618.67531922102,-0.003731199945288019,20087.318359375
2024-12-31,19826.927734375,19901.325442113433,19789.728880505783,19901.325442113433,13526568,20012.9208984375,20204.49423828125,33.33330681550592,-5.757395216038276,49.913177205424134,20826.1392575836,19582.849218978903,-0.0037453709718076396,19789.728515625
2025-01-01,19826.927734375,19826.927734375,19826.927734375,19826.927734375,0,19960.8427734375,20202.63427734375,36.06553002785362,-21.09851159711252,35.71083944491681,20828.77355974442,19576.49499494308,0.0,19380.541015625
2025-01-02,20087.318359375,20124.517214292322,19864.12714793103,19864.12714793103,19748784,19972.0025390625,20171.0154296875,46.774183987066756,-12.105564185159892,26.14755871890147,20749.250497695542,19592.78036167946,0.013047688211369281,19380.541015625
2025-01-03,19789.728515625,20087.31742303191,19789.728515625,20012.919716665212,17424132,19964.5626953125,20133.81669921875,43.93937706441287,-28.661213273404428,15.185804320440294,20709.527236214417,19558.106162223085,-0.014925647292412698,19529.3359375
2025-01-06,19380.541015625,19864.126104139446,19380.541015625,19789.72839821415,20130660,19893.8849609375,20074.29873046875,37.66228895616835,-73.94727779242021,-2.6408121021318074,20703.397799991784,19445.199660945713,-0.020893519004001722,19343.341796875
2025-01-07,19380.541015625,19640.932986363547,19380.541015625,19454.938721550297,19007472,19845.5263671875,20005.4810546875,31.428517851785173,-108.58510865156131,-23.82967141201771,20621.15904232944,19389.803067045563,0.0,19008.5546875
2025-01-08,19529.3359375,19529.3359375,19306.14474338365,19380.540529382557,17104032,19778.5685546875,19949.68291015625,40.624976926390055,-122.61589280870248,-43.58691569135466,20521.956456630003,19377.4093636825,0.007648219878469934,19268.947265625
2025-01-09,19343.341796875,19566.534910430262,19268.946010416403,19566.534910430262,12192708,19704.1708984375,19893.88466796875,39.393867072706996,-147.04847973029973,-64.27922849914367,20474.496891011,19313.272444926497,-0.009569475056968504,19231.748046875
2025-01-10,19008.5546875,19417.74015813076,19008.5546875,19343.342451096098,18841152,19607.454296875,19832.50673828125,28.985469750524103,-191.22171775599418,-89.66772635051377,20511.921172668877,19153.09230389362,-0.017459142531061296,19492.138671875
2025-01-13,19268.947265625,19380.54191161225,18934.157573483397,19008.555282848196,17920320,19544.21640625,19791.58818359375,38.5714242852921,-202.87915763787532,-112.3100126079861,20504.15251191486,19079.02385527264,0.013605725646841585,19492.138671875
2025-01-14,19231.748046875,19343.3426907497,19194.549192896793,19306.14575483141,10112124,19484.6984375,19748.80966796875,29.03228811427826,-212.667925335787,-132.3815951535463,20488.81923310064,19008.800102836864,-0.0019323926502447736,19715.330078125
2025-01-15,19492.138671875,19529.33752693186,19268.947459593815,19343.343251647566,14812512,19451.21953125,19706.03115234375,37.8787927001957,-197.14171996707228,-145.3336201162515,20397.59944244114,19014.462862246357,0.013448781709916197,19678.1328125
2025-01-16,19492.138671875,19529.33752693186,19268.947459593815,19343.343251647566,14812512,19391.7015625,19681.85205078125,39.68256878593062,-182.73068476403932,-152.81303304580908,20367.50836866825,18996.19573289425,0.0,19566.53515625
2025-01-17,19715.330078125,19715.330078125,19417.739263694228,19566.534670909612,18414132,19384.26171875,19674.41220703125,46.268609930834295,-151.5531440378545,-152.56105524421818,20354.95090967282,18993.87350438968,0.01138527042327755,19454.939453125
2025-01-20,19678.1328125,19901.325941313822,19678.1328125,19715.331667302304,12743544,19414.0208984375,19653.9529296875,46.96969576434405,-128.36649777474668,-147.72214375032388,20306.24154988569,19001.66430948931,-0.00188849996677898,19826.927734375
2025-01-21,19566.53515625,19789.7282726093,19492.1374507969,19789.7282726093,13756380,19432.6203125,19639.07333984375,44.92750866144608,-117.63983299282336,-141.7056815988238,20284.71831517287,18993.42836451463,-0.005687292711644825,19752.529296875
2025-01-22,19454.939453125,19640.933724932293,19454.939453125,19640.933724932293,13569600,19425.1806640625,19601.874609375,36.923069466725465,-116.79734735322563,-136.72401474970417,20195.326874084316,19008.422344665687,-0.005719722715857045,19752.529296875
2025-01-23,19826.927734375,19901.325442113433,19454.93919568284,19492.138049552057,20845440,19473.5392578125,19588.855078125,50.74627801383314,-85.13197750905965,-126.40560730157527,20147.89272220157,19029.817434048433,0.018940006059095366,19752.529296875
2025-01-24,19752.529296875,19826.92700186479,19678.13159188521,19826.92700186479,13729716,19547.93671875,19577.6955078125,58.62070838470689,-65.28768016666072,-114.18202187459237,20112.60684989794,19042.78416572706,-0.0037594515289559047,19752.529296875
2025-01-27,19752.529296875,19752.529296875,19752.529296875,19752.529296875,0,19596.294921875,19570.2556640625,58.62070838470689,-48.9961346115997,-101.14484442199384,20090.142535372273,19050.368792752728,0.0,19752.529296875
2025-01-28,19752.529296875,19752.529296875,19752.529296875,19752.529296875,0,19648.373046875,19566.5357421875,55.55557716260352,-35.67374268542335,-88.05062407467975,20079.7111147406,19053.360369634403,0.0,19752.529296875
2025-01-29,19752.529296875,19752.529296875,19752.529296875,19752.529296875,0,19674.412109375,19562.8158203125,61.22452697156794,-24.82943285510919,-75.40638583076564,20069.075672591644,19056.555968033354,0.0,19640.93359375
2025-01-30,19752.529296875,19752.529296875,19752.529296875,19752.529296875,0,19700.451171875,19546.0763671875,74.99996718432303,-16.050222214777023,-63.53515310756792,19998.602501246198,19093.5502331288,0.0,19975.720703125
2025-01-31,19752.529296875,19752.529296875,19752.529296875,19752.529296875,0,19704.17109375,19544.21640625,69.69690219726019,-8.989014764774765,-52.62592543900929,19992.814641263914,19095.61817123609,0.0,19938.5234375
2025-02-03,19640.93359375,19789.729010202027,19529.33703141098,19715.331301976013,22402644,19700.451171875,19557.23603515625,65.7142728558763,-12.256512142812426,-44.55204277976992,20000.92064440455,19113.55142590795,-0.00566571169210881,19938.5234375
2025-02-04,19975.720703125,20087.31726177919,19678.131798107013,19715.330650991742,22912824,19741.3697265625,19586.99501953125,67.56753304989982,12.02982213670839,-33.235669796474255,20059.67216508795,19114.317873974545,0.016901734138160394,19826.927734375
2025-02-05,19938.5234375,20087.31692851043,19901.324585232436,19975.72037170774,19095780,19789.728125,19607.45439453125,65.78950640909612,27.95318168320955,-20.997899500537496,20104.421710424962,19110.48707863754,-0.0018638597420245126,18896.958984375
2025-02-06,19938.5234375,20050.118076242867,19901.324585232436,19938.5234375,17866200,19800.8876953125,19637.2134765625,59.37505640211137,40.1101935024526,-8.776280899939477,20138.8481989339,19135.5787541911,0.0,19417.740234375
2025-02-07,19826.927734375,19938.524295982646,19789.728880505783,19938.524295982646,16562568,19808.3275390625,19678.13212890625,55.88235748314815,40.27560030809764,1.0340953416679453,20089.18226776889,19267.08199004361,-0.005612711175071124,19231.748046875
2025-02-10,18896.958984375,19715.331880829108,18896.958984375,19715.331880829108,80647380,19722.7705078125,19659.53271484375,33.92857979993644,-34.23932997588781,-6.020589721843207,20170.146585737704,19148.918843949796,-0.04803999151880047,19268.947265625
2025-02-11,19417.740234375,19417.740234375,18934.157054810774,18934.157054810774,38142720,19689.2916015625,19668.83232421875,49.25372081651077,-50.68597814737586,-14.953667406949737,20152.71687357036,19184.94777486714,0.02718608446784344,19417.740234375
2025-02-12,19231.748046875,19492.138106662525,19231.748046875,19492.138106662525,18019716,19637.2134765625,19655.81279296875,37.0967468755134,-77.83089434273643,-27.52911279410708,20172.607993385176,19139.017592552325,-0.009624635747051349,19454.939453125
2025-02-13,19268.947265625,19343.34305692985,19231.7484109426,19306.1461203074,12538812,19588.8552734375,19644.65322265625,39.34426935034619,-95.2438580218004,-41.07206183964574,20185.41332594437,19103.893119368127,0.0019323926502448228,19752.529296875
2025-02-14,19417.740234375,19566.535649028578,19343.34252704821,19417.740234375,24526392,19555.3763671875,19629.77373046875,43.076892008691644,-95.93156871882456,-52.043963215481504,20178.661289620606,19080.886171316895,0.007692243096806606,19715.330078125
2025-02-17,19454.939453125,19529.337161847918,19380.541744402082,19454.939453125,18967608,19536.776953125,19618.6140625,43.93937706441287,-92.40967710004043,-60.11710599239329,20172.415477553302,19064.8126474467,0.0019139009918616701,19752.529296875
2025-02-18,19752.529296875,19789.728149369894,19566.53503440052,19603.733886895414,32920140,19514.4578125,19627.91376953125,50.0,-64.85789781637868,-61.06526435719037,20184.27363437653,19071.55390468597,0.015180554530139499,19678.1328125
2025-02-19,19715.330078125,19789.72778173269,19640.932374517306,19789.72778173269,18021960,19492.1384765625,19640.93330078125,49.33332306563579,-45.50008365890608,-57.952228217533516,20192.415276293006,19089.451325269492,-0.0018850391358588236,20608.099609375
2025-02-20,19752.529296875,19789.728149369894,19715.330444380103,19752.529296875,15721728,19473.5390625,19637.21337890625,50.0,-26.847726528019848,-51.73132787963079,20184.39981588889,19090.02694192361,0.0018850391358588208,20459.306640625
2025-02-21,19678.1328125,19789.72937690691,19640.933957697696,19752.530522104607,14604216,19458.6595703125,19633.4935546875,50.66667693436421,-17.862861700086796,-44.957634643721995,20178.385940421864,19088.601168953133,-0.003773539102637706,20645.298828125
2025-02-24,20608.099609375,21054.485851037338,20496.504967019304,21054.485851037338,97536252,19629.7736328125,19676.2720703125,59.340684068406844,63.565513191602804,-23.253005076657033,20373.54481134414,18978.99932928086,0.04617617373037322,21166.08203125
2025-02-25,20459.306640625,20608.100140285813,20236.11351404388,20533.704349485375,41679396,19733.9302734375,19711.6109375,57.446837033185,114.76875512165498,4.351346963005373,20491.860603494566,18931.361271505437,-0.007246312022967505,20831.29296875
2025-02-26,20645.298828125,20794.09424464509,20496.505329664833,20533.704183794856,42001872,19875.2853515625,19756.2494140625,59.59597459593482,168.4143327862621,37.16394412765671,20641.449030476357,18871.04979764864,0.009049762416936318,20868.4921875
2025-02-27,21166.08203125,21166.08203125,20533.703451647558,20682.496944802362,67479456,20064.998828125,19826.92705078125,66.36366370107527,250.06905134501358,79.74496557112809,20913.660913213203,18740.193188349298,0.024912362444530156,20719.6953125
2025-02-28,20831.29296875,21128.88379993267,20794.094114852167,21128.88379993267,31963008,20206.3541015625,19880.865234375,77.65962854207989,284.4869363828402,120.69335973347052,21055.57542351643,18706.15504523357,-0.015943670500159136,20496.505859375
2025-03-03,20868.4921875,21017.287605692785,20831.293332951805,20868.4921875,27276084,20347.709375,19942.2431640625,74.07414129615357,311.17795850497714,158.79027948777184,21190.165980211234,18694.320347913766,0.0017841448572573626,20794.09375
2025-03-04,20719.6953125,20868.49072023094,20570.89990476906,20868.49072023094,36199812,20444.4259765625,19979.44189453125,74.99998359212921,316.67370423024477,190.36696443626644,21275.010464946365,18683.873324116135,-0.007155758347324168,20868.4921875
2025-03-05,20496.505859375,20756.895926954734,20496.505859375,20719.69707186335,40108860,20522.5435546875,20007.341015625,69.4118054019863,299.56638391693195,212.20684833239955,21323.07404945931,18691.60798179069,-0.010830286555323365,20794.09375
2025-03-06,20794.09375,20794.09375,20533.703695343862,20533.703695343862,48807792,20626.7,20050.11953125,70.78655795132823,306.4885557564521,231.0631898172101,21411.28178272864,18688.957279771355,0.014414566325020221,20942.888671875
2025-03-07,20868.4921875,20905.691042048195,20645.299060210822,20831.293332951805,43733184,20745.7359375,20102.19775390625,71.11115648600007,314.354080778794,247.72136800952688,21506.42438926141,18697.97111855109,0.0035714785776272693,20682.498046875
2025-03-10,20794.09375,20980.08801622572,20794.09375,20905.690309735433,31126260,20764.3353515625,20197.0544921875,66.66668750207052,310.9992283800166,260.37694008362485,21511.945936033826,18882.163048341175,-0.0035714785776273096,20608.099609375
2025-03-11,20942.888671875,20942.888671875,20533.703213833585,20533.703213833585,34436820,20812.6935546875,20273.3119140625,68.96555053838976,316.69631239516093,271.6408145459321,21574.735967415403,18971.887860709594,0.007130153816761131,20496.505859375
2025-03-12,20682.498046875,20980.088885161527,20682.498046875,20980.088885161527,27246912,20816.4134765625,20345.8494140625,63.440888140140416,296.77886326292355,276.6684242893304,21561.747688486248,19129.951139638753,-0.01251130822595058,20719.6953125
2025-03-13,20608.099609375,20868.49158367803,20608.099609375,20719.696169790583,32748408,20760.615234375,20412.80703125,63.4408523231859,271.8570108001986,275.70614159150404,21521.79722084546,19303.816841654538,-0.0036036542087802786,20533.703125
2025-03-14,20496.505859375,20719.69707186335,20496.505859375,20608.100506589188,24129468,20727.1365234375,20466.7453125,47.8873666477845,240.33119179606365,268.631151632416,21472.04623030285,19461.444394697148,-0.005429757707050525,20273.3125
2025-03-17,20719.6953125,20942.88842409641,20645.29760863453,20756.894164432735,26030004,20712.2568359375,20529.98310546875,54.794485078078196,230.69694591053485,261.0443104880398,21419.77840174829,19640.187809189207,0.010830286555323478,20198.9140625
2025-03-18,20533.703125,20868.490876847365,20533.703125,20756.894320211635,24739044,20693.6576171875,20569.041796875,47.94521040582247,205.68273892431898,249.97199617529566,21380.254302701822,19757.82929104818,-0.00901712124437522,20198.9140625
2025-03-19,20273.3125,20533.70448270064,20161.71593598544,20533.70448270064,50061792,20671.33828125,20596.94091796875,31.8181311932386,162.96884896161646,232.57136673255982,21317.88724267928,19875.99459325822,-0.012762225085525632,20198.9140625
2025-03-20,20198.9140625,20422.10718248316,20124.516355838947,20310.51062249158,33029700,20611.8203125,20619.26015625,35.59316754709458,121.71143760666382,210.39938090738065,21252.432376719324,19986.087935780673,-0.003676522278189481,20236.11328125
2025-03-21,20198.9140625,20273.311769161053,20124.516355838947,20161.715209169473,24964104,20544.8625,20645.29921875,34.48268682388087,88.00022999116845,185.91955072413822,21144.08047964312,20146.51795785688,0.0,20496.505859375
2025-03-24,20198.9140625,20273.311769161053,20012.919795847367,20198.9140625,21423336,20485.34453125,20624.83994140625,37.03700462630753,60.58546356887382,160.85273329308532,21162.12792666286,20087.551956149644,0.0,20459.306640625
2025-03-25,20236.11328125,20384.908697259023,20161.71557324549,20273.312135252258,26533320,20414.6669921875,20613.6802734375,42.857081626464385,41.383684379678016,136.95892351040385,21174.213605860245,20053.14694101476,0.0018399507401509515,20198.9140625
2025-03-26,20496.505859375,20794.094782046122,20198.915018643907,20236.113873735292,58053600,20396.0677734375,20606.240625,41.66671224410547,46.640003960739705,118.89513960047103,21168.95244664275,20043.528803357247,0.012785631312615826,19901.326171875
2025-03-27,20459.306640625,20608.100140285813,20422.107786194814,20608.100140285813,15852804,20381.1884765625,20570.90185546875,38.29786996354797,47.25923400048123,104.56795848047308,21070.849736015698,20070.953974921802,-0.0018165543159169959,20087.318359375
2025-03-28,20198.9140625,20459.306035813686,20161.715209169473,20422.10718248316,22532664,20351.429296875,20539.28291015625,34.61536908130027,26.43376145754155,88.94111907588677,21049.768474195553,20028.797346116946,-0.012809027736849886,20273.3125
2025-03-31,19901.326171875,20161.716240447844,19901.326171875,20124.51738521458,35028048,20269.5923828125,20490.924609375,25.000000000000014,-13.922936356248101,68.36830798945981,21050.93743333151,19930.91178541849,-0.014842472367154606,18859.759765625
2025-04-01,20087.318359375,20124.517214292322,19901.326002848353,19938.524857765675,18504288,20224.95390625,20459.30576171875,35.18514917333354,-30.545782234781655,48.58548994461152,21036.090892580163,19882.52063085734,0.009302317239561432,18301.779296875
2025-04-02,20273.3125,20384.90906401456,20161.71593598544,20198.91479065696,22156728,20224.95390625,20448.14609375,42.105277702295034,-28.384139927540673,33.191563970181086,21030.51043014976,19865.781757350243,0.009216677405782574,18301.779296875
2025-04-03,18859.759765625,19678.132646303973,18859.759765625,19194.549456018194,106518456,20091.0384765625,20351.42939453125,26.08691433893692,-139.12912103380586,-1.2725730306163037,21249.047645920447,19453.81114314205,-0.07227482660564212,17037.021484375
2025-04-04,18301.779296875,18487.773573690796,17557.804107671793,17557.804107671793,96599184,19901.325,20223.09375,17.821805854687582,-268.82087728761326,-54.782233882015696,21473.901811562642,18972.285688437358,-0.03003225489410495,15846.662109375
2025-04-07,18301.779296875,18301.779296875,18301.779296875,18301.779296875,0,19711.6115234375,20098.47802734375,18.75001709151151,-367.36774184785827,-117.29933547518422,21584.291679593603,18612.664375093897,0.0,16925.423828125
2025-04-08,17037.021484375,17855.39435710364,17037.021484375,17483.407733896034,46785156,19391.70234375,19903.18466796875,14.63415675294722,-541.2826579067696,-202.09599996150132,21870.4428399499,17935.9264959876,-0.0716095738535877,18078.587890625
2025-04-09,15846.662109375,16590.6372795279,15846.662109375,15846.662109375,101846976,18926.71796875,19661.39287109375,11.764717994262867,-766.3297627061256,-314.9427525104262,22299.644998323103,17023.1407438644,-0.07242982492762585,18859.759765625
2025-04-10,16925.423828125,16925.423828125,16925.423828125,16925.423828125,4042368,18573.3296875,19477.25908203125,25.824164886924976,-847.8605508656619,-421.5263121814734,22341.66664538457,16612.851518677933,0.06585797435125124,19231.748046875
2025-04-11,18078.587890625,18078.587890625,17483.40812919973,18004.190180689347,100681284,18361.2970703125,19356.36318359375,36.61973497484561,-810.0854249124131,-499.23813472766136,22243.650984540058,16469.07538264744,0.06591138849078738,18971.35546875
2025-04-14,18859.759765625,19157.35060153006,18413.375429827352,18450.574284315484,67589148,18257.1404296875,19263.36640625,42.06008525662505,-708.9420806480484,-541.1789239117388,22084.826236128938,16441.90657637106,0.0423022908332797,18971.35546875
2025-04-15,19231.748046875,19454.93925268432,18636.568301283623,18710.966009240034,66753192,18171.5833984375,19198.26865234375,42.79660621011222,-591.9453288808327,-551.3322049055575,21955.670517012342,16440.86678767516,0.019531918190481883,18934.15625
2025-04-16,18971.35546875,19343.34207870202,18636.56771159917,19268.946291159496,33930996,18041.3876953125,19133.17080078125,41.73552903154279,-514.3074489263963,-543.9272537097254,21844.803622863245,16421.537978699253,-0.013632222867172325,18562.169921875
2025-04-17,18971.35546875,19045.753174352376,18450.573447593233,18748.162351942876,32262120,18052.547265625,19071.79287109375,42.9787217879811,-447.6189965526755,-524.6656022783154,21737.029314253235,16406.55642793426,0.0,18636.568359375
2025-04-18,18934.15625,19157.349362493373,18934.15625,19082.951658328915,27410460,18115.7849609375,19008.55498046875,44.29823096867585,-393.2365969401835,-498.37980121068904,21620.677175094814,16396.432785842688,-0.0019627346528374658,19008.5546875
2025-04-21,18562.169921875,18934.156530141216,18562.169921875,18934.156530141216,22844184,18141.8240234375,18926.7177734375,41.20171838233737,-375.82209809774577,-473.86826058810044,21483.79153338651,16369.64401348849,-0.01984186560463341,19045.75390625
2025-04-22,18636.568359375,18673.767213469157,17409.01001038766,18450.574088904214,62630040,18301.7787109375,18846.74052734375,40.4347880676403,-351.9604689693697,-449.4867022643543,21330.380360728803,16363.100693958699,0.0040000569986115625,19120.150390625
2025-04-23,19008.5546875,19120.151248051996,18859.75927343067,18971.355833982667,29347164,18617.96796875,18772.34296875,50.99009862387169,-299.5803918363745,-419.50544017875836,21134.054018483184,16410.631919016814,0.019763433129434835,19082.953125
2025-04-24,19045.75390625,19120.151614711358,18748.163072404564,19120.151614711358,22719840,18830.0009765625,18701.66533203125,55.31914596507907,-252.16038926110923,-386.03642999522856,20931.745631998136,16471.585032064366,0.001955060121884208,18971.35546875
2025-04-25,19120.150390625,19120.150390625,18785.360723982372,18934.156131379095,32800680,18934.1572265625,18647.7271484375,55.78946437582177,-206.19958063505692,-350.0690601231943,20775.150379327275,16520.303917547728,0.0038985885425683762,18971.35546875
2025-04-28,19082.953125,19120.151979941245,18859.759995352528,19120.151979941245,12879240,18956.4765625,18606.80849609375,67.51593464346496,-170.8078505575504,-314.21681821006547,20662.99761460932,16550.619377578176,-0.0019473432238075947,18971.35546875
2025-04-29,18971.35546875,19120.15087995475,18896.957763147628,19082.952027153562,19096968,18930.4373046875,18551.0103515625,82.81248654043284,-150.03513603178362,-281.3804817744091,20495.57396999215,16606.446733132852,-0.0058651953112203664,18971.35546875
2025-04-30,18971.35546875,18971.35546875,18971.35546875,18971.35546875,0,18930.4373046875,18485.9125,77.77777188494912,-132.0504151237692,-251.5144684442811,20268.100223323923,16703.724776676074,0.0,19120.150390625
2025-05-01,18971.35546875,18971.35546875,18971.35546875,18971.35546875,0,18930.4373046875,18491.49228515625,67.64702021679994,-116.45497378416985,-224.50256951225887,20279.298206177686,16703.686364134817,0.0,19120.150390625
2025-05-02,18971.35546875,18971.35546875,18971.35546875,18971.35546875,0,18934.1572265625,18524.97109375,53.19147272359636,-102.9092009536107,-200.18389580052926,20322.8674433141,16727.0747441859,0.0,18934.15625
2025-05-05,19120.150390625,19157.34924247418,18859.758427680736,19082.95153877582,16563756,18989.9552734375,18565.8896484375,46.34141656293701,-79.2539811680872,-175.99791287404085,20379.57945263676,16752.19984423824,0.007812538535027868,18896.958984375
2025-05-06,19120.150390625,19157.34924247418,18859.758427680736,19082.95153877582,16563756,19038.3134765625,18670.04609375,55.88235748314815,-59.81751004076068,-152.76183230738482,20348.252006594914,16991.840180905085,0.0,19120.150390625
2025-05-07,18934.15625,19380.540556926924,18934.15625,19157.349362493373,27637236,19030.8736328125,18824.42080078125,48.71793145786662,-58.74496399324926,-133.9584586445577,19850.338382989656,17798.50321857284,-0.009775273187865354,18896.958984375
2025-05-08,18896.958984375,18971.356694785372,18859.760129169816,18859.760129169816,15182376,19015.994140625,18922.99755859375,48.71799704624365,-60.20249509997666,-119.20726593564152,19426.486950810566,18419.508166376934,-0.00196649120078227,18896.958984375
2025-05-09,19120.150390625,19231.74694617254,18822.559575831554,18896.957279529917,26257704,19015.994140625,18975.07568359375,71.42859285928593,-42.85392444171157,-103.93659763685554,19291.54681077236,18658.60455641514,0.011741764388647765,19194.548828125
2025-05-12,18896.958984375,19157.3509708113,18413.375784767566,19008.555549990557,85450068,18997.3947265625,18976.93564453125,58.97436933043612,-46.57781830555905,-92.46484177059625,19290.98111451095,18662.890174551554,-0.01174176438864763,19454.939453125
2025-05-13,18896.958984375,19157.3509708113,18413.375784767566,19008.555549990557,85450068,18989.955078125,18960.19619140625,44.82759245009731,-48.96459761990627,-83.76479294045826,19251.95289131876,18668.439491493737,0.0,19454.939453125
2025-05-14,19194.548828125,19343.342323150246,19045.753415039875,19045.753415039875,26802072,19012.2744140625,18971.355859375,55.55557176089668,-26.537219545734843,-72.31927826151359,19281.410262688172,18661.301456061825,0.015625314698225628,19082.953125
2025-05-15,19454.939453125,19752.530288016667,19231.74824501618,19268.94709937764,44977284,19060.6328125,18995.53505859375,60.97565036100574,12.108408227992186,-55.433740963612436,19373.561972272983,18617.508144914515,0.013474670761479304,19082.953125
2025-05-16,19454.939453125,19492.138307486457,19231.74824501618,19492.138307486457,29854044,19108.9912109375,19021.57421875,62.49998359211844,42.24833416777619,-35.89732593733471,19450.163074070915,18592.985363429085,0.0,19082.953125
2025-05-19,19082.953125,19306.146254647472,19008.55541511751,19157.35083488249,19794324,19105.271484375,19047.61337890625,53.19153927618673,35.70665071840267,-21.576530606187237,19418.011241157816,18677.215516654687,-0.019305564294865036,19157.349609375
2025-05-20,19082.953125,19306.146254647472,19008.55541511751,19157.35083488249,19794324,19101.5517578125,19069.9326171875,53.19153927618673,30.174486754152895,-11.22632713411921,19385.828056029604,18754.037178345396,0.0,19082.953125
2025-05-21,19082.953125,19194.549689823736,19045.754270058755,19045.754270058755,23032680,19116.4314453125,19073.6525390625,53.19153927618673,25.49630146302661,-3.8818014146900452,19388.2542710254,18759.0508070996,0.0,19008.5546875
2025-05-22,19157.349609375,19417.73965924644,19082.951904251775,19157.349609375,26598660,19142.4705078125,19079.23232421875,55.10206924485581,27.475262721112813,2.389611412470527,19395.7036157246,18762.761032712897,0.003891003622787899,19008.5546875
2025-05-23,19082.953125,19306.146254647472,19008.55541511751,19157.35083488249,32160084,19138.75078125,19077.3724609375,48.93620824289195,22.77786024985835,6.467261179948092,19393.267928831745,18761.476993043252,-0.0038910036227878106,19008.5546875
2025-05-26,19008.5546875,19082.952394534663,18636.56807038657,19082.952394534663,36212616,19149.9103515625,19073.6525390625,46.938779883823976,12.903064322235878,7.754421808405649,19391.020077042307,18756.28500108269,-0.003906305440644847,19045.75390625
2025-05-27,19008.5546875,19082.952394534663,18636.56807038657,19082.952394534663,36212616,19161.069921875,19075.5125,52.272765241464896,5.01935737812164,7.207408922348847,19390.784841039243,18760.240158960758,0.0,19008.5546875
2025-05-28,19008.5546875,19454.93901164809,19008.5546875,19008.5546875,35498496,19142.4705078125,19077.3724609375,53.4883664137051,-1.214536750496336,5.523019787779811,19390.489071220876,18764.25585065412,0.0,19008.5546875
2025-05-29,19045.75390625,19268.947031634074,19008.55505201932,19157.350468942037,20598336,19101.551953125,19081.0923828125,47.36845014141877,-3.117341916786245,3.7949474468666002,19390.65333821151,18771.531427413494,0.001955060121884208,19008.5546875
2025-05-30,19008.5546875,19194.54895508666,18971.355833982667,19120.151248051996,21693012,19056.9134765625,19082.95234375,54.545440081208056,-7.540077466823277,1.527942464128625,19390.175309962644,18775.729377537355,-0.00195506012188417,19343.341796875
2025-06-02,19008.5546875,19082.952394534663,18859.75927343067,19045.75354101733,28951824,19049.4736328125,19077.37255859375,54.545440081208056,-10.919256858254812,-0.9614974003480625,19385.80216452361,18768.94295266389,0.0,19306.146484375
2025-06-03,19008.5546875,19082.952394534663,18859.75927343067,19045.75354101733,28951824,19042.0337890625,19071.7927734375,39.99995799581218,-13.442326103868254,-3.457663141052101,19381.00065106491,18762.58489581009,0.0,19157.349609375
2025-06-04,19343.341796875,19492.13720591184,19157.349453638773,19194.548305897984,40970820,19068.07265625,19092.25205078125,44.44435801600049,11.44076313935875,-0.4779778849699303,19416.879318499603,18767.6247830629,0.01745914253106139,19566.53515625
2025-06-05,19306.146484375,19640.93426476995,19306.146484375,19417.74113246666,33905124,19082.95234375,19112.71142578125,42.85719643413004,27.838534476479253,5.185324587319907,19437.092074637225,18788.330776925275,-0.0019247511745745488,19566.53515625
2025-06-06,19157.349609375,19380.54080668483,19120.150756813386,19343.341954123218,24797916,19090.3919921875,19114.57138671875,54.54541115261154,28.498706783608213,9.848001026577569,19439.557658676873,18789.58511476063,-0.007737082293054184,19492.138671875
2025-06-09,19566.53515625,19640.9328617031,19306.145105224,19417.739745343802,32984028,19146.1900390625,19148.0501953125,69.69696487554653,61.332746298783604,20.144950081018777,19514.017074568503,18782.083316056494,0.02113428338793414,19417.740234375
2025-06-10,19566.53515625,19640.9328617031,19306.145105224,19417.739745343802,32984028,19201.9880859375,19181.52900390625,69.69696487554653,86.35847245683908,33.38765455618284,19572.436745938197,18790.6212618743,0.0,19938.5234375
2025-06-11,19492.138671875,19975.721869554196,19492.138671875,19715.331802216155,38822388,19250.346484375,19196.40849609375,63.63642149344161,99.04661844298971,46.519447333544214,19611.320779141945,18781.496213045557,-0.0038094777448538747,19901.326171875
2025-06-12,19417.740234375,19603.734502691972,19343.34252704821,19566.535649028578,21843492,19287.5451171875,19194.54853515625,63.6363202436242,101.92381907666277,57.60032168216793,19604.889409115698,18784.2076611968,-0.0038241459628647924,19901.326171875
2025-06-13,19938.5234375,20161.714633045558,19454.938358021664,19454.938358021664,68927628,19380.5419921875,19218.727734375,77.77781667051704,144.56047031727212,74.99235140918877,19736.578720390768,18700.87674835923,0.02646661822602824,19975.720703125
2025-06-16,19901.326171875,20087.318529981323,19603.735330008916,19603.735330008916,39250332,19469.819140625,19259.64638671875,76.08705825684879,173.35053804490235,94.66398873633149,19855.743335349376,18663.54943808812,-0.0018673402032635454,20198.9140625
2025-06-17,19901.326171875,20087.318529981323,19603.735330008916,19603.735330008916,39250332,19559.0962890625,19300.5650390625,76.08705825684879,193.93135420706312,114.51746183047783,19955.0830511247,18646.047027000302,0.0,20012.919921875
2025-06-18,19975.720703125,20161.71496754865,19901.324915415396,20012.91955600973,35145792,19622.3341796875,19345.20341796875,76.59579934915718,213.78048783317354,134.37006703101696,20056.540071065832,18633.86676487167,0.003731199945288048,19975.720703125
2025-06-19,20198.9140625,20236.112915830527,19938.524007246193,20012.919795847367,41538024,19711.6109375,19397.281640625,80.76932397392505,244.70015694527683,156.43608501386893,20197.648556136945,18596.914725113053,0.011111272421866507,19975.720703125
2025-06-20,20012.919921875,20236.11304326368,19938.524132805334,20198.9141896989,30898824,19797.16796875,19443.77998046875,73.68425900765011,251.29922372746296,175.40871275658773,20274.72812158415,18612.83183935335,-0.0092507825978175,20087.318359375
2025-06-23,19975.720703125,20087.31726177919,19789.728356761203,19975.720703125,29294496,19838.0865234375,19492.13828125,72.41382119782628,250.6381648818533,190.45460318164083,20328.990118038986,18655.286444461017,-0.00186048982404909,20355.150390625
2025-06-24,19975.720703125,20087.31726177919,19789.728356761203,19975.720703125,29294496,19879.005078125,19540.49658203125,67.34698469846984,247.26396590159857,201.81647572563242,20371.44443599265,18709.54872806985,0.0,20355.150390625
2025-06-25,20087.318359375,20236.113779044288,20050.119504457678,20124.517214292322,36788400,19938.523046875,19594.434765625,70.58818079054167,250.70491687545655,211.59416395559725,20420.02781180727,18768.841719442727,0.005571117294273524,20265.87109375
2025-06-26,20355.150390625,20667.61961944021,20310.511381348555,20578.34160088732,42208100,20032.2640625,19659.90458984375,79.70482814740187,271.90930070824106,223.65719130612604,20509.61414258038,18810.19503710712,0.013245281762716459,20265.87109375
2025-06-27,20355.150390625,20667.61961944021,20310.511381348555,20578.34160088732,42208100,20073.9267578125,19727.234375,74.53708599049318,285.4237404552041,236.01050113594164,20573.025697763343,18881.443052236657,0.0,20221.232421875
2025-06-30,20265.87109375,20489.064207993793,20265.87109375,20444.425201533068,21873830,20110.38125,19790.1001953125,70.61398660660826,285.63728933296443,245.93585877534622,20596.986460327626,18983.213930297377,-0.004395726024116505,20444.42578125
2025-07-01,20265.87109375,20489.064207993793,20265.87109375,20444.425201533068,21873830,20146.8357421875,19852.966015625,73.85310881421778,282.5494739029127,253.25858180085953,20596.933077987247,19108.99895326275,0.0,20622.98046875
2025-07-02,20221.232421875,20444.425539811804,20176.595332735527,20310.510436273667,21742600,20171.3869140625,19896.860546875,75.23357377692723,273.34938857135785,257.2767431549592,20617.44976573356,19176.27132801644,-0.0022050819192492343,21069.365234375
2025-07-03,20444.42578125,20444.42578125,20131.956563284293,20221.2326606774,20792310,20195.9380859375,19953.77451171875,69.54015878236677,280.83085022958403,261.98756456988417,20657.52873024862,19250.02029318888,0.010977105027051801,21069.365234375
2025-07-04,20622.98046875,21114.003813244046,20533.704368869236,20533.704368869236,46765950,20256.944140625,20027.0560546875,75.12939201734567,297.7357214691692,269.1371959497412,20685.39092348804,19368.721185886956,0.008695743361220015,22051.41015625
2025-07-07,21069.365234375,21158.643254138187,20890.811112908603,21158.643254138187,39599560,20366.30859375,20102.19755859375,81.02754125169396,343.1963201657745,283.9490207929479,20872.717111745795,19331.678005441707,0.02141409008954244,22096.05078125
2025-07-08,21069.365234375,21158.643254138187,20890.811112908603,21158.643254138187,39599560,20475.673046875,20177.3390625,80.24681621558553,374.90252917119506,302.13972246859737,21017.844049191895,19336.834075808103,0.0,22453.158203125
2025-07-09,22051.41015625,22140.688168777637,21024.72643860095,21114.00253306876,85224810,20672.0822265625,20305.30263671875,86.086853959944,473.81094846551787,336.47396766798147,21435.815363217665,19174.78991021983,0.04555645166289882,22988.8203125
2025-07-10,22096.05078125,22408.520011868288,21962.135670707874,22140.689790784032,47809190,20846.172265625,20439.2181640625,92.94468375011174,549.4648202947974,379.07213819334464,21747.581939124495,19130.854389000502,0.002022342362009074,22988.8203125
2025-07-11,22453.158203125,22497.79721103222,21917.49586241807,22185.326073741588,93810530,21055.973046875,20564.94990234375,95.12187139828399,630.9632911904446,429.45036879276466,22129.034619998525,19000.865184688973,0.016032386619107067,22765.626953125
2025-07-14,22988.8203125,23613.75874467284,22810.26620072778,23390.565625442596,54382350,21328.26796875,20719.324609375,95.918299313208,730.3557851905571,489.6314520723232,22587.525831219198,18851.1233875308,0.023576742894143316,23301.2890625
2025-07-15,22988.8203125,23613.75874467284,22810.26620072778,23390.565625442596,54382350,21600.562890625,20873.69931640625,95.77457584607393,799.9042544477343,551.6860125474054,22955.358238592387,18792.040394220116,0.0,23212.01171875
2025-07-16,22765.626953125,23212.011268816903,22765.626953125,23033.45715892817,51157700,21855.00234375,21013.19462890625,88.57133749123352,827.4734794204815,606.8435059220207,23212.0957479098,18814.2935099027,-0.009756215759375068,23390.56640625
2025-07-17,23301.2890625,23390.565157570418,22676.34872476772,22720.987731332847,50482960,22140.688671875,21168.31337890625,90.2438230515366,882.3742828743962,661.9496613124958,23555.036562518857,18781.59019529364,0.023256874983868622,23390.56640625
2025-07-18,23212.01171875,23524.480937597105,23122.735621105065,23390.565832099757,61852560,22399.591796875,21328.26796875,90.2438712045863,908.2103461032493,711.2017982706466,23815.633319124558,18840.90261837544,-0.0038387924264869744,23613.759765625
2025-07-21,23390.56640625,24104.782877180358,23301.290306413674,23569.12052398259,61350960,22631.7119140625,21499.01025390625,90.69764602212946,932.3459793041693,755.4306344773512,24063.086675930837,18934.933831881663,0.0076629048611632266,23569.119140625
2025-07-22,23390.56640625,24104.782877180358,23301.290306413674,23569.12052398259,61350960,22863.83203125,21669.7525390625,91.76468044736392,940.6306380307688,792.4706351880347,24261.37193032548,19078.133147799523,0.0,23212.01171875
2025-07-23,23613.759765625,23613.759765625,23212.0125172528,23345.92762735688,34654840,23020.0669921875,21846.074609375,91.76468044736392,954.2066285156434,824.8178338535565,24464.09351859291,19228.05570015709,0.009496786998760665,23524.48046875
2025-07-24,23569.119140625,24060.142456054688,23569.119140625,23703.034241549492,47436400,23167.373828125,22006.773046875,90.2438230515366,950.4078631859484,849.9358397200349,24634.00520928364,19379.54088446636,-0.0018922388525124576,23524.48046875
2025-07-25,23212.01171875,23613.75895330193,23122.735621105065,23569.119945449518,57098140,23243.2591796875,22149.61611328125,79.999945307223,908.1135619582892,861.5713841676858,24708.514601315797,19590.7176252467,-0.015267453007411476,22631.712890625
2025-07-28,23524.48046875,23970.866702257787,23212.01125613046,23301.28927005596,109552080,23296.8251953125,22312.54658203125,81.60913990743214,889.5544107177229,867.1679894776933,24779.74814769645,19845.34501636605,0.013371709823031583,22676.349609375
2025-07-29,23524.48046875,23970.866702257787,23212.01125613046,23301.28927005596,109552080,23350.3912109375,22475.47705078125,75.38456567571279,864.8763929569577,866.7096701735462,24799.83880246154,20151.11529910096,0.0,22274.603515625
2025-07-30,22631.712890625,23747.67469018652,22631.712890625,23613.75958112873,90865280,23336.9998046875,22596.00107421875,57.14285714285714,764.4676959668213,846.2612753322013,24664.04837905236,20527.95376938514,-0.038689453082048346,22587.07421875
2025-07-31,22676.349609375,22988.820749460596,22408.519395655814,22854.903724541095,55204600,23274.505859375,22707.597265625,53.246737749370965,680.648794738463,813.1387792134537,24510.69394741564,20904.500583834364,0.001970366011181756,22587.07421875
2025-08-01,22274.603515625,22854.902931227163,22096.049406656675,22720.987829015885,93865750,23180.7650390625,22790.17841796875,39.18917400782728,575.1739125682252,765.5458058844081,24322.185170168254,21258.171665769245,-0.017875340262348983,23569.119140625
2025-08-04,22587.07421875,22720.989329806784,22274.604986930848,22408.52009798763,40763910,23100.4158203125,22866.0638671875,44.44445044640156,510.90864601669455,714.6183739108654,24172.99627767967,21559.131456695326,0.013930631760854111,24194.05859375
2025-08-05,22587.07421875,22720.989329806784,22274.604986930848,22408.52009798763,40763910,23020.0666015625,22941.94931640625,47.36843923307962,454.736045202626,662.6419081692176,23952.200016433148,21931.698616379355,0.0,25443.9375
2025-08-06,23569.119140625,24149.418550651073,22720.987610690117,22720.987610690117,237599010,23015.6025390625,23017.834765625,53.48836262751708,483.8837614642216,626.8902788282184,23972.930873202833,22062.73865804717,0.0425595387567414,25131.466796875
2025-08-07,24194.05859375,24729.720938462153,23792.313273760818,23881.58937218289,105791620,23078.096484375,23122.73515625,61.22449526292761,551.05866634622,611.7239563318187,24111.804433883986,22133.665878616015,0.02616974617146923,25131.466796875
2025-08-08,25443.9375,25488.574590359884,24104.782591885276,24417.251814704054,153031230,23301.2890625,23272.27412109375,68.85246842338947,697.1141465518194,628.8019943758189,24659.367610535886,21885.180631651612,0.050370412074240624,25443.9375
2025-08-11,25131.466796875,25399.29893399914,24818.997568613457,25131.466796875,73945300,23461.9876953125,23379.4064453125,65.1162727594332,778.6743197222859,658.7764594451123,24987.664038019433,21771.148852605565,-0.012356784227092245,25086.828125
2025-08-12,25131.466796875,25399.29893399914,24818.997568613457,25131.466796875,73945300,23622.686328125,23486.53876953125,63.70966489861708,833.7009588760993,693.7613593313097,25262.012052728198,21711.0654863343,0.0,25176.10546875
2025-08-13,25443.9375,25979.597928797957,25131.466359121303,25310.020474740595,92615490,23903.9087890625,23620.454296875,66.15386634813541,892.2385703270811,733.456801530464,25563.131729027555,21677.776864722444,0.012356784227092264,25354.658203125
2025-08-14,25086.828125,25533.212434666668,24863.635011136754,25488.573428282052,87741500,24144.956640625,23709.73125,66.1538440826377,899.4460528561722,766.6546517956057,25752.19917903591,21667.26332096409,-0.014134569940495586,25354.658203125
2025-08-15,25176.10546875,25399.298593686337,24997.551352412916,25176.10546875,83654890,24435.1068359375,23807.9359375,64.80000448043728,901.9646827965589,793.7166579957964,25936.691580944185,21679.180294055812,0.0035524165126956187,25131.466796875
2025-08-18,25354.658203125,25711.766416334896,25176.104096520052,25265.382108852435,75948840,24711.865234375,23906.14052734375,65.89146971304993,907.9026915285285,816.5538647023429,26132.791182340603,21679.489872346894,0.007067119692589758,24461.890625
2025-08-19,25354.658203125,25711.766416334896,25176.104096520052,25265.382108852435,75948840,24988.6236328125,24004.3451171875,77.98161197116553,902.2085081529658,833.6847933924676,26307.19810129777,21701.492133077227,0.0,24461.890625
2025-08-20,25131.466796875,25622.490143865984,25086.8297057376,25533.214043531236,69324090,25144.8583984375,24080.23046875,74.33627119274098,869.6612322672336,840.8800811674208,26428.46837465004,21731.99256284996,-0.00884175049188197,23167.373046875
2025-08-21,24461.890625,25220.744171690876,24149.419486652096,25176.10516363262,111108140,25171.6416015625,24124.86904296875,70.58823745695813,780.837076682772,828.8714802704911,26466.129550824695,21783.608535112802,-0.027004296377158205,23167.373046875
2025-08-22,24461.890625,24818.99693528636,24372.612608883483,24506.527714998356,76979870,25073.4369140625,24187.36298828125,68.74999511671062,702.3470735703559,803.5665989304641,26492.473732289625,21882.252244272873,0.0,24283.3359375
2025-08-25,23167.373046875,23881.589510631733,23078.09694793537,23658.396386192773,75152110,24877.0275390625,24169.5076171875,54.609915212923454,529.5817421239299,748.7696275691573,26501.61232664995,21837.402907725053,-0.054371467164703646,23881.58984375
2025-08-26,23167.373046875,23881.589510631733,23078.09694793537,23658.396386192773,75152110,24680.6181640625,24151.65224609375,46.21849326552283,388.18916914312285,676.6535358839504,26509.872858726416,21793.43163346108,0.0,24194.05859375
2025-08-27,24283.3359375,24283.3359375,23301.289291763747,23301.289291763747,57184820,24564.5580078125,24234.2333984375,50.7692333582396,362.01038478758346,613.7249056646771,26481.404869214304,21987.061927660696,0.047045396544201395,24194.05859375
2025-08-28,23881.58984375,24327.974180794503,23881.58984375,24327.974180794503,94591750,24444.0341796875,24294.49541015625,34.23423743030854,305.326345294925,552.0451935907267,26427.50309962884,22161.48772068366,-0.016682488534270803,24194.05859375
2025-08-29,24194.05859375,24551.166823558102,23970.86738866487,24060.143487086938,69482930,24345.8294921875,24390.4681640625,40.54054267125758,282.362552583636,498.1086653893086,26302.044392401072,22478.891935723925,0.01299922768478283,25131.466796875
2025-09-01,24194.05859375,24194.05859375,24194.05859375,24194.05859375,0,24229.76953125,24470.8173828125,40.54054267125758,261.1531702305365,450.71756635755423,26188.48498884135,22753.14977678365,0.0,25131.466796875
2025-09-02,24194.05859375,24194.05859375,24194.05859375,24194.05859375,0,24113.7095703125,24551.1666015625,36.53844697527461,241.560028270349,408.88605874011324,26031.79958873923,23070.53361438577,0.0,26649.17578125
2025-09-03,25131.466796875,25890.322280990127,24327.974221622473,24461.891249214517,131052350,24113.7095703125,24629.283984375,50.427352345136896,298.2354571460419,386.755938421299,26055.62167924598,23202.94628950402,0.038013627847148505,25801.04296875
2025-09-04,25131.466796875,25890.322280990127,24327.974221622473,24461.891249214517,131052350,24180.6671875,24676.15439453125,49.565215406232056,339.2405885199223,377.2528684410237,26103.881039726937,23248.427749335566,0.0,25801.04296875
2025-09-05,26649.17578125,26693.814790337135,25310.02085311544,25399.29887128971,155578610,24399.395703125,24736.41630859375,60.00001207014808,488.5719285091982,399.5166804546586,26385.21865245524,23087.61396473226,0.05863750438908968,25756.40625
2025-09-08,25801.04296875,26559.89841481079,25577.85177007553,25622.488858974513,155945240,24662.7626953125,24769.8951171875,53.04877934904842,532.3443274636556,426.08220985645806,26478.576170734326,23061.214063640677,-0.03234330634490808,25756.40625
2025-09-09,25801.04296875,26559.89841481079,25577.85177007553,25622.488858974513,155945240,24926.1296875,24803.37392578125,54.71697178620067,560.57234000674,452.9802358865145,26567.231670241847,23039.51618132065,0.0,26024.236328125
2025-09-10,25756.40625,26113.512556623147,25176.104905375105,26068.87546708268,81247320,25073.43671875,24818.99736328125,59.99999396492778,572.739251586001,476.93203902641187,26612.03884048949,23025.95588607301,-0.0017315336805407337,27095.55859375
2025-09-11,25756.40625,26068.87546708268,25354.65901771662,25756.40625,57701380,25260.918359375,24852.47626953125,59.99999396492778,575.7447891300253,496.69458904713457,26691.001114182567,23013.95142487993,0.0,27095.55859375
2025-09-12,26024.236328125,26068.875335500034,24997.550666858457,25622.489097869442,78960090,25443.9361328125,24894.8828125,76.22951348815657,592.9037231915208,515.9364158760118,26802.658817198895,22987.106807801105,0.010344887715170462,26738.453125
2025-09-15,27095.55859375,27541.944823391164,26872.367396989255,27006.28249865767,97812550,25734.0861328125,24981.92783203125,80.13698691716502,685.0522001477839,549.7595727303662,27122.6698517082,22841.185812354302,0.040341554634302175,26068.875
2025-09-16,27095.55859375,27541.944823391164,26872.367396989255,27006.28249865767,97812550,26024.2361328125,25068.9728515625,76.03305366737035,749.4414376474415,589.6959457137814,27406.094708809105,22731.850994315893,0.0,26024.236328125
2025-09-17,26738.453125,27274.1135482949,26559.899011215068,27274.1135482949,73541160,26184.934765625,25149.32216796875,76.66669340542101,762.861156840645,624.3289879391541,27603.075334959278,22695.56900097822,-0.013267103652780212,25354.658203125
2025-09-18,26068.875,27006.28263445227,26068.875,26693.813422968182,136867060,26278.6755859375,25229.67138671875,66.40626014809467,711.2679678115019,641.7167839136237,27693.86516827361,22765.47760516389,-0.02536064730718968,25354.658203125
2025-09-19,26024.236328125,26247.429446940296,25533.213001179247,26202.790439565262,83255700,26216.181640625,25307.788671875,65.89148049320943,659.1794160543504,645.209310341769,27768.554156552163,22847.02318719784,-0.0017138036743323281,25577.8515625
2025-09-22,25354.658203125,26113.511717651167,25265.382108852435,26113.511717651167,72681180,26171.5431640625,25417.1529296875,59.02777334664193,557.4436414177871,627.6561765569726,27662.362991257185,23171.942868117818,-0.02606580158692938,25934.9609375
2025-09-23,25354.658203125,26113.511717651167,25265.382108852435,26113.511717651167,72681180,26126.9046875,25526.5171875,52.03251193816627,471.3834915866573,596.4016395629096,27507.892802132043,23545.14157286796,0.0,25711.767578125
2025-09-24,25577.8515625,25756.405670826443,25399.297454173557,25488.57354930686,27390000,26109.04921875,25591.24296875,53.90625026705502,416.3901550983137,560.3993426699905,27484.228989899177,23698.256947600825,0.008764334963664102,25533.212890625
2025-09-25,25934.9609375,25934.9609375,25220.744472294795,25577.852704897396,33812790,26126.9046875,25693.9115234375,42.15687199725463,397.04637830433785,527.7287497968599,27411.041500680818,23976.78154619418,0.013865097965749024,25533.212890625
2025-09-26,25711.767578125,26158.151905777402,25667.128569941786,26024.23679928767,37878940,26095.6578125,25769.79697265625,48.86365613895172,359.56165410473113,494.0953306584342,27335.288720116245,24204.305225196258,-0.00864313211063629,25131.466796875
2025-09-29,25533.212890625,25801.043097595804,25354.658779957845,25488.573883443245,42714320,25939.4232421875,25836.7546875,46.73914025675207,311.852032961393,457.64667111902594,27222.73599150969,24450.773383490312,-0.006968698532362978,25265.3828125
2025-09-30,25533.212890625,25801.043097595804,25354.658779957845,25488.573883443245,42714320,25783.188671875,25903.71240234375,47.252736685359196,270.9188308352859,420.30110306227795,27067.056519062306,24740.368285625194,0.0,25086.828125
2025-10-01,25131.466796875,25533.214043531236,24908.275587008156,25488.575034333888,59110920,25622.4900390625,25903.71240234375,42.99999431194435,203.7131427070235,376.9835109912271,27067.056519062306,24740.368285625194,-0.015859352778295772,26068.875
2025-10-02,25265.3828125,25443.936924077727,25086.828700922273,25265.3828125,32833350,25542.1408203125,25910.408203125,41.23712688780461,159.4203553320949,333.47087985940067,27056.45036283308,24764.36604341692,0.005314472307384712,26068.875
2025-10-03,25086.828125,25577.851441051283,25042.189118615384,25310.01932080342,33182490,25448.4,25832.2908203125,20.779279816800482,108.65759408014856,288.5082227035503,26979.29333045806,24685.288310166943,-0.007092258020788002,25890.322265625
2025-10-06,26068.875,26068.875,25086.828358747192,25086.828358747192,78396450,25519.8216796875,25845.682421875,38.38386874082377,145.9878584089056,260.0041498446214,26997.393190375857,24693.971653374145,0.03839914146654699,26068.875
2025-10-07,26068.875,26068.875,25086.828358747192,25086.828358747192,78396450,25591.243359375,25859.0740234375,41.75824598519088,173.57153720313,242.7176273163231,27014.820726167683,24703.327320707318,0.0,25845.681640625
2025-10-08,25890.322265625,26202.7914937011,25890.322265625,26068.876384248477,45538460,25622.4904296875,25865.76982421875,47.500020509791376,178.9611353715045,229.9663289273594,27020.563376068072,24710.97627236943,-0.006872832784625489,25890.322265625
2025-10-09,26068.875,26247.429109142315,25667.12777491483,26113.512088740696,65948300,25635.8818359375,25881.39326171875,50.602411543950076,195.38783485103704,223.05063011209495,27038.40967748662,24724.37684595088,0.0068728327846254485,25890.322265625
2025-10-10,25845.681640625,26247.42886192624,25756.405545924626,26247.42886192624,46806870,25649.2732421875,25872.46552734375,57.53423918581164,188.22651563442196,216.08580721656037,27027.595073474215,24717.335981213284,-0.008598541486807724,25310.01953125
2025-10-13,25890.322265625,26113.513475359385,25756.40715617238,25934.961274795856,88261470,25684.9841796875,25812.2037109375,58.10812728453123,184.0318394318383,209.67501365961598,26814.282892419833,24810.12452945517,0.0017257087021823384,25220.744140625
2025-10-14,25890.322265625,26113.513475359385,25756.40715617238,25934.961274795856,88261470,25720.6951171875,25751.94189453125,55.072476634299115,178.64818326820023,203.46964758133285,26554.07664910185,24949.80713996065,0.0,25220.744140625
2025-10-15,25310.01953125,26113.512062554775,25265.382442554066,25934.959871651354,92738690,25738.550390625,25680.52021484375,40.540518168046894,126.10238628650768,187.99619532236784,26357.404037895303,25003.636391792195,-0.022668894942294487,23256.650390625
2025-10-16,25220.744140625,25622.489458474764,25176.105132621728,25354.65924657492,38085520,25734.0865234375,25638.113671875,42.25352807049978,76.37527901411158,165.6720120607166,26318.813609417044,24957.413734332953,-0.0035335101639653245,23256.650390625
2025-10-17,25220.744140625,25711.76747448131,24997.55101866853,25220.744140625,49186830,25747.478125,25597.9390625,44.776134998171464,36.54492113386368,139.84659387534603,26277.52880852468,24918.349316475324,0.0,23926.228515625
2025-10-20,23256.650390625,25220.743691038166,23256.650390625,24908.27447670515,113259410,25466.2556640625,25493.038671875,27.027044072756638,-151.7575093550331,81.52577322927021,26740.86758965521,24245.209754094794,-0.08107570663526345,23836.94921875
2025-10-21,23256.650390625,25220.743691038166,23256.650390625,24908.27447670515,113259410,25185.033203125,25388.13828125,29.41177984576197,-297.5584733066753,5.708923922081105,26988.027576074455,23788.248986425548,0.0,23658.396484375
2025-10-22,23926.228515625,24104.782631538015,23212.01205197294,23479.84418487242,81703380,24988.623828125,25305.55712890625,36.84211738344961,-354.98537841628786,-66.4299365455927,27029.879326106293,23581.234931706207,0.028384155197528106,23435.205078125
2025-10-23,23836.94921875,24015.503325075824,23345.925905868935,24015.503325075824,40995680,24765.43125,25200.65654296875,37.5,-403.05454566409026,-133.7548583692922,27016.591321518466,23384.721764419035,-0.0037384196399359673,23435.205078125
2025-10-24,23658.396484375,24104.78273510542,23658.396484375,23881.589609740207,25787740,24546.702734375,25097.98798828125,21.276618523033576,-450.3658829090782,-197.0770632772494,27021.26401879674,23174.711957765758,-0.007518782015123912,23926.228515625
2025-10-27,23435.205078125,23970.867423618234,23435.205078125,23881.589407006075,30129880,24301.191015625,24993.08759765625,20.20204743403383,-500.1052378541899,-257.68269819263753,27041.221548200163,22944.953647112336,-0.009478700711314935,24327.97265625
2025-10-28,23435.205078125,23970.867423618234,23435.205078125,23881.589407006075,30129880,24055.679296875,24888.18720703125,21.05265339546743,-533.3756129496069,-312.82128114403145,27032.493302644587,22743.88111141791,0.0,24015.50390625
2025-10-29,23926.228515625,23926.228515625,23345.927159392722,23524.481275305738,31363310,23917.3001953125,24827.92529296875,26.470624823320833,-514.1938307542805,-353.0957910660813,27010.83887468565,22645.01171125185,0.02073590236637484,23256.650390625
2025-10-30,24327.97265625,24595.804776140605,24015.50344809415,24015.50344809415,43393790,23828.023046875,24781.05478515625,33.96226648741178,-461.2576445313971,-374.7281617591445,26964.674535523693,22597.43503478881,0.016651541776142576,23881.58984375
2025-10-31,24015.50390625,24461.890141897,24015.50390625,24461.890141897,26062850,23707.4990234375,24727.48857421875,31.24997802518918,-439.4532092339068,-387.673171254097,26931.98690842333,22522.990240014173,-0.012927208536294617,23881.58984375
2025-11-03,23256.650390625,24015.50392285377,23256.650390625,23881.58881929103,31192260,23707.4990234375,24586.87734375,27.1317669069648,-477.89727160927214,-405.71799132513206,26789.876656053435,22383.878031446562,-0.032108488437376105,23301.2890625
2025-11-04,23881.58984375,23970.86786199487,23167.373370030844,23345.92748846063,41543810,23769.99296875,24477.5130859375,37.69231701275203,-452.71842083801675,-415.118077227709,26585.873933127765,22369.152238747232,0.026516733241073728,23256.650390625
2025-11-05,23881.58984375,23970.86786199487,23167.373370030844,23345.92748846063,41543810,23765.5291015625,24377.07646484375,38.28124919883491,-427.83221671993306,-417.66090512615386,26391.340095713855,22362.812833973647,0.0,23613.759765625
2025-11-06,23301.2890625,23658.395360841514,23301.2890625,23524.480259205968,23328360,23711.9630859375,24238.69716796875,34.75176886810749,-449.75069784713196,-424.0788636703495,26140.72572688772,22336.66860904978,-0.024599179067610857,23747.673828125
2025-11-07,23256.650390625,23703.034708520758,23212.011383417466,23345.926486980206,60610220,23671.7884765625,24109.24560546875,50.0,-465.35885263656746,-432.33486146359314,25899.923082193854,22318.568128743646,-0.0019175541734628176,24104.783203125
2025-11-10,23613.759765625,23881.58998583316,23301.290536028824,23390.566636744894,52819690,23689.6439453125,23995.41748046875,53.77360048212265,-443.7968716010946,-434.62726349109346,25587.842508310016,22402.992452627484,0.015238453606899686,23703.03515625
2025-11-11,23747.673828125,24015.50403651811,23613.758723928444,23747.673828125,34465310,23720.8908203125,23888.28505859375,47.87233052188647,-411.1634641334058,-429.9345036195559,25209.07418756851,22567.495929618988,0.005654998559308628,24015.50390625
2025-11-12,24104.783203125,24194.059304168517,23792.313972382748,23792.313972382748,33729190,23738.7462890625,23828.0232421875,53.0000363160794,-352.4229985774218,-414.4322026111291,24974.11145784244,22681.935026532563,0.014925712357262996,24372.61328125
2025-11-13,23703.03515625,24149.41948257756,23703.03515625,24104.782392586734,20820250,23676.2525390625,23752.13779296875,50.47619246051176,-334.4333270398056,-398.4324274968644,24692.46135804387,22811.814227893632,-0.016807188356195994,24551.166015625
2025-11-14,24015.50390625,24060.142913426673,23658.395684956347,23658.395684956347,24323420,23676.2525390625,23691.87578125,56.07475030413315,-291.60136697996495,-377.0662153934846,24347.204840825565,23036.546721674436,0.013096512270100655,24640.443359375
2025-11-17,24372.61328125,24417.252290539713,24149.420152861392,24149.420152861392,35374130,23787.848828125,23747.67392578125,59.1304314741574,-226.23311346322225,-346.89959500743214,24436.17046969167,23059.17738187083,0.014760477547058594,24327.97265625
2025-11-18,24551.166015625,24640.44211110916,24238.696804340667,24327.97289982483,38531130,23854.8064453125,23812.39970703125,56.48146722682947,-158.19699171547836,-309.15907434904136,24548.296935744816,23076.502478317685,0.007299253234363884,24461.890625
2025-11-19,24640.443359375,25310.020822635946,24506.5282503348,24551.16725936818,61952770,23930.691796875,23848.11044921875,53.46535854444761,-95.96768381664515,-266.52079624256214,24671.394198181428,23024.826700256075,0.003629783327108092,24194.05859375
2025-11-20,24327.97265625,24818.995971646313,24238.696561659683,24729.719877055995,25354230,24033.36015625,23872.66162109375,53.4653353827066,-71.04531709315415,-227.42570041268056,24723.372727672275,23021.950514515225,-0.012762305572235939,24015.50390625
2025-11-21,24461.890625,24506.527714998356,24015.504380537222,24238.697502768613,24868690,24153.8841796875,23912.836328125,65.5172223029691,-40.02669816913112,-189.94589996397067,24796.20556201802,23029.467094231975,0.005489595422176034,24194.05859375
2025-11-24,24194.05859375,24595.80583179909,24194.05859375,24461.89072513603,16178580,24211.9140625,23950.77900390625,54.43035941562145,-36.633734859206015,-159.28346694301774,24812.696344538766,23088.861663273732,-0.011009331469990223,24015.50390625
2025-11-25,24015.50390625,24417.25113472033,24015.50390625,24238.697024073503,26780820,24238.6970703125,23979.7939453125,51.8072054158175,-47.8016305866513,-136.98709967174446,24807.004557892815,23152.583332732185,-0.007407472488480408,23703.03515625
2025-11-26,24194.05859375,24283.33661023198,23970.86738866487,24060.143487086938,20924420,24247.624609375,23993.18544921875,63.51347036661251,-41.76297973964756,-117.94227568532509,24825.40139730853,23160.969501128966,0.0074074724884803655,23658.396484375
2025-11-27,24015.50390625,24372.612127543656,24015.50390625,24283.33603125017,15351820,24278.871484375,23977.56201171875,61.03891676085174,-50.79959041803886,-104.51373863186785,24794.913946323137,23160.210077114363,-0.007407472488480408,23658.396484375
2025-11-28,23703.03515625,24149.41948257756,23703.03515625,24015.50437648528,22868230,24247.624609375,23961.93857421875,51.31576296059188,-82.22692538922274,-100.05637598333884,24788.13447933976,23135.742669097745,-0.013096512270100695,23926.228515625
2025-12-01,23658.396484375,23881.589609740207,23658.396484375,23792.31351043008,21721810,24176.2029296875,23982.02587890625,48.64864705061528,-109.4733419932636,-101.9397691853238,24753.761425645782,23210.290332166718,-0.001885022624807232,24372.61328125
2025-12-02,23658.396484375,23792.31351043008,23390.56626838469,23703.035493060026,28680520,24086.9259765625,23970.8662109375,42.424232379669434,-129.57269013610858,-107.46635337548076,24755.071159450697,23186.661262424303,0.0,24104.783203125
2025-12-03,23926.228515625,23970.867524118235,23613.759292292205,23747.674399711985,23680360,24015.5044921875,23973.09814453125,53.96825948024222,-122.47791265387787,-110.4686652311602,24756.48690727909,23189.70938178341,0.0112572016550599,23881.58984375
2025-12-04,24372.61328125,24506.528391059186,24015.505043052206,24060.14405234192,38589320,24019.9685546875,24026.66435546875,56.06061409626446,-79.91452548655798,-104.35783728223977,24761.649267921377,23291.679443016124,0.018484810786906482,23569.119140625
2025-12-05,24104.783203125,24417.252433867252,24104.783203125,24417.252433867252,19428310,23984.2578125,24069.07099609375,45.312524569004125,-67.02179789265574,-96.89062940432297,24708.672514673377,23429.46947751412,-0.01104980146096311,23792.3125
2025-12-08,23881.58984375,24194.059071487147,23881.58984375,24015.504953057356,23601160,23953.0109375,24082.4625,38.46159024161048,-73.96147533597832,-92.30479859065404,24692.45511523748,23472.469884762522,-0.009302431282397737,23703.03515625
2025-12-09,23569.119140625,24015.503449726584,23569.119140625,23836.949342473985,43902980,23908.3724609375,24073.534765625,32.857183932473575,-103.4821165982903,-94.5402621921813,24708.859144694037,23438.210386555966,-0.013170518486686343,23212.01171875
2025-12-10,23792.3125,24104.781711405154,23747.673493210736,23792.3125,21678800,23868.1978515625,24057.91123046875,41.17652357770031,-107.62694229128465,-97.15759821200197,24705.25457341321,23410.567887524292,0.009425180105607956,23435.205078125
2025-12-11,23703.03515625,24015.50437648528,23658.396148199274,23836.950262342278,18856420,23836.9509765625,24057.91123046875,37.3134406334039,-116.7696343750722,-101.08000544461602,24705.25457341321,23410.567887524292,-0.003759418692720001,23836.94921875
2025-12-12,23212.01171875,23836.95015644421,23212.01171875,23747.674058799275,40797020,23787.8486328125,24017.73662109375,34.72224585489646,-161.7719649606588,-113.21839734782459,24767.75013470799,23267.723107479513,-0.020933214420299568,23569.119140625
2025-12-15,23435.205078125,23569.12018498333,23256.65096296059,23435.205078125,26333340,23765.5294921875,23970.8662109375,41.09592900070786,-177.3820475495304,-126.05112738816575,24744.29876956437,23197.43365231063,0.00956949108417731,23569.119140625
2025-12-16,23836.94921875,24060.142331172236,23435.203918061754,23524.48001219476,32262890,23783.384765625,23935.15537109375,44.871777611736015,-155.542755766739,-131.9494530638804,24660.21373518574,23210.097007001765,0.01699748272643881,23836.94921875
2025-12-17,23569.119140625,23836.949342473985,23569.119140625,23836.949342473985,18201260,23747.673828125,23881.58916015625,43.7500034183023,-158.02499486692977,-137.1645614244903,24542.734155063496,23220.444165249006,-0.011299520803204679,24015.50390625
2025-12-18,23569.119140625,23836.949342473985,23569.119140625,23836.949342473985,18201260,23667.3244140625,23843.646484375,47.9451980899168,-158.16891444836438,-141.36543202926512,24483.69117031398,23203.60179843602,0.0,23881.58984375
2025-12-19,23836.94921875,23836.94921875,23569.11901829117,23569.11901829117,32538660,23640.541015625,23812.3994140625,52.564084584864496,-135.11381484608864,-140.11510859262984,24382.563406700887,23242.235421424113,0.01129952080320464,23703.03515625
2025-12-22,24015.50390625,24194.05801689683,23747.673699309693,23836.949795603174,60368990,23653.932421875,23803.4716796875,54.878040321156305,-101.26726527341089,-132.34553992878605,24353.7169387583,23253.2264206167,0.007462752879783943,23703.03515625
2025-12-23,23881.58984375,24283.337089732013,23792.31374356508,24149.420062364712,32547350,23685.1794921875,23796.7759765625,49.367085803281796,-84.27787369626094,-122.73200668228104,24339.36332543934,23254.188627685664,-0.005591755196302332,24015.50390625
2025-12-24,23703.03515625,23970.867286494456,23658.396148199274,23970.867286494456,25450590,23676.2517578125,23772.2248046875,39.726014260300836,-84.25034398543357,-115.03567414291156,24282.60207704909,23261.847532325908,-0.0075047570737983415,23836.94921875
2025-12-25,23703.03515625,23970.867286494456,23658.396148199274,23970.867286494456,25450590,23676.2517578125,23756.6013671875,43.28355577265802,-83.26865724349773,-108.6822707630288,24254.602468621077,23258.600265753925,0.0,23658.396484375
2025-12-26,24015.50390625,24729.72034883731,23792.312706486362,24194.05801689683,103438500,23756.6009765625,23772.2248046875,52.173890987122284,-56.62431683606701,-98.27067997763643,24282.60207704909,23261.847532325908,0.013096512270100655,23569.119140625
2025-12-29,23836.94921875,24104.781337268647,23792.312130713406,24104.781337268647,18177720,23796.775390625,23781.15244140625,54.54544249192699,-49.34750877513943,-88.48604573713703,24289.388165829147,23272.916716983356,-0.0074627528797840655,23569.119140625
2025-12-30,23658.396484375,23970.867627110263,23658.396484375,23836.95060105518,27040090,23778.9201171875,23781.15244140625,47.692295265040215,-57.32746407611921,-82.25432940493347,24289.388165829147,23272.916716983356,-0.007518782015123912,23569.119140625
2025-12-31,23569.119140625,23747.6732478776,23524.480134296897,23613.758146953107,22164670,23778.9201171875,23763.29697265625,47.692295265040215,-70.04810076120339,-79.81308367618746,24275.151509568168,23251.442435744335,-0.0037807387880807726,23167.373046875
2026-01-01,23569.119140625,23569.119140625,23569.119140625,23569.119140625,0,23778.9201171875,23723.122265625,57.40740890789952,-79.21614259981652,-79.69369546091328,24153.21040662338,23293.034124626618,0.0,23167.373046875
2026-01-02,23569.119140625,23569.119140625,23569.119140625,23569.119140625,0,23752.137109375,23696.3390625,53.061198977040554,-85.49633329844801,-80.85422302842022,24091.664427440148,23301.01369755985,0.0,23747.673828125
2026-01-05,23167.373046875,23703.03539469255,22944.181840495963,23569.120287253143,51136690,23667.3240234375,23660.62822265625,34.693884840372576,-121.49051487659744,-88.98148139805568,24110.732794568998,23210.523650743504,-0.01719238952324421,23569.119140625
2026-01-06,23167.373046875,23390.56617131396,22631.71261711737,23212.012055374777,43578260,23595.90234375,23640.54091796875,39.53488135455248,-148.30657719706505,-100.84650055785757,24140.894236717395,23140.187599220102,0.0,23390.56640625
2026-01-07,23747.673828125,23881.588932321552,23167.372485860094,23167.372485860094,40974670,23600.3662109375,23638.308984375,53.57144531414811,-121.33440897581386,-104.94408224144884,24136.203937107453,23140.414031642544,0.024739626935065373,24551.166015625
2026-01-08,23569.119140625,23926.227355130195,23569.119140625,23836.949342473985,41270460,23586.974609375,23631.61318359375,44.444462450320664,-113.06331881414008,-106.56792955598709,24129.444936188236,23133.78143099926,-0.007547237411821097,24327.97265625
2026-01-09,23390.56640625,23926.228759447768,23390.56640625,23926.228759447768,38598230,23524.480859375,23640.54091796875,37.03705504292785,-119.53817206992608,-109.1619780587749,24112.416732749458,23168.66510318804,-0.007604548146248345,24327.97265625
2026-01-12,24551.166015625,24640.44211110916,23524.480368227996,23524.480368227996,91888390,23595.9025390625,23696.33896484375,59.74024719475266,-30.665359803722822,-93.46265440776449,24308.92177082732,23083.756158860182,0.04842655261065949,24640.443359375
2026-01-13,24327.97265625,24908.273984296455,24104.781460744296,24774.358883381065,50355140,23662.86015625,23720.89013671875,58.974343152620605,21.509200737360516,-70.46828337873949,24393.607911779698,23048.172361657802,-0.009132522245127792,24640.443359375
2026-01-14,24327.97265625,24640.44186440585,24104.781460744296,24506.526763490463,59299130,23738.7455078125,23758.8328125,58.974343152620605,62.14158633806801,-43.94630943537799,24479.40722380054,23038.258401199462,0.0,24729.720703125
2026-01-15,24640.443359375,24908.275495515343,24327.974132261217,24327.974132261217,68131470,23845.8779296875,23812.3990234375,58.9743661660542,118.1943481111266,-11.518177926077072,24626.76860726244,22998.029439612565,0.012762305572235948,24327.97265625
2026-01-16,24640.443359375,25220.744722629126,24372.6131412946,24818.99747744858,72134700,23953.0103515625,23852.57373046875,62.1621829366574,160.76338541923542,22.93813474298543,24747.349704667824,22957.797756269676,0.0,23926.228515625
2026-01-19,24729.720703125,25176.105027107216,24685.08169530881,24908.274816329864,44512490,24109.2451171875,23888.2845703125,66.66666666666666,199.4049732911808,58.23150245262451,24863.805969018314,22912.763171606683,0.0036166556364177218,23970.8671875
2026-01-20,24327.97265625,24952.912990621528,24194.057555334613,24863.634977971382,48586560,24225.305078125,23910.6037109375,60.75947404071582,195.35902303226612,85.65700656855284,24905.70935564573,22915.49806622927,-0.016378961208653783,23881.58984375
2026-01-21,23926.228515625,24327.973837884347,23792.31340820522,24238.6977389578,40957730,24243.160546875,23921.76337890625,54.54547262573388,157.91483969656474,100.10857319415523,24912.062225396687,22931.464532415812,-0.01665154177614262,23479.84375
2026-01-22,23970.8671875,24372.612504117715,23970.8671875,24015.504277306485,30505860,24283.3353515625,23935.15498046875,55.05619966107645,130.33954920196265,106.15476839571672,24920.229759809758,22950.08020112774,0.0018639411907394618,23613.759765625
2026-01-23,23881.58984375,24238.698080609578,23881.58984375,24194.059071487147,26656960,24332.4376953125,23928.45927734375,59.756107321742725,100.12778650161636,104.94937201689665,24913.05485549391,22943.863699193593,-0.003731363147193797,23836.94921875
2026-01-26,23479.84375,23926.22807248505,23345.926727000588,23881.58906481858,37135230,24225.30546875,23910.60400390625,53.846168640497126,43.26842321499862,92.61318225651705,24914.940992245534,22906.267015566966,-0.01696552234163918,24194.05859375
2026-01-27,23613.759765625,23703.03586634107,23390.566636744894,23524.481746848975,23115620,24153.8841796875,23908.37216796875,48.14816815467187,8.910160653231287,75.8725779358599,24915.26410083681,22901.480235100695,0.005687242707465281,23926.228515625
2026-01-28,23836.94921875,24194.057431401652,23703.034118520583,23703.034118520583,32980970,24104.7818359375,23921.763671875,53.658527475306826,-0.3059594595870294,60.63687045677052,24916.711007675764,22926.816336074236,0.009407281950692304,23703.03515625
2026-01-29,24194.05859375,24194.05859375,23926.22838042388,23926.22838042388,30369570,24060.143359375,23953.01064453125,60.465107996756075,20.964277881761518,52.70235194176872,24940.551966559233,22965.469322503264,0.014870225368264517,23881.58984375
2026-01-30,23926.228515625,24551.166962290594,23881.58950713177,24372.61284637758,44614240,23988.721875,23970.86611328125,39.39396350097851,16.02472224029043,45.366826001473065,24941.95861668113,22999.773609881366,-0.011131805728328451,25265.3828125
2026-02-02,23703.03515625,23926.22827844373,23435.204944065445,23926.22827844373,48426730,23886.0533203125,23997.64921875,39.39396350097851,-5.832516371861857,35.12695752680608,24902.738188760857,23092.560248739144,-0.009372179030252671,24595.8046875
2026-02-03,23881.58984375,24194.059071487147,23792.31374356508,23792.31374356508,35232890,23841.4150390625,24033.36005859375,42.85717857491106,-8.646987320164044,26.37216855741206,24852.825825845455,23213.894291342043,0.007504757073798205,23926.228515625
2026-02-04,25265.3828125,25533.213020836654,23970.866942106382,23970.866942106382,159959910,23975.33046875,24109.2455078125,57.44681643355097,99.63452710575802,41.02464026708125,25083.744688051782,23134.746327573215,0.056327327839315926,23881.58984375
2026-02-05,24595.8046875,25310.019195828067,24595.8046875,25265.382107723686,36175810,24037.82421875,24160.57978515625,49.54128256231472,129.92139564907848,58.8039913434807,25123.37508837903,23197.784481933468,-0.026859303283065905,23703.03515625
2026-02-06,23926.228515625,25086.82931002964,23926.228515625,24417.25185487081,73780300,24042.2880859375,24187.362890625,42.62295493523289,98.7563542083808,66.79446391646073,25087.74684376915,23286.978937480853,-0.027600602599795705,23970.8671875
2026-02-09,23881.58984375,24372.613189916934,23836.950834627565,24149.420062364712,26741440,24082.4626953125,24153.88408203125,45.614053268177805,69.65295071685978,67.36616127654054,25047.07603164565,23260.69213241685,-0.0018674219564543432,24015.50390625
2026-02-10,23703.03515625,24060.143384536008,23569.120050157722,24015.50437648528,35797740,24091.390234375,24122.63720703125,47.706412811573614,31.81369426946185,60.2556678751248,25033.731622131218,23211.542791931282,-0.0075047570737983415,23970.8671875
2026-02-11,23970.8671875,24194.0583907121,23658.396050495256,23792.313074094385,29144720,24104.78203125,24104.78193359375,50.0,23.170522118143708,52.838638723728586,25012.92488363924,23196.63898354826,0.011236120220992225,23970.8671875
2026-02-12,24015.50390625,24194.05801689683,23881.588802779846,24104.781920603345,14450700,24086.9265625,24073.5349609375,51.32741992190828,19.69551839995256,46.21001465897338,24946.394402356163,23200.675519518838,0.001860392049108375,23970.8671875
2026-02-13,23970.8671875,24238.697398578475,23926.228179633625,24015.504277306485,26476780,24091.3904296875,24040.05615234375,55.23809841301062,13.187722898237553,39.605556306826216,24871.755243708005,23208.357060979495,-0.0018603920491085104,23970.8671875
2026-02-16,23970.8671875,23970.8671875,23970.8671875,23970.8671875,0,24118.1736328125,24002.1134765625,53.92156568358171,7.938735278396052,33.272192101140185,24767.969452521105,23236.257500603893,0.0,23970.8671875
2026-02-17,23970.8671875,23970.8671875,23970.8671875,23970.8671875,0,24127.1013671875,23984.258203125,51.54642058417827,3.7358106727842824,27.364915815469004,24734.620774487415,23233.89563176258,0.0,23970.8671875
2026-02-18,23970.8671875,23970.8671875,23970.8671875,23970.8671875,0,23997.6498046875,23986.49013671875,47.19102338839164,0.400347683513246,21.972002189077852,24736.391349791716,23236.58892364578,0.0,24551.166015625
2026-02-19,23970.8671875,23970.8671875,23970.8671875,23970.8671875,0,23935.1560546875,23986.49013671875,50.60241217908471,-2.2174691620275553,17.13410791885677,24736.391349791716,23236.58892364578,0.0,25265.3828125
2026-02-20,23970.8671875,23970.8671875,23970.8671875,23970.8671875,0,23939.619921875,23990.95400390625,53.84617110623207,-4.243194962240523,12.858647342637312,24739.287263802988,23242.62074400951,0.0,26158.15234375
2026-02-23,24551.166015625,24551.166015625,24194.057797568665,24194.057797568665,39695150,24006.5775390625,24044.5201171875,58.62068271830012,40.50969783630717,18.388857441371286,24792.180314273417,23296.859920101586,0.023920122830530886,26247.4296875
2026-02-24,25265.3828125,25354.658909258927,24417.251262020764,24551.166366189093,109448130,24162.8123046875,24127.10126953125,50.0,132.085415901136,41.128169133324235,25024.323675196887,23229.87886386561,0.028675841861591042,25711.767578125
2026-02-25,26158.15234375,26515.260579075042,25354.65977329863,25354.65977329863,150050120,24381.5408203125,24243.16142578125,72.72730372207252,273.54560871943977,87.61165705054734,25507.68707189458,22978.635779667922,0.034725704514054385,25443.9375
2026-02-26,26247.4296875,26381.344792792574,25711.767348269826,26336.70578500842,59946480,24604.7333984375,24345.82998046875,90.62502350085082,388.3807546315584,147.76547656674956,25894.971189441894,22796.688771495603,0.0034071725437122315,25443.9375
2026-02-27,25711.767578125,26247.429922143827,25711.767578125,26202.790913960616,52037150,24778.8234375,24435.10693359375,77.33334422329398,431.19443851989854,204.45126895737937,26084.958311242524,22785.255555944976,-0.020619298054492727,24729.720703125
2026-03-02,25443.9375,26113.513035997446,25042.190260341617,25176.105367541106,95597700,24926.13046875,24522.15205078125,75.32471960296076,438.45866395497796,251.2527479568991,26192.942498794844,22851.361602767654,-0.010471267083566488,24327.97265625
2026-03-03,25443.9375,26113.513035997446,25042.190260341617,25176.105367541106,95597700,25073.4375,24600.26943359375,73.23947307443908,439.1533287379607,288.83286411311144,26290.933606349474,22909.605260838023,0.0,24327.97265625
2026-03-04,24729.720703125,24863.635808513674,23926.22815273306,24640.442687492625,75103050,25149.3228515625,24573.486328125,59.302342737625295,377.718426139294,306.609976518348,26236.53207668403,22910.44057956597,-0.028471714817772747,22631.712890625
2026-03-05,24327.97265625,25131.465179802162,24194.057555334613,24952.912990621528,52798790,25185.0333984375,24560.0947265625,54.255288447663844,293.2329069606931,303.93456260681705,26226.693385199807,22893.496067925193,-0.016378961208653783,24194.05859375
2026-03-06,24327.97265625,24640.44186440585,23970.866359828906,24104.781460744296,48786870,25220.7439453125,24580.18193359375,54.255288447663844,223.69886308047353,287.88742270154836,26224.143262185342,22936.22060500216,0.0,24461.890625
2026-03-09,22631.712890625,23345.927444953202,22631.712890625,22765.62799968279,133080090,25028.7986328125,24517.6880859375,38.63636438970885,31.357179442631605,236.58137404976503,26356.897476756494,22678.47869511851,-0.07227467848571156,23926.228515625
2026-03-10,24194.05859375,24194.05859375,23345.927027470738,23926.22838042388,100360260,24921.6662109375,24542.2392578125,51.496999555644976,4.9363474463971215,190.25236872909144,26348.474340263874,22736.004175361126,0.06675494243789733,23792.3125
2026-03-11,24461.890625,24685.081829171486,24060.143388595483,24238.697502768613,54904520,24752.0400390625,24566.7904296875,53.179191774800465,5.545528888706031,153.31100076101436,26353.56872603242,22780.012133342578,0.011009331469990273,23881.58984375
2026-03-12,23926.228515625,24238.6977389578,23792.31340820522,24104.782631538015,48450490,24519.919921875,24562.32666015625,49.72972857914217,-36.77126963385308,115.29454668204087,26355.33903052653,22769.31428978597,-0.022141137198318686,24015.50390625
2026-03-13,23792.3125,24283.335820502365,23658.395479632207,23836.949588729418,31533150,24327.9744140625,24553.39892578125,45.14286271483038,-80.18916978390916,76.19780338885087,26360.533725265253,22746.264126297247,-0.00561276033753264,23926.228515625
2026-03-16,23881.58984375,24060.14396217979,23703.035725320213,23792.31374356508,21868440,24171.7396484375,24548.93505859375,40.37267232664065,-106.1703670406896,39.724169302942784,26362.557926954396,22735.312190233104,0.0037453383810783798,23836.94921875
2026-03-17,24015.50390625,24417.25113472033,24015.50390625,24104.781920603345,26593930,24028.8962890625,24551.16689453125,33.333323205025906,-114.63348392801709,8.852638656750809,26361.90209124353,22740.431697818967,0.005591755196302265,23122.736328125
2026-03-18,23926.228515625,24238.6977389578,23792.31340820522,24015.504614551548,25364350,23948.5470703125,24548.9349609375,31.944438114250374,-127.07945015537189,-18.33377910567373,26362.78923883121,22735.080683043787,-0.003724333239848036,22765.626953125
2026-03-19,23836.94921875,23970.86623703923,23524.48001219476,23658.395112424176,40521030,23899.4447265625,24542.2390625,34.32834066435335,-142.50435962660777,-43.16789520986054,26366.039866320756,22718.438258679245,-0.0037384196399359673,23167.373046875
2026-03-20,23122.736328125,23703.035775710516,23122.736328125,23658.396766493184,66974380,23778.92109375,24499.83251953125,31.944438114250374,-209.93966903852197,-76.52224997559283,26416.641293603283,22583.023745459217,-0.030420474902669775,23524.48046875
2026-03-23,22765.626953125,23390.565378705636,22542.43383624912,22899.542056026585,48799190,23792.3125,24410.55556640625,30.263144638156334,-288.86848360297154,-118.99149670106857,26477.72585421289,22343.385278599606,-0.015564581465328102,23122.736328125
2026-03-24,23167.373046875,23479.84418831351,23078.09694793537,23212.012055374777,30556680,23689.6439453125,24305.655078125,37.93102511798573,-315.3672284628374,-158.26664305342234,26402.889229228047,22208.420927021954,0.0174931460415488,23658.396484375
2026-03-25,23524.48046875,23569.11947571275,23301.28927005596,23479.8433798471,25263810,23595.9029296875,24173.971484375,43.75000000000001,-304.0472230785417,-187.42275905844622,26105.64836296369,22242.294605786312,0.0152966463388644,24015.50390625
2026-03-26,23122.736328125,23524.48165690114,23122.736328125,23479.844565743755,20266620,23515.5537109375,24017.73681640625,41.176482363717426,-323.76131300589986,-214.69046984793695,25737.082770980454,22298.390861832046,-0.017225210915085127,24015.50390625
2026-03-27,23658.396484375,23836.95060105518,23078.097043709353,23167.373143019482,29550070,23502.162109375,23915.06826171875,59.055113227243446,-292.7865127295481,-230.3096784242592,25443.07236338163,22387.064160055867,0.022901692887545944,24238.697265625
2026-03-30,24015.50390625,24194.05801689683,23167.372360192538,23345.926470839364,45403710,23515.553515625,23843.64658203125,47.999989498960396,-236.69470663434913,-231.5866840662772,25193.96105489034,22493.332109172163,0.014981534894907845,24417.251953125
2026-03-31,24015.50390625,24327.973120366983,23926.22780995652,24149.419009720157,25908300,23515.553515625,23772.22490234375,44.68082135286577,-190.05075933316039,-223.27949911965385,24898.699736816518,22645.750067870984,0.0,23792.3125
2026-04-01,24238.697265625,24506.52747523438,24194.058258003475,24417.251378051213,34654070,23546.800390625,23747.67373046875,54.02298561538222,-133.5359370891165,-205.3307867135464,24805.59964884916,22689.74781208834,0.009250798713576548,23970.8671875
2026-04-02,24417.251953125,24551.16706108365,23881.589603230466,24104.782728534836,55006270,23604.8306640625,23752.1376953125,57.95456409986134,-73.49248661769525,-178.96312669437617,24821.069680255267,22683.205710369733,0.0073395131286105135,23926.228515625
2026-04-03,23792.3125,24461.889929599576,23747.673493210736,24417.25092281031,34521630,23671.78828125,23725.3546875,48.9999947494802,-75.46509590939968,-158.26352053738086,24759.824352553864,22690.885022446135,-0.025927405419567805,24997.55078125
2026-04-06,23970.8671875,24194.0583907121,23747.67406622801,23792.313074094385,21722910,23792.3123046875,23792.31240234375,49.50496979652946,-61.906907651798974,-138.9921979602645,24693.50025750129,22891.124547186206,0.007476701528272267,25220.744140625
2026-04-07,23926.228515625,24194.058730464563,23881.58950713177,23926.228515625,14481060,23868.1978515625,23778.9208984375,50.0,-54.139823352797976,-122.0217230387712,24662.765340501577,22895.076456373423,-0.0018639411907395134,24997.55078125
2026-04-08,24997.55078125,25042.189788829306,24461.89036253784,24551.166459636574,74411260,24015.5048828125,23805.70390625,60.65575534304823,38.02408238262797,-90.01256195449136,24801.99960248829,22809.408210011712,0.0438025666827613,24818.99609375
2026-04-09,25220.744140625,25533.213360528116,24685.081798765415,24908.274920721884,56768360,24225.3056640625,23870.4296875,71.17116442389788,127.60354622938394,-46.4893403177163,25050.875494579548,22689.983880420452,0.008888984754974068,25488.57421875
2026-04-10,24997.55078125,25533.21311802204,24997.55078125,25533.21311802204,39020740,24359.22109375,23930.6916015625,73.14815002376102,178.52811691440002,-1.4858488712930367,25213.005968196372,22648.377234928626,-0.008888984754974101,25042.189453125
2026-04-13,24818.99609375,25131.465303443125,24818.99609375,24863.635100294683,25305720,24439.5703125,23977.5619140625,67.96115638759503,202.14809760021672,39.240940423008915,25319.462020549563,22635.661807575434,-0.007168519832306173,24952.9140625
2026-04-14,25488.57421875,25711.767339535054,24952.91379776169,25086.828903008765,68127620,24586.87734375,24051.2154296875,70.0,271.7637380509259,85.74549994859231,25553.951691022303,22548.4791683527,0.02662095041150356,24997.55078125
2026-04-15,25042.189453125,25667.12787861813,25042.189453125,25622.488871637233,32728520,24667.2265625,24107.0134765625,69.36933953934256,287.5998427068844,126.11636850025073,25671.801448317583,22542.22550480742,-0.01766830126490585,25399.298828125
2026-04-16,24952.9140625,25176.105267593117,24774.35994758956,25042.190160925267,30769310,24720.7927734375,24162.81171875,64.35644207738264,289.60787254181923,158.81466930856442,25766.164183853358,22559.45925364664,-0.0035713691636614906,25488.57421875
2026-04-17,24997.55078125,25220.74390108665,24908.274684151267,24952.913691730573,23539450,24841.3166015625,24256.55244140625,61.70212468848359,291.44150456301213,185.34003635945396,25822.660381325702,22690.444501486796,0.0017872398493696967,25176.10546875
2026-04-20,25399.298828125,25399.298828125,25042.19059215468,25131.466692117287,29085870,24984.159765625,24388.23603515625,65.0485523502617,321.6051173837477,212.5930525643127,25866.96208665198,22909.50998366052,0.01594371713258207,24818.99609375
2026-04-21,25488.57421875,26292.066768292356,25443.9371290409,26024.236557798202,109612030,25140.3943359375,24504.29609375,63.99998949897419,348.69424557082675,239.8132911656155,25943.399245103672,23065.192942396327,0.0035087134466153524,24908.275390625
2026-04-22,25176.10546875,25622.48980056275,25042.190361012166,25488.57469282492,30520160,25158.2498046875,24586.87734375,58.25241976079574,341.01791585335013,260.05421610316245,25977.994339203182,23195.760348296815,-0.01233493288718968,24908.275390625
2026-04-23,24818.99609375,25310.019411562032,24640.441985631092,25176.10430998781,45247290,25118.075,24671.69033203125,61.85565057200827,302.6300958085667,268.56939204424333,25882.04358123066,23461.337082831837,-0.014286017524313934,24774.359375
2026-04-24,24908.275390625,24952.914399470403,24551.167155981642,24908.275390625,25742200,25109.1474609375,24734.18427734375,61.05262624601779,276.2273875947467,270.100991154344,25849.59162766949,23618.776927018007,0.0035907617746707946,24774.359375
2026-04-27,24908.275390625,24908.275390625,24908.275390625,24908.275390625,0,25118.075390625,24778.8228515625,61.70212468848359,252.39361463412206,266.5595158502996,25843.429385281404,23714.2163178436,0.0,24774.359375
2026-04-28,24774.359375,24997.55057493468,24729.72036778912,24818.99646415102,15478650,25046.65390625,24816.765625,46.575362171168955,220.16139110076256,257.2798909003922,25819.09550236238,23814.43574763762,-0.005390871099054174,24774.359375
2026-04-29,24774.359375,24908.27447857278,24640.442353367354,24685.08136057824,18963120,25019.8708984375,24843.54873046875,42.64706733970987,192.39926279285282,244.30376527888436,25808.78098358448,23878.31647735302,0.0,24640.443359375
2026-04-30,24774.359375,24774.359375,24774.359375,24774.359375,0,25002.0154296875,24861.4041015625,46.03176697734502,168.4557233744854,229.1341568980046,25806.433215640245,23916.374987484756,0.0,24372.61328125
2026-05-01,24774.359375,24774.359375,24774.359375,24774.359375,0,24979.6962890625,24910.5064453125,49.152576310403134,147.77681672619656,212.86268886364297,25712.940801285185,24108.072089339817,0.0,24640.443359375
2026-05-04,24640.443359375,24952.914504548724,24461.891159361363,24774.360386475142,35611730,24903.8107421875,24943.98525390625,29.787251869098412,119.20856876983453,194.13186484488128,25628.571149079253,24259.399358733244,-0.005420090177693313,24774.359375
2026-05-05,24372.61328125,24729.721519447794,24283.33718073053,24685.08251015808,33762080,24792.2146484375,24966.3044921875,32.55817029776314,74.10217375394132,170.12592662669329,25529.52810156345,24403.08088281155,-0.010929036561472124,24863.63671875
2026-05-06,24640.443359375,24818.99747744858,24372.6131412946,24461.891159361363,30439200,24738.6484375,24948.44912109375,42.55316375918025,59.283298720078164,147.9574010453703,25529.850662563746,24367.04757962375,0.01092903656147217,24545.455078125
2026-05-07,24774.359375,24908.27447857278,24640.442353367354,24818.99646415102,22382910,24734.184765625,24926.1298828125,44.89799016333718,57.68023492607608,129.90196782151145,25497.707849699716,24354.551915925284,0.0054200901776932505,24454.544921875
2026-05-08,24863.63671875,24908.275728200384,24595.806498167618,24774.36061790919,22746020,24729.7208984375,24919.4341796875,35.714293155482764,62.88878803703483,116.49933186461612,25490.626712461755,24348.241646913248,0.003597141183855178,24636.36328125
2026-05-11,24545.455078125,25000.0,24545.455078125,25000.0,26023910,24693.4388671875,24905.75712890625,27.584538954811364,40.87087070331472,101.37363963235585,25499.72162280313,24311.792635009373,-0.01287965544472215,24590.908203125
2026-05-12,24454.544921875,24727.2734375,24409.091796875,24545.455078125,21087990,24661.457421875,24854.0556640625,30.831644475437102,15.902508525006851,84.27941341088606,25413.421190213365,24294.690137911635,-0.0037106228799876993,24136.36328125
2026-05-13,24636.36328125,24772.7265625,24363.63671875,24500.0,23699170,24647.6578125,24833.76435546875,44.650082387403884,10.663204904965824,69.55617170970201,25393.837173690645,24273.691537246854,0.0074074486457184705,24045.455078125
2026-05-14,24590.908203125,24909.091796875,24590.908203125,24818.181640625,15451810,24629.3126953125,24815.6640625,40.45828332248949,2.81077327354069,56.20709202246975,25382.876538062792,24248.451586937208,-0.0018467442810843116,23863.63671875
2026-05-15,24136.36328125,24636.36328125,24045.455078125,24590.908203125,83422020,24565.5130859375,24772.6046875,31.773855409796454,-39.63344212314405,37.03898519334699,25408.29776827724,24136.91160672276,-0.01865723621522243,23818.181640625
2026-05-18,24045.455078125,24272.7265625,23863.63671875,24090.908203125,30234050,24506.0142578125,24704.9125,32.432552022286046,-79.68773030860393,13.693642092956804,25347.908514566214,24061.916485433783,-0.0037735525181870344,24136.36328125
2026-05-19,23863.63671875,24227.2734375,23863.63671875,24090.908203125,27623090,24455.1166015625,24623.665625,29.819178034762132,-124.6652015116415,-13.978126627962858,25260.343939509487,23986.987310490516,-0.00759017653836964,23954.544921875
2026-05-20,23818.181640625,24000.0,23409.091796875,23909.091796875,45082180,24372.8904296875,24555.76943359375,29.23033584403926,-162.10932106232576,-43.604365514835436,25232.73998784171,23878.798879345788,-0.001906600606209435,24100.0
2026-05-21,24136.36328125,24272.7265625,23909.091796875,23954.544921875,33618750,24309.0908203125,24521.63779296875,37.824701706049076,-164.2164710756806,-67.72678662700447,25211.441310674447,23831.834275263056,0.013270329662766029,24250.0
2026-05-22,23954.544921875,24227.2734375,23954.544921875,24181.818359375,28373400,24218.181640625,24473.95126953125,37.14556789664331,-178.49998797559965,-89.88142689672351,25182.81438364373,23765.088155418773,-0.007561480224487854,24150.0
2026-05-25,24100.0,24350.0,24100.0,24250.0,26989100,24173.6361328125,24433.5375,44.64533979062894,-176.0533355769512,-107.11580863276905,25130.198634657318,23736.87636534268,0.006053767550280256,24000.0
2026-05-26,24250.0,24250.0,24000.0,24100.0,20723700,24153.181640625,24407.31953125,41.958708064260506,-160.16432488767532,-117.7255118837503,25089.287013773886,23725.352048726112,0.00620477688688287,24000.0
2026-05-27,24150.0,24500.0,24150.0,24400.0,23114500,24104.5453125,24376.1015625,36.958955254324685,-153.86764329479047,-124.95393816595835,25044.34863107019,23707.85449392981,-0.004132237284910495,24050.0
2026-05-28,24000.0,24250.0,24000.0,24150.0,15668300,24045.4544921875,24337.38359375,32.4074103545079,-159.14668029985842,-131.79248659273838,24998.16362166203,23676.60356583797,-0.0062305497506360856,23700.0
2026-05-29,24000.0,24200.0,23900.0,24050.0,16365900,24031.8181640625,24298.665625,37.23403963544243,-161.46904057106804,-137.72779738840433,24942.158053118117,23655.173196881886,0.0,24150.0
2026-06-01,24050.0,24150.0,23950.0,24000.0,9668300,24032.27265625,24269.14345703125,40.34708674745286,-157.45984658901216,-141.67420722852592,24900.680146681112,23637.606767381385,0.002081166203824671,23950.0
2026-06-02,23700.0,24050.0,23700.0,24000.0,25529600,24015.908984375,24235.51279296875,29.317280164834315,-180.44455390689473,-149.42827656419968,24913.758384744913,23557.26720119259,-0.01465994841068463,23750.0
2026-06-03,24150.0,24150.0,23600.0,23700.0,20573500,24049.0908203125,24210.990625,41.73766514970621,-160.49873139062765,-151.64236752948528,24862.530999455477,23559.45025054452,0.018809331957496293,23300.0
2026-06-04,23950.0,24150.0,23900.0,24150.0,10065300,24030.4544921875,24169.77265625,46.1393676230921,-158.99703305006915,-153.11330063360208,24773.82065394997,23565.72465855003,-0.008316056241657505,23550.0
2026-06-05,23750.0,24050.0,23750.0,23950.0,13891200,24010.0,24114.0908203125,44.14413647177961,-171.96297272000083,-156.88323505088184,24650.335821346092,23577.845819278908,-0.00838579337627407,23600.0
2026-06-08,23300.0,23750.0,23300.0,23650.0,22769900,23930.0,24051.81806640625,39.902277622807304,-216.0592163620313,-168.71843131311175,24661.393354895892,23442.242777916606,-0.019129169908995304,23300.0
2026-06-09,23550.0,23550.0,23300.0,23350.0,12441700,23860.0,24006.5908203125,45.52352424538999,-228.20232216291333,-180.61520948307208,24624.522349388313,23388.659291236687,0.01067245989077198,23200.0
2026-06-10,23600.0,23700.0,23450.0,23550.0,7505500,23805.0,23954.77265625,40.16667573784486,-231.12695124152015,-190.7175578347617,24522.081600123453,23387.463712376546,0.0021208915691376296,24350.0
2026-06-11,23300.0,23550.0,23300.0,23500.0,10177700,23735.0,23890.22724609375,38.4984140690369,-254.71602586160589,-203.51725144013054,24446.431284284652,23334.023207902846,-0.01279335145990947,24200.0
2026-06-12,23200.0,23550.0,23200.0,23550.0,13271400,23655.0,23843.40908203125,33.92857142857143,-278.2719558247918,-218.4681923170628,24466.04622755756,23220.771936504938,-0.0043010818993905854,24000.0
2026-06-15,24350.0,24350.0,23550.0,23550.0,30695200,23685.0,23858.636328125,51.315789473684205,-201.8183743905356,-215.13822873175738,24516.005921253534,23201.26673499647,0.04837957085633447,23650.0
2026-06-16,24200.0,24350.0,24100.0,24250.0,14145800,23735.0,23875.4544921875,50.649350649350644,-151.58473224813497,-202.4275294350329,24550.340424705886,23200.56855966911,-0.00617921636595812,23600.0
2026-06-17,24000.0,24300.0,24000.0,24200.0,19039000,23720.0,23884.54541015625,50.0,-126.45484473203032,-187.23299249443238,24561.079279425987,23208.011540886513,-0.008298802814695066,23600.0
2026-06-18,23650.0,24150.0,23650.0,24050.0,18040500,23690.0,23860.22724609375,45.88235294117647,-133.24533349027115,-176.43546069360016,24533.60642439938,23186.84806778812,-0.014690715410003594,23300.0
2026-06-19,23600.0,23900.0,23600.0,23800.0,20055700,23675.0,23842.5,44.70588235294118,-141.03565564000746,-169.35549968288163,24524.04236845514,23160.95763154486,-0.0021164029063776126,23500.0
2026-06-22,23600.0,23850.0,23600.0,23700.0,10684400,23705.0,23817.5,48.71794871794872,-145.53194045088094,-164.5907878364815,24495.946367580855,23139.053632419145,0.0,23400.0
2026-06-23,23300.0,23700.0,23300.0,23650.0,29071800,23680.0,23770.0,38.66666666666667,-171.32781099556814,-165.93819246829884,24453.951367922946,23086.048632077054,-0.01279335145990947,23500.0
2026-06-24,23500.0,23600.0,23300.0,23400.0,12927300,23670.0,23737.5,43.99999999999999,-173.63138124003308,-167.4768302226457,24407.044228325267,23067.955771674733,0.008547060578458348,23650.0
2026-06-25,23400.0,23600.0,23400.0,23500.0,7659100,23680.0,23707.5,45.205479452054796,-181.43467551999856,-170.2683992821163,24381.275692801395,23033.724307198605,-0.00426439878645754,23300.0
2026-06-26,23500.0,23500.0,23350.0,23400.0,15468600,23710.0,23682.5,53.03030303030303,-177.50352801262125,-171.71542502821728,24347.627609441664,23017.372390558336,0.004264398786457518,23300.0
2026-06-29,23650.0,23650.0,23450.0,23550.0,14158200,23640.0,23662.5,51.5625,-160.43492494544262,-169.45932501166237,24304.761628932854,23020.238371067146,0.00636269378782865,23400.0
2026-06-30,23300.0,23700.0,23250.0,23700.0,30593200,23550.0,23642.5,45.714285714285715,-173.15399747178162,-170.19825950368622,24304.454840246526,22980.545159753474,-0.014909754366287038,23250.0
2026-07-01,23300.0,23700.0,23250.0,23700.0,30593200,23480.0,23600.0,50.0,-181.1458178559842,-172.38777117414583,24233.287163598354,22966.712836401646,0.0,23100.0
2026-07-02,23400.0,23650.0,23350.0,23500.0,13367500,23455.0,23572.5,53.125,-177.36566781106376,-173.3833505015294,24189.346820531246,22955.653179468754,0.004282661792000949,23100.0
2026-07-03,23250.0,23500.0,23250.0,23400.0,15935100,23420.0,23547.5,25.0,-184.3485625871399,-175.57639291865152,24174.50205657309,22920.49794342691,-0.0064308903302904025,23200.0
2026-07-06,23100.0,23600.0,23000.0,23400.0,21299300,23370.0,23537.5,25.0,-199.68446518848577,-180.3980073726184,24187.095015536634,22887.904984463366,-0.006472514505617479,23200.0
2026-07-07,23100.0,23250.0,23000.0,23200.0,13839600,23350.0,23515.0,27.5,-209.42416705349024,-186.20323930879277,24193.310594902818,22836.689405097182,0.0,22950.0
2026-07-08,23200.0,23400.0,23050.0,23150.0,12499500,23320.0,23495.0,37.14285714285714,-206.69117943144374,-190.30082733332296,24186.22317212586,22803.77682787414,0.00431966114451638,22400.0
2026-07-09,23200.0,23250.0,23100.0,23200.0,11643400,23300.0,23490.0,38.23529411764706,-202.19449477677335,-192.67956082201306,24188.56996786258,22791.43003213742,0.0,22500.0
2026-07-10,22950.0,23250.0,22950.0,23200.0,11906800,23245.0,23477.5,33.33333333333333,-216.31026042024678,-197.4057007416598,24206.21552459722,22748.78447540278,-0.010834342165710118,22400.0
2026-07-13,22400.0,22950.0,22350.0,22950.0,32309000,23120.0,23380.0,29.545454545454547,-268.7791906489474,-211.68039872311735,24138.391649964844,22621.608350035156,-0.02425697764555998,22200.0
2026-07-14,22500.0,22500.0,22000.0,22300.0,22481900,23040.0,23295.0,26.190476190476204,-298.847108171165,-229.1137406127269,24047.46961820087,22542.53038179913,0.004454350349380375,21850.0
2026-07-15,22400.0,22600.0,22150.0,22500.0,21464500,22950.0,23215.0,26.190476190476204,-326.9761363361904,-248.68621975741962,23991.70017245674,22438.29982754326,-0.004454350349380309,20600.0
2026-07-16,22200.0,22400.0,21800.0,22300.0,22880600,22830.0,23142.5,20.454545454545453,-361.24274089470055,-271.19752398487583,24013.237739233766,22271.762260766234,-0.008968669982760375,20800.0
2026-07-17,21850.0,22350.0,21850.0,22200.0,17006300,22690.0,23055.0,12.5,-411.8932972765033,-299.33667864320137,24071.650848309317,22038.349151690683,-0.015891367336634554,20700.0
2026-07-20,20600.0,21750.0,20500.0,21750.0,53245200,22440.0,22905.0,9.090909090909093,-546.597940626616,-348.78893103988435,24369.63575496999,21440.36424503001,-0.0589098457460638,20800.0
2026-07-21,20800.0,21150.0,20500.0,20500.0,27198700,22210.0,22780.0,14.285714285714292,-629.952314298338,-405.0216076915751,24506.08470853905,21053.91529146095,0.00966191091173689,20800.0
2026-07-22,20700.0,21050.0,20500.0,20900.0,43471900,21960.0,22640.0,11.42857142857143,-696.056711741443,-463.2286285015487,24563.15530204641,20716.84469795359,-0.004819286435948883,20350.0
2026-07-23,20800.0,21000.0,20150.0,20700.0,36967600,21720.0,22510.0,14.492753623188406,-731.9384281228922,-516.9705884258175,24563.905137972357,20456.094862027643,0.004819286435948922,21000.0
2026-07-24,20800.0,21000.0,20600.0,20700.0,17632000,21505.0,22375.0,15.151515151515156,-751.7097053092366,-563.9184118025014,24508.319627148907,20241.680372851093,0.0,21650.0
2026-07-27,20350.0,21000.0,20300.0,20900.0,18166800,21300.0,22210.0,13.333333333333329,-794.5309657223625,-610.0409225864736,24436.538498254715,19983.461501745285,-0.02187207481866833,21800.0
2026-07-28,21000.0,21000.0,20100.0,20150.0,29151700,21150.0,22095.0,24.418604651162795,-767.1740504822519,-641.4675481656293,24322.08211273001,19867.91788726999,0.031441525834819094,21700.0
2026-07-29,21650.0,21650.0,20900.0,21050.0,36250000,21075.0,22012.5,34.34343434343434,-685.145993807153,-650.2032372939341,24172.87886540883,19852.12113459117,0.03048301672507575,22550.0
2026-07-30,21800.0,22050.0,21500.0,21650.0,29968000,21035.0,21932.5,38.144329896907216,-601.1052543174628,-640.3836406986399,23992.718435020884,19872.281564979116,0.006904515346544486,22150.0
2026-07-31,21700.0,21850.0,21400.0,21800.0,24111500,21020.0,21855.0,42.04545454545455,-536.3883757506992,-619.5845877090518,23821.000481876028,19888.999518123972,-0.0045977092486294314,22000.0
2026-08-03,22550.0,22650.0,21650.0,21700.0,44448000,21215.0,21827.5,50.48543689320388,-411.7653127624799,-578.0207327197375,23734.681717944855,19920.318282055145,0.03842280540227348,21850.0
2026-08-04,22150.0,22600.0,22100.0,22550.0,22694000,21350.0,21780.0,47.706422018348626,-341.3425105607421,-530.6850882879384,23599.022293778475,19960.977706221525,-0.017897569457542676,22000.0
2026-08-05,22000.0,22600.0,21950.0,22350.0,27963700,21480.0,21720.0,48.14814814814815,-294.2438192566915,-483.396834481689,23416.8701839129,20023.1298160871,-0.0067950431328288015,22100.0
2026-08-06,21850.0,22300.0,21850.0,22250.0,14369400,21585.0,21652.5,50.0,-265.9557412349277,-439.90861583233675,23202.53395548545,20102.46604451455,-0.006841531816716712,22050.0
2026-08-07,22000.0,22300.0,21750.0,21900.0,13018100,21705.0,21605.0,67.07317073170731,-228.79607052004576,-397.6861067698786,23041.699433826674,20168.300566173326,0.006841531816716784,22100.0
2026-08-10,22100.0,22300.0,21950.0,22250.0,16732700,21880.0,21590.0,66.25,-189.09779778878146,-355.9684449736592,22997.72305888847,20182.27694111153,0.004535155165391363,21700.0
2026-08-11,22050.0,22250.0,22050.0,22200.0,13694600,21985.0,21567.5,67.0886075949367,-159.82880578805998,-316.7405171365394,22927.559983197334,20207.440016802666,-0.002265006630852125,21250.0
2026-08-12,22100.0,22350.0,21950.0,22000.0,15925100,22030.0,21552.5,66.66666666666666,-131.0872444679735,-279.6098626028262,22880.131448542063,20224.868551457937,0.0022650066308520615,21200.0
2026-08-13,21700.0,22250.0,21700.0,22200.0,25702700,22020.0,21527.5,60.46511627906977,-138.9838873714034,-251.48466755654164,22822.215981860198,20232.784018139802,-0.018265347977293313,21000.0
2026-08-14,21250.0,21800.0,21200.0,21700.0,27443600,21975.0,21497.5,60.46511627906977,-179.48428979008895,-237.08459200325112,22788.55220245879,20206.44779754121,-0.020955365175987995,21200.0
