Date,close,high,low,open,volume,sma_10,sma_20,rsi,macd,macd_signal,bb_upper,bb_lower,log_return,target
2023-12-21,79653.421875,79751.88098733003,79062.66720101978,79751.88098733003,2030300,81563.52890625,82868.112109375,25.882369414740936,-1167.6099037232198,-747.433694464779,86376.92081070448,79359.30340804551,-0.0024690849324070616,81524.1484375
2023-12-22,79653.421875,79850.34009966007,79161.12631334981,79653.421875,1579800,81159.846875,82617.04140625,15.999987304368247,-1231.7645105535921,-844.2998576825416,86296.00036195914,78938.08245054087,0.0,81425.6875
2023-12-25,80539.5546875,80539.5546875,79456.50444109108,79653.42266771088,1301600,80923.54453125,82420.123046875,26.923061272654778,-1197.3022315967391,-914.9003324653812,86101.29987192036,78738.94622182964,0.011063429496255722,81524.1484375
2023-12-26,81524.1484375,81524.1484375,80736.47550573671,80736.47550573671,971200,80785.7015625,82272.434375,31.32536225025835,-1078.1143095467996,-947.543127881665,85841.29218991268,78703.57656008731,0.012150849882216526,79062.671875
2023-12-27,81425.6875,81917.9830713422,81228.76927146311,81622.60572853687,899600,80687.24296875,82154.28359375,33.76627525337098,-980.3016897407651,-954.094840253485,85667.81416765686,78640.75301984315,-0.0012084817258814582,79062.671875
2023-12-28,81524.1484375,81819.52578691122,81130.31197161836,81425.68932102958,703200,80529.70859375,82060.74765625,35.526387224215185,-884.6419078159088,-940.2042537659698,85534.59898250621,78586.89632999377,0.001208481725881479,82213.359375
2023-12-29,79062.671875,82607.20012842467,79062.671875,82213.36365582192,1621700,80342.63671875,81829.369140625,29.032302100575066,-995.9705006632139,-951.3575031454187,85459.18108408824,78199.55719716176,-0.0306584233727925,83197.953125
2024-01-01,79062.671875,79062.671875,79062.671875,79062.671875,0,80224.4859375,81548.7609375,29.032302100575066,-1071.8436659918516,-975.4547357147054,85119.60495486275,77977.91692013726,0.0,84576.375
2024-01-02,82213.359375,82311.81848802396,80933.39090568862,81622.60469685629,1785800,80450.9421875,81455.224609375,49.16668485049258,-867.7368164232175,-953.911151856408,84839.57685452708,78070.87236422292,0.039076958834432116,84871.75
2024-01-03,83197.953125,83197.953125,81524.14815088757,82213.3619637574,1373000,80785.70390625,81386.303515625,50.40651140767194,-619.3922127278784,-887.0073640307021,84552.11632857435,78220.49070267564,0.011904933994599347,85462.515625
2024-01-04,84576.375,84871.75232828871,82705.65192083818,83197.94746798603,2657900,81277.99921875,81420.7640625,66.08694572205685,-307.80204928877356,-771.1663010823164,84713.65155418332,78127.87657081669,0.016432226632450118,86447.1015625
2024-01-05,84871.75,84871.75,84379.4544663573,84576.37267981439,1180300,81799.83203125,81479.839453125,71.17113575098273,-36.608308140872396,-624.2547024940277,84980.02706017575,77979.65184607424,0.0034863212464145863,88120.90625
2024-01-08,85462.515625,85462.515625,84970.22002808179,84970.22002808179,1607800,82292.128125,81607.836328125,74.56143037315655,223.40921193956456,-454.72191960730925,85493.12838550723,77722.54427074279,0.006936572528205675,87923.984375
2024-01-09,86447.1015625,86545.56067589692,85462.51042853075,85462.51042853075,1926400,82784.4234375,81785.0625,77.2357980569497,503.12313622550573,-263.1529084407463,86205.53038738367,77364.59461261633,0.011454818170689114,87333.234375
2024-01-10,88120.90625,88120.90625,85856.3466480447,86447.10132681564,1795400,83453.9453125,82070.594140625,81.15941862323783,850.0615062646248,-40.510025499672054,87320.93765987638,76820.25062137363,0.01917712191339676,88613.203125
2024-01-11,87923.984375,88613.19813829787,87234.77061170213,88120.9025930851,1489100,84093.92890625,82311.81875,79.99997732924957,1096.4831394147768,186.88860748321773,88169.4052546934,76454.23224530662,-0.002237178897191557,88613.203125
2024-01-12,87333.234375,88120.90728931793,86053.26588923337,86742.47968926156,1909500,84920.98515625,82631.8109375,75.18248513389773,1229.9276310348214,395.4964121935385,88859.85310966602,76403.768765334,-0.006741545273857895,89499.3359375
2024-01-15,88613.203125,88711.66223958333,87530.15286458333,87628.61197916666,1914200,85876.03828125,83050.262109375,75.7142849046156,1422.5676585885813,600.9106614725471,89712.32534307544,76388.19887567457,0.014549783996604827,89696.25
2024-01-16,88613.203125,88711.66223958333,87530.15286458333,87628.61197916666,1367200,86516.02265625,83483.482421875,76.25900225141913,1557.284857856197,792.185500749277,90417.65850660496,76549.30633714504,0.0,91173.140625
2024-01-17,89499.3359375,89597.79505294279,87628.6127440869,87628.6127440869,1578200,87146.1609375,83965.932421875,77.5510281193087,1715.7743425204826,976.9032691035181,91173.07610708104,76758.78873666895,0.009950339582283174,90582.390625
2024-01-18,89696.25,89794.70911086717,88613.19978046103,89499.33177826564,1422900,87658.1484375,84468.073828125,93.54839122516705,1836.1022760321648,1148.7430704892474,91808.29816089463,77127.84949535536,0.002197756610241239,90090.0859375
2024-01-19,91173.140625,91566.97708558314,89007.04009179266,89597.79478266738,1472600,88288.2875,85044.059765625,94.24461006608121,2027.2666923044744,1324.4477948522929,92598.30700988145,77489.81252136856,0.01633138084191847,89696.25
2024-01-22,90582.390625,92059.27742866847,90582.390625,92059.27742866847,1046300,88800.275,85546.2015625,87.61066545327895,2106.8112726625113,1480.9204904143367,93174.48976539621,77917.9133596038,-0.006500512817367542,89696.25
2024-01-23,90090.0859375,90976.21793032787,89007.03572404372,90680.84059938525,1256900,89164.5734375,85974.4984375,82.40737815544645,2105.8511110038526,1605.90661453224,93613.8345744878,78335.16230051221,-0.005449705625240876,90582.390625
2024-01-24,89696.25,90582.38199780461,89499.33177826564,90188.5455543359,744700,89322.1078125,86388.0265625,76.53059902580578,2049.683432513397,1694.6619781284714,93884.6512410224,78891.40188397761,-0.0043811623993099645,89794.7109375
2024-01-25,89696.25,89696.25,89696.25,89696.25,0,89499.334375,86796.631640625,75.7894666506301,1982.319200846934,1752.1934226721642,94064.36758230843,79528.89569894156,0.0,89597.796875
2024-01-26,90582.390625,90582.390625,89991.6359035326,90188.55414402173,953100,89824.25,87372.617578125,76.53059902580578,1977.6397050872038,1797.2826791551722,93841.61365395415,80903.62150229586,0.009830868024550854,87136.3125
2024-01-29,89794.7109375,90582.38384046053,89499.3335988898,90385.4656147204,730500,89942.40078125,87909.21953125,67.70829545041278,1888.6013819981163,1815.5464197237611,93137.28305760029,82681.1560048997,-0.008733754867856781,88416.28125
2024-01-30,89597.796875,89794.71510989011,88711.6648179945,89794.71510989011,888600,90040.86015625,88278.44140625,59.25926651554722,1781.6112448827334,1808.7593847555556,92809.31918307686,83747.56362942314,-0.002195344097558405,88416.28125
2024-01-31,87136.3125,89203.95381355932,87136.3125,89203.95381355932,945600,89804.5578125,88475.359375,46.15385789164486,1481.1260734119132,1743.2327224868272,92374.87668169652,84575.84206830348,-0.027857028397226914,88613.203125
2024-02-01,88416.28125,88810.11769209354,86644.01726057906,86644.01726057906,598100,89676.5609375,88667.3546875,54.95492919487315,1330.9300578901893,1660.7721895675,92109.9297453598,85224.77962964021,0.014582426888592352,88120.90625
2024-02-02,88416.28125,88416.28125,88416.28125,88416.28125,0,89400.875,88844.58125,48.97957531289623,1198.0878228473593,1568.235316223472,91794.05121936476,85895.11128063525,0.0,88613.203125
2024-02-05,88613.203125,89203.9578125,88022.4484375,88810.12135416667,1949000,89203.95625,89002.115625,50.0,1096.064593707284,1473.8011717202346,91491.70864118666,86512.52260881335,0.002224736256974317,88613.203125
2024-02-06,88120.90625,89203.9564944134,87727.06979748602,88908.57915502792,1352300,89007.03828125,89085.805859375,42.70834280405564,964.3695541393245,1371.9148482040525,91312.40111629157,86859.21060245844,-0.005571059825555366,88613.203125
2024-02-07,88613.203125,89400.87604166666,87923.98932291666,88613.203125,1371400,88898.73359375,89110.420703125,44.44448006617092,889.4712589890551,1275.426130361053,91302.7232590211,86918.11814722889,0.005571059825555365,88514.7421875
2024-02-08,88613.203125,88613.203125,88613.203125,88613.203125,0,88790.42890625,89144.881640625,34.52385900347238,820.6538339113467,1184.4716710711118,91279.56997699587,87010.19330425412,0.0,88219.3671875
2024-02-09,88613.203125,88613.203125,88613.203125,88613.203125,0,88593.51015625,89208.880078125,37.17950804663181,757.3848674383771,1099.0543103445648,91185.79676953651,87231.9633867135,0.0,88810.1171875
2024-02-15,88514.7421875,89302.41508794494,87727.06928705507,88613.20130005562,1046700,88465.51328125,89203.95703125,39.18924135328026,691.3295640200668,1017.5093610796653,91187.59854033151,87220.31552216849,-0.0011117494471880502,89893.171875
2024-02-16,88219.3671875,88810.12187848773,88120.90807233538,88514.74453299386,734100,88327.6703125,89184.265234375,39.726088445171484,608.1357557690208,935.6346400175364,91200.15638739945,87168.37408135054,-0.0033425949983486554,89794.7109375
2024-02-19,88810.1171875,89105.49451739191,87923.98519782428,88514.73985760809,1045300,88495.05078125,89149.804296875,44.303806368085844,583.1504557914886,865.1378031723269,91166.58116827132,87133.02742547866,0.0066740542672742076,88120.90625
2024-02-20,89893.171875,89991.63098986856,88022.44869249726,88711.66249657722,1404300,88642.73984375,89159.650390625,45.67898936743382,643.3270140052191,820.7756453389054,91189.5402526228,87129.7605286272,0.012121410345877489,87530.1484375
2024-02-21,89794.7109375,90287.00650185032,89105.49714740954,90287.00650185032,1367400,88780.5828125,89090.72890625,50.0,675.2880943549535,791.6781351421151,90916.06559330986,87265.39221919015,-0.001095910818396291,88120.90625
2024-02-22,88120.90625,89597.79294692737,88120.90625,89203.9564944134,1223900,88731.353125,88967.6546875,41.57302469223857,559.1103549496911,745.1645791036303,90699.0285037648,87236.28087123521,-0.01881626917477404,89696.25
2024-02-23,87530.1484375,89991.62617758717,87530.1484375,88120.90309512091,1800900,88672.27734375,88839.6578125,52.85713476045545,414.59030222534784,679.0497237279739,90599.9072531336,87079.40837186639,-0.006726518562660806,95899.1796875
2024-02-26,88120.90625,88613.20181564246,87530.15157122904,87530.15157122904,722000,88623.04765625,88760.890625,47.619071609217414,343.7636442250805,611.9925078273952,90500.61469140393,87021.16655859607,0.006726518562660917,95800.7109375
2024-02-27,89696.25,89794.70911086717,87727.06778265642,88219.36333699232,1604900,88731.35234375,88760.890625,58.22783793013399,410.02358574364916,571.598723410646,90500.61469140393,87021.16655859607,0.017719156018079798,95800.7109375
2024-02-28,95899.1796875,95899.1796875,89007.04151694046,89597.79621727412,4219900,89459.95,89026.730078125,76.42855402068365,952.0846137340704,647.695901475331,92598.5624361988,85454.89772005119,0.06686846584990402,94520.7421875
2024-02-29,95800.7109375,98951.40235579394,95800.7109375,96982.22021936023,1897000,90188.546875,89327.030078125,78.6764015195052,1358.0712782424234,789.7709768287494,94008.32219968789,84645.73795656211,-0.0010273220119136296,94028.453125
2024-03-01,95800.7109375,96686.84289889516,93437.69237377954,96686.84289889516,2379600,90946.68125,89637.17578125,77.86252282755842,1660.6754025353875,963.9518619700772,95143.25429260246,84131.09726989754,0.0,94126.9140625
2024-03-04,94520.7421875,96489.92431640625,94126.90576171875,96489.92431640625,1640400,91517.74375,90006.397265625,70.83327593493722,1776.7275608556665,1126.507001747195,95789.74343462584,84223.05109662416,-0.013450801546755934,94323.828125
2024-03-05,94028.453125,95111.50337041885,93733.07578534032,95111.50337041885,1364800,91931.271875,90287.005859375,68.4563540371943,1808.133086623915,1262.8322187225392,96286.0817892674,84287.9299294826,-0.005221875175098134,93634.6171875
2024-03-06,94126.9140625,95308.42344403766,93634.61848685931,94028.45494737187,2070600,92364.4921875,90572.5375,69.12750677117116,1819.9874840306584,1374.2632717841632,96738.0109764743,84407.06402352572,0.0010465919517391336,92650.0234375
2024-03-07,94323.828125,95899.17389744258,94028.45079266702,94422.28723577767,2362300,92984.784375,90858.06875,70.94591443005643,1824.242763519942,1464.259170131319,97168.70602558291,84547.4314744171,0.0020898207338459983,92945.3984375
2024-03-08,93634.6171875,95013.04478016561,93634.6171875,94422.29009759464,2229600,93595.23125,91133.754296875,66.44294908867438,1751.8077907435072,1521.7688942537568,97422.62149757432,84844.88709617569,-0.007333685116768607,94520.7421875
2024-03-11,92650.0234375,94520.74654622743,92650.0234375,93634.61454735654,1840000,94048.14296875,91335.5953125,59.45943917336966,1596.5500309814233,1536.72512159929,97542.43175829698,85128.758866703,-0.010570951156243874,93536.15625
2024-03-12,92945.3984375,93437.6939800715,92551.5620034428,92650.0211119571,1107000,94373.0578125,91552.205078125,60.66664691792706,1480.2777117264195,1525.4356396247163,97660.60377819907,85443.80637805093,0.003183001459825827,92551.5625
2024-03-13,94520.7421875,95013.03771972656,92846.93737792969,93437.69201660156,3124500,94235.2140625,91847.58203125,71.81204944262288,1497.9803509229096,1519.944581884355,97928.85732904701,85766.30673345299,0.016807097302699612,91566.9765625
2024-03-14,93536.15625,94619.20648026315,93142.31980263158,94520.74736842106,2319300,94008.75859375,92098.652734375,69.93464967485608,1416.236470938151,1499.2029596951143,98012.89603134559,86184.40943740442,-0.010471245054766551,91074.6796875
2024-03-15,92551.5625,93536.15359042553,92453.10339095745,93536.15359042553,2302500,93683.84375,92315.2625,64.33120021186333,1257.5095823923912,1450.8642842345698,97941.60422115398,86688.92077884602,-0.01058213776418882,91763.890625
2024-03-18,91566.9765625,93043.86328125,91074.68098958333,92846.94505208333,1839300,93388.4671875,92453.10546875,56.29140464851338,1040.2778475500527,1368.7469968976666,97848.2016832383,87058.0092542617,-0.010695232841812698,93733.078125
2024-03-19,91074.6796875,92059.27081925675,91074.6796875,91074.6796875,868500,93093.08984375,92512.180859375,23.655866272601315,818.9554801089253,1258.7886935399183,97814.32639573426,87210.03532301575,-0.005390862931751614,94914.5859375
2024-03-20,91763.890625,92650.02261601394,91074.67685421137,91074.67685421137,897700,92856.7875,92610.63984375,29.292898528538373,691.2017287791678,1145.271300587768,97771.56513182058,87449.71455567943,0.007539046063655874,94225.3671875
2024-03-21,93733.078125,94028.45547203255,92551.56873686974,92551.56873686974,1452700,92797.7125,92891.2484375,41.17649412193019,740.3189979221788,1064.2808400546503,97616.19450753724,88166.30236746278,0.021232276625276516,94816.125
2024-03-22,94914.5859375,95308.4223936722,93733.0765689834,93733.0765689834,1844100,92925.709375,93260.4703125,51.694949446044845,864.6158405792667,1024.3478401595737,97330.1348157276,89190.8058092724,0.012526243218673504,94323.828125
2024-03-25,94225.3671875,95406.87649392633,92650.02144559822,93536.15342541797,1368800,93083.24375,93565.693359375,50.83331625153488,897.1658216857759,998.9114364648142,96852.76496002074,90278.62175872926,-0.007287955709241429,94225.3671875
2024-03-26,94816.125,95111.5023364486,94323.82943925234,94520.7476635514,735400,93270.31640625,93821.687109375,52.7999898434946,959.5698110520025,991.0431113822519,96597.64858292832,91045.72563582167,0.006250053665314807,93437.703125
2024-03-27,94323.828125,94717.66456811065,94126.90990344467,94717.66456811065,1046200,93250.625,93742.91953125,50.0,958.2550114266633,984.4854913911342,96355.25478610022,91130.58427639976,-0.005205647760672421,93733.078125
2024-03-28,94225.3671875,94914.58094958203,94126.90807863114,94717.6627318443,1232800,93319.54609375,93664.15234375,52.45899613538006,938.4501789688948,975.2784289066864,96104.58234988828,91223.72233761172,-0.0010444059046423198,93043.859375
2024-03-29,93437.703125,94422.29430650685,93437.703125,94422.29430650685,801200,93408.16015625,93546.001953125,53.3333641907757,849.4053829809563,950.1038197215404,95770.11737746006,91321.88652878994,-0.008394498572180555,92354.6484375
2024-04-01,93733.078125,94520.75105042016,93240.78254661239,93437.70077796743,1221000,93624.7703125,93506.61875,53.3333641907757,793.5237863182701,918.7878130408865,95685.49499268449,91327.7425073155,0.003156211062748576,94520.7421875
2024-04-02,93043.859375,93733.07314814815,92453.10471230159,93634.61403769841,969000,93821.68828125,93457.3890625,43.24326063133576,685.7184893738013,872.1739483074695,95631.10752904446,91283.67059595555,-0.007380160393627514,93437.703125
2024-04-03,92354.6484375,93339.23957222814,92354.6484375,92945.40311833688,1321100,93880.7640625,93368.77578125,44.44445260778239,538.4614042820031,805.4314395023763,95571.87043502828,91165.68112747173,-0.007434947783614776,93437.703125
2024-04-04,94520.7421875,94520.7421875,92945.396484375,93437.69201660156,2022700,93959.53046875,93378.621484375,58.33332782307577,589.7465352866275,762.2944586592266,95601.35979643781,91155.8831723122,0.02318326408082974,92846.9453125
2024-04-05,93437.703125,94126.9169520548,92748.48929794521,93339.24400684932,779200,93811.8421875,93368.77578125,57.85126297352081,536.8101567542035,717.1975982782221,95588.48200654537,91149.06955595464,-0.01152436696633589,93043.859375
2024-04-08,93437.703125,93831.53959760274,92748.48929794521,93437.703125,864100,93733.07578125,93408.159765625,60.34486178782819,489.218291445286,671.6017369116349,95601.97061886339,91214.3489123866,0.0,92551.5625
2024-04-09,92846.9453125,93929.9955759544,92748.48619764051,93536.15911651643,686800,93536.1578125,93403.237109375,54.78263209497992,399.2301009161456,617.1274097125371,95601.85666425285,91204.61755449715,-0.006342549403481156,93142.3203125
2024-04-10,93043.859375,93142.31848544974,92650.02293320106,92846.94115410054,737400,93408.1609375,93329.39296875,46.39171968790952,339.8851463600877,561.6789570420472,95468.37616855215,91190.40976894787,0.002118600072602132,90582.390625
2024-04-11,92551.5625,93142.31715425532,92059.26695478724,92551.5625,778000,93240.78046875,93280.16328125,36.666616706943024,250.24493100863765,499.39215183536527,95444.2836837734,91116.0428787266,-0.0053050665217405524,89597.796875
2024-04-12,93142.3203125,94028.45232392971,92354.64741345138,93043.86120011893,844800,93211.2421875,93309.701171875,43.820231731280145,224.2881783143821,444.3713571311687,95447.92095034198,91171.48139340802,0.006362727695559686,89105.4921875
2024-04-15,90582.390625,95013.05103600543,90582.390625,93142.3277513587,1900300,92896.1734375,93260.471875,30.275213329276156,-2.815214717455092,354.93404276144395,95603.1912319794,90917.7525180206,-0.02786881914328786,89105.4921875
2024-04-16,89597.796875,92354.65216346153,89105.50128777472,92354.65216346153,1857700,92551.5671875,93186.627734375,28.94734644104038,-259.2562324522005,232.09598771871507,95885.47848230202,90487.77698644798,-0.01092909896541517,89203.953125
2024-04-17,89105.4921875,90680.83790573204,88120.90111360498,89794.70593922652,1452600,92226.6515625,93053.7078125,27.96606066474618,-496.48924156113935,86.3789418627442,96261.4668372787,89845.9487877213,-0.005509757940187837,88711.65625
2024-04-19,89105.4921875,89499.32861705801,88317.81932838398,88613.19665055249,1324800,91685.1265625,92822.328515625,29.999935079127724,-676.6975621842575,-66.23635894665615,96462.23294856724,89182.42408268277,0.0,89203.953125
2024-04-22,89203.953125,89991.62600027594,88810.11668736202,89105.4940155905,999100,91261.7515625,92536.796875,28.70366424754131,-802.3203304823255,-213.45315325379002,96376.11776688631,88697.47598311369,0.001104382859078121,89597.796875
2024-04-23,88711.65625,89794.7064372919,87825.52427857935,89203.95178967813,1562900,90789.146875,92261.111328125,29.245253358804447,-930.8710212516598,-356.936726853364,96372.128848791,88150.093807459,-0.005534063403954195,89794.7109375
2024-04-24,89203.953125,89696.24867204746,88711.65757795254,89597.78956263798,1925200,90424.84765625,91980.502734375,34.615358205277076,-981.7076120680722,-481.89090389630564,96123.23274628613,87837.77272246387,0.005534063403954159,89794.7109375
2024-04-25,89597.796875,91468.52010645604,89105.50128777472,89203.96040521978,1235700,90080.24140625,91744.201171875,20.930322677076575,-978.9315637098043,-581.2990358590054,95863.2161672401,87625.1861765099,0.004405375081109895,89794.7109375
2024-04-26,89794.7109375,91862.35230777138,89794.7109375,90287.00650185032,1698300,89804.55625,91522.668359375,25.974042033562966,-949.8924374893686,-655.017716185078,95555.49793056484,87489.83878818517,0.002195344097558369,90483.921875
2024-04-29,89794.7109375,89794.7109375,89794.7109375,89794.7109375,0,89469.7953125,91340.51875,25.974042033562966,-916.3160002797522,-707.2773730040128,95338.08517440062,87342.95232559938,0.0,91074.6796875
2024-04-30,89794.7109375,89794.7109375,89794.7109375,89794.7109375,0,89391.02734375,91143.600390625,28.169039269198194,-879.5673272490967,-741.7353638530296,95031.4274628896,87255.7733183604,0.0,91566.9765625
2024-05-02,90483.921875,91074.6765335963,89696.2489968716,90680.8400945321,932400,89479.63984375,91015.603515625,32.89476431700584,-785.7722826837562,-750.542747619175,94807.38755398155,87223.81947726845,0.007646100755418692,91468.515625
2024-05-03,91074.6796875,91960.81170608108,90385.46589527027,90976.22057432432,1470700,89676.55859375,90951.605078125,40.25978576176172,-656.2054874239257,-731.6752955801251,94691.07470307194,87212.13545317805,0.006507649786601931,91566.9765625
2024-05-06,91566.9765625,91862.35390624999,91271.59921875,91468.51744791666,1147200,89922.70703125,90803.916796875,39.473717180407014,-507.94337019843806,-686.9289105037876,94163.9281659166,87443.9054278334,0.005390862931751507,91074.6796875
2024-05-07,91468.515625,92650.02497645318,91468.515625,91960.8111881055,1154200,90149.16328125,90705.457421875,58.82341958851425,-393.84949707079795,-628.3130278171897,93848.93652396426,87561.97831978575,-0.0010758672629069593,90582.390625
2024-05-08,91566.9765625,91763.89479166667,90680.84453125,91271.59921875,1246000,90434.6953125,90611.92109375,73.8093663745303,-292.11696331472194,-561.0738149166962,93515.24067707555,87708.60151042446,0.0010758672629070467,89597.796875
2024-05-09,91074.6796875,91960.81170608108,90877.76146114865,91468.5161402027,606600,90621.76796875,90523.3078125,73.80950581691913,-248.35456406632147,-498.52996474662126,93241.69637731634,87804.91924768366,-0.005390862931751614,89203.953125
2024-05-10,90582.390625,91271.60446671196,90287.0132642663,91271.60446671196,823400,90720.22734375,90400.234375,65.9575473848237,-250.50845495074464,-448.92566278744596,92847.49458435726,87952.97416564274,-0.005419995674163887,89597.796875
2024-05-13,89597.796875,90976.22451923077,89105.50128777472,90680.8471668956,1232600,90700.5359375,90252.54609375,53.57148929658409,-327.88427025961573,-424.7173842818799,92501.64409774884,88003.44808975117,-0.01092909896541517,91173.140625
2024-05-14,89203.953125,90188.54421909493,89105.4940155905,89696.24867204746,818400,90641.46015625,90055.627734375,54.54545454545455,-416.18750994309084,-423.0114094141221,91891.00029507106,88220.25517367893,-0.0044053750811098415,90385.4609375
2024-05-15,89597.796875,89893.17422733517,89400.87864010989,89597.796875,883100,90621.76875,90006.398046875,53.703758125756735,-449.21034718863666,-428.25119696902505,91835.08597362644,88177.71012012355,0.004405375081109895,90483.921875
2024-05-16,91173.140625,91271.59974014579,90090.09035839632,90582.38593412527,1713900,90690.690625,90085.165234375,62.12117568984256,-344.29528694297187,-411.4600149638144,91974.4547534822,88195.8757152678,0.0174296117827828,89696.25
2024-05-17,90385.4609375,91173.13379970043,90287.00182972495,91173.13379970043,1084700,90621.76875,90149.163671875,54.166620748025686,-321.0081317710865,-393.36963832526885,91984.67438203501,88313.65296171498,-0.008676918886550037,89302.421875
2024-05-20,90483.921875,91566.97208242655,90385.46276523395,90877.75831406421,1043800,90513.46328125,90218.08515625,54.79448481258254,-291.2505635392881,-372.94582336807275,91991.04179542503,88445.12851707498,0.0010887519567445477,89597.796875
2024-05-21,89696.25,90582.38199780461,89302.41355653129,90483.92288693743,1486400,90336.23671875,90242.7,49.38270637434159,-327.4513583601074,-363.8469303664797,91969.44093712373,88515.95906287627,-0.008743213912112803,88810.1171875
2024-05-22,89302.421875,90287.01307538588,89302.421875,90090.09483530872,1347700,90109.78125,90272.23828125,42.30777055964388,-383.49865363725985,-367.7772750206357,91906.434722477,88638.041840023,-0.004400353995398348,88810.1171875
2024-05-23,89597.796875,90090.09246222528,89105.50128777472,89302.41952266483,1317500,89962.09296875,90291.93046875,40.00004231868295,-399.4773191263521,-374.11728384177906,91880.78791529816,88703.07302220183,0.003302123054534054,89302.421875
2024-05-24,88810.1171875,89597.79006721175,88613.19896757207,89597.79006721175,2241500,89784.865625,90252.546484375,32.05129509327398,-470.27861537419085,-393.3495501482614,91949.23987049596,88555.85309825403,-0.008830155429922748,88416.28125
2024-05-27,88810.1171875,89203.95362735588,88317.82163768016,89007.03540742795,1058500,89706.09765625,90203.316796875,32.467552541953694,-520.3904159629601,-418.7577233112012,92009.54390661337,88397.08968713664,0.0,87234.7734375
2024-05-28,89302.421875,89302.421875,88416.28979465271,88416.28979465271,1350100,89715.94453125,90178.70234375,35.80254048923079,-514.449254276522,-437.89602950426536,92021.42362962173,88335.98105787828,0.00552803237538867,85856.34375
2024-05-29,88416.28125,89597.79057628062,88416.28125,89400.87235523385,1186300,89597.79296875,90109.780859375,34.117689889931185,-574.6211090318684,-465.241045409786,92109.40601078,88110.15570796999,-0.00997247845410051,85856.34375
2024-05-30,87234.7734375,88317.82367205135,87136.31432526806,88120.90544758747,2356000,89203.95625,89947.3234375,31.521770066901894,-709.4672468426579,-514.0862856963604,92313.3423653036,87581.3045096964,-0.013453100344168916,87333.234375
2024-05-31,85856.34375,87628.60772649082,85856.34375,87333.23039707569,3921500,88751.04453125,89686.406640625,30.208369494243186,-916.9910364740208,-594.6672358518925,92613.38991366938,86759.42336758063,-0.015927551344865832,87431.6875
2024-06-03,85856.34375,85856.34375,85856.34375,85856.34375,0,88288.28671875,89400.875,31.521797253544335,-1069.1308598436008,-689.5599606502342,92651.67635197009,86150.07364802991,0.0,87628.609375
2024-06-04,87333.234375,87825.5299464487,86939.39791784104,87530.15260357948,1814600,88051.98515625,89194.1109375,38.834963423126936,-1058.330262941192,-763.3140211084258,92417.10700169181,85971.11487330818,0.01705560394940414,87136.3125
2024-06-05,87431.6875,88120.90125281531,87234.76928490991,87333.22839245496,1882800,87864.91171875,88987.346484375,28.40910115540744,-1029.9537025425525,-816.6419573952511,92098.01426033066,85876.67870841933,0.0011266921800865207,86644.0234375
2024-06-06,87628.609375,88317.82315660112,87431.69115168539,87530.15026334269,1699700,87667.99296875,88815.04296875,32.926887091420895,-980.2751229989663,-849.3685905159941,91818.8175471708,85811.2683903292,0.0022497615001693793,85856.34375
2024-06-07,87136.3125,88317.8218220339,87136.3125,87727.06716101695,1129500,87500.6125,88642.7390625,30.232598907587843,-969.4534780802351,-873.3855680288423,91614.83698136652,85670.64114363347,-0.005633832829217565,87333.234375
2024-06-10,86644.0234375,87825.53284801137,86545.56431995738,87530.15549538353,2641600,87284.003125,88495.050390625,31.32536225025835,-989.1980008295795,-896.5480545889898,91559.44621964061,85430.65456160938,-0.005665662650561924,87037.859375
2024-06-11,85856.34375,87037.85306766056,85757.88464019496,86939.3939578555,2252400,86939.3953125,88327.669921875,29.885064809511476,-1056.229291435724,-928.4843019583366,91588.43779260777,85066.90205114223,-0.009132562149880502,86151.71875
2024-06-12,87333.234375,87825.5299464487,85659.42943207441,86053.26588923337,2249800,86831.090625,88214.441796875,38.38386186179447,-978.8952465666225,-938.5664908799938,91446.65307095344,84982.23052279657,0.01705560394940414,85757.890625
2024-06-13,87037.859375,87727.0731935803,87037.859375,87530.15495970022,1600400,86811.39921875,88007.677734375,40.42558938702398,-930.7130718507688,-936.9958070741488,90959.91403430325,85055.44143444675,-0.0033878927541181334,85757.890625
2024-06-14,86151.71875,87727.06446428571,86151.71875,87136.30982142857,2482100,86840.93671875,87795.990625,36.893233052587306,-953.0463686192379,-940.2059193831667,90635.34092894837,84956.64032105164,-0.010233275785172895,85265.5859375
2024-06-17,85757.890625,86447.10444173364,85757.890625,86250.18620838117,2293700,86831.09140625,87559.6890625,32.35295032843659,-991.0995271287829,-950.3846409322899,90239.28769081026,84880.09043418973,-0.0045818126793644815,84674.8359375
2024-06-18,85757.890625,87136.31825846728,85757.890625,86151.72709170493,1370900,86673.55703125,87362.77109375,35.48390949935924,-1009.6186738000542,-962.2314475058429,89958.80990148018,84766.7322860198,0.0,84674.8359375
2024-06-19,85265.5859375,86151.71789297056,85167.1268313366,85954.79968064376,2174300,86456.946875,87160.929296875,38.37208444050782,-1051.894519638794,-980.1640619324332,89749.70552840637,84572.15306534362,-0.005757175063723703,84182.546875
2024-06-20,84674.8359375,85265.59060683139,84280.99949127907,85265.59060683139,2648800,86161.56953125,86914.78125,42.307711870700096,-1120.154575271532,-1008.162164600253,89463.83393963646,84365.72856036354,-0.006952464552679395,84182.546875
2024-06-21,84674.8359375,85364.04971838662,84182.54037972384,84773.29504905523,1808400,85915.421875,86708.0171875,42.307711870700096,-1160.8693815334118,-1038.703607986885,89280.50154089769,84135.5328341023,0.0,83887.1640625
2024-06-24,84182.546875,86053.27013888888,84182.546875,84674.84247076024,2149800,85669.27421875,86476.638671875,26.470615691234897,-1218.810087931939,-1074.7249039758958,89085.22430779763,83868.05303595237,-0.005830843153749901,83887.1640625
2024-06-25,84182.546875,85364.05630482455,84182.546875,84379.46511330409,1565900,85501.89453125,86220.644921875,25.37322977879785,-1250.315654621023,-1109.8430541049213,88661.07481521108,83780.21502853894,0.0,83887.1640625
2024-06-26,83887.1640625,84970.21430274355,83887.1640625,84576.3778517459,1706900,85157.2875,85994.1890625,22.058859565291982,-1284.3141929999983,-1144.7372818839367,88417.24649241444,83571.13163258554,-0.0035150071357923592,84773.296875
2024-06-27,83887.1640625,84674.8369644953,83887.1640625,83887.1640625,1423000,84842.21796875,85826.80859375,23.809565792373817,-1296.3151653140085,-1175.0528585699512,88349.48115522145,83304.13603227855,0.0,86840.9375
2024-06-28,83887.1640625,84674.8369644953,83690.24583700117,84674.8369644953,1112400,84615.7625,85728.349609375,25.86208311786386,-1290.9448141034518,-1198.2312496766515,88395.73074958587,83060.96846916413,0.0,87136.3125
2024-07-01,84773.296875,84871.75598867596,83887.16485191637,84477.91953397212,1179200,84517.303125,85674.197265625,40.67800485230592,-1201.3369947606698,-1198.8523986934551,88374.41066450979,82973.98386674021,0.010507987008870028,86644.0234375
2024-07-02,86840.9375,87431.69217687075,84871.75524376417,85364.05080782314,2425200,84625.6078125,85649.582421875,46.153836763592864,-952.5009953352856,-1149.5821180218213,88294.52734145969,83004.63750229032,0.024097542802150176,86644.0234375
2024-07-03,87136.3125,87333.23072033898,86447.09872881357,86644.01694915254,2250700,84812.68046875,85634.813671875,50.76918381796431,-723.126625468285,-1064.291019511114,88240.87301714049,83028.75432660952,0.003395562164618878,85856.34375
2024-07-04,86644.0234375,88317.82843572444,86644.0234375,87234.77814275569,3060300,85009.59921875,85585.584375,54.098445953065095,-574.4475244275236,-966.322320494396,88067.29230977666,83103.87644022335,-0.005665662650561924,86742.484375
2024-07-05,86644.0234375,87825.53284801137,86644.0234375,86742.48255504262,1847400,85206.51796875,85560.969921875,57.89475149542636,-451.4146387183573,-863.3407841391884,87987.05929865493,83134.88054509507,0.0,87234.7734375
2024-07-08,85856.34375,87333.23039707569,85856.34375,86644.01662844037,1143800,85373.89765625,85521.5859375,50.76918381796431,-412.7118726930348,-773.2150018499577,87898.7266224282,83144.4452525718,-0.009132562149880502,86742.484375
2024-07-09,86742.484375,87037.8617338252,85364.05670048241,86151.7296573496,1549000,85629.89140625,85565.89296875,60.86965021487113,-306.9966429273918,-679.9713300654446,88001.6164714237,83130.16946607632,0.01026830159496164,86250.1796875
2024-07-10,87234.7734375,87825.52811089165,86644.01876410836,86939.39610080418,1722900,85964.65234375,85560.969921875,69.11765392280873,-181.4018608554179,-580.2574362234393,87982.00664226152,83139.93320148849,0.005659249749904147,86151.71875
2024-07-11,86742.484375,87530.1573318672,86742.484375,87234.779973042,1445100,86250.184375,85546.201171875,64.3836256699721,-120.20505526222405,-488.24696003119624,87932.66082379257,83159.74151995743,-0.005659249749904171,86545.5546875
2024-07-12,86250.1796875,87234.77077982307,86250.1796875,86840.93434289384,1373400,86486.4859375,85551.12421875,64.38348570602487,-110.1611506776826,-412.6297981604935,87943.24287532236,83159.00556217764,-0.005691640384583308,86644.0234375
2024-07-15,86151.71875,86939.39160714285,86151.71875,86250.17785714286,1172000,86624.328125,85570.815625,63.513423675164006,-108.89103069630801,-351.88204466765643,87976.54592591156,83165.08532408845,-0.0011422258002651098,86644.0234375
2024-07-16,86545.5546875,87234.7684335893,86250.17736774744,86250.17736774744,1534100,86594.78984375,85610.198828125,67.9999534493995,-75.23788719868753,-296.5532131738627,88054.30690067781,83166.09075557218,0.0045610056534244915,86151.71875
2024-07-17,86644.0234375,88613.20578835228,86151.72784978694,87431.69637784091,3362500,86545.5609375,85679.120703125,68.42104713659883,-40.15899543046544,-245.27436962518323,88159.78004100923,83198.46136524076,0.001137121086342863,86348.640625
2024-07-18,86644.0234375,87431.69637784091,86545.56431995738,86939.40079012784,1651700,86545.5609375,85777.580078125,68.42104713659883,-12.217880849333596,-198.6630718700133,88246.69457916135,83308.46557708865,0.0,86151.71875
2024-07-19,86151.71875,87431.68714285713,86151.71875,86644.01428571428,1323100,86496.33046875,85851.42421875,59.72215181363938,-29.459627905715024,-164.82238307715366,88269.48679490034,83433.36164259967,-0.005698126739767263,86151.71875
2024-07-22,86348.640625,86939.39529290193,85954.80417973203,86151.72240236602,1461100,86545.56015625,85959.72890625,45.28303016692866,-26.923529412510106,-137.24261234422497,88253.92528727306,83665.53252522695,0.0022831484091487505,85954.8046875
2024-07-23,86151.71875,86939.39160714285,86151.71875,86447.09607142856,1410400,86486.48359375,86058.1875,40.3846505978503,-40.33860433191876,-117.86181074176373,88194.85746929738,83921.51753070262,-0.002283148409148736,85954.8046875
2024-07-24,86151.71875,86742.47339285714,86053.25964285714,86053.25964285714,1476700,86378.178125,86171.415234375,44.680797184025934,-50.38929147012823,-104.36730688743664,88047.83108330109,84294.99938544891,0.0,85954.8046875
2024-07-25,85954.8046875,86348.6411350945,85856.34557560137,86250.18202319587,881000,86299.41015625,86274.797265625,42.857142857142854,-73.39776881235593,-98.17339927242051,87819.89531436714,84729.69921688287,-0.002288282216048985,86151.71875
2024-07-26,85954.8046875,86348.6411350945,85856.34557560137,85954.8046875,903300,86269.87265625,86378.179296875,51.21952635581953,-90.58791181481502,-96.65630178089943,87456.9362770448,85299.42231670518,0.0,87825.5234375
2024-07-29,85954.8046875,86447.10024699313,85954.8046875,86250.18202319587,452800,86250.18125,86437.2546875,37.49996900501127,-103.02363169634191,-97.92976776398793,87240.07267067638,85634.43670432361,0.0,89302.421875
2024-07-30,86151.71875,86939.39160714285,85954.80053571428,85954.80053571428,977800,86210.79765625,86402.79375,31.034548802543483,-95.88441429076192,-97.52069706934273,87191.7002852229,85613.88721477709,0.0022882822160489964,87333.234375
2024-07-31,87825.5234375,87825.5234375,86151.71861862388,86151.71861862388,1863400,86328.94765625,86437.254296875,63.41440285494768,44.324570591561496,-69.15164353716189,87401.7431058501,85472.76548789992,0.019242244697455783,85560.96875
2024-08-01,89302.421875,89991.63571527012,87825.53507442118,87923.99419445975,4800600,86594.7875,86570.17421875,80.3920683941532,271.48505153252336,-1.024304523224842,88174.88513274697,84965.46330475304,0.016676450035566177,85954.8046875
2024-08-02,87333.234375,89007.03931792559,87333.234375,89007.03931792559,1511400,86712.9390625,86604.634765625,58.57143181009253,289.2797582351923,57.036508028458584,88245.22309509435,84964.04643615565,-0.022297526193731036,86348.640625
2024-08-05,85560.96875,87136.31454976986,85560.96875,87136.31454976986,3059700,86634.171875,86589.866015625,44.04767639899229,158.54752977448516,77.33871237766391,88263.7964553438,84915.93557590619,-0.020501875367783823,85954.8046875
2024-08-06,85954.8046875,86348.6411350945,85364.05001610825,85560.9682399055,1653100,86614.48046875,86550.48203125,45.976994721116625,85.73229702294338,79.0174293067198,88246.21620655661,84854.74785594338,0.004592424612443875,86348.640625
2024-08-07,86348.640625,86348.640625,85659.42684578107,86053.26329104902,713000,86634.17265625,86506.175390625,48.35162248061002,59.12343108342611,75.03862966206107,88172.68242313837,84839.66835811162,0.004571430625197806,86447.1015625
2024-08-08,85954.8046875,86348.6411350945,85856.34557560137,86348.6411350945,961200,86634.17265625,86466.79140625,48.88891435846211,6.185145876312163,61.26793290491129,88146.95823859242,84786.6245739076,-0.0045714306251977204,88120.90625
2024-08-09,86348.640625,86939.39529290193,86053.26329104902,86053.26329104902,1136700,86673.55625,86471.714453125,50.0,-3.944092771736905,48.22552776958165,88149.78458646842,84793.64431978157,0.004571430625197806,86644.0234375
2024-08-12,86447.1015625,87037.85624288155,85954.80599551537,87037.85624288155,1060300,86722.7859375,86486.48359375,51.648380393999936,-3.9807252706814324,37.78427716152903,88157.88155971878,84815.08562778123,0.001139622387794968,86250.1796875
2024-08-13,88120.90625,88120.90625,86250.18310055866,86250.18310055866,1592900,86919.7046875,86565.251171875,59.25927558592315,129.5588194981974,56.139185628862705,88389.83328183503,84740.66906191497,0.01917712191339676,86742.484375
2024-08-14,86644.0234375,88022.45108309659,86447.10520241478,87923.99196555399,1492800,86801.5546875,86565.251171875,52.89258040993195,114.89335164478689,67.89001883204755,88389.83328183503,84740.66906191497,-0.0169017659705732,87431.6875
2024-08-15,86250.1796875,87431.68899828767,86250.1796875,86644.01612442922,921000,86496.33046875,86545.558984375,51.19998882786533,70.6762517408788,68.4472654138138,88375.0561103576,84716.06185839241,-0.004555900939502122,89400.875
2024-08-16,86742.484375,87530.1573318672,86644.0252553916,86644.0252553916,1370400,86437.25546875,86575.097265625,53.076943265930694,74.49996618379373,69.65780556780979,88396.88083440266,84753.31369684733,0.005691640384583254,91370.0546875
2024-08-19,87431.6875,87923.98303772522,86939.39196227478,87431.6875,1655200,86624.32734375,86629.249609375,54.81480871953055,131.62591805578268,82.05142806540437,88486.72767936498,84771.77153938501,0.007913994534528986,90976.21875
2024-08-20,89400.875,89400.875,87530.15184471366,87530.15184471366,3384300,86968.934375,86791.707421875,55.797111865615214,331.9688898294844,132.0349204182204,89007.18353678744,84576.23130696257,0.022272695441862642,90976.21875
2024-08-21,91370.0546875,91566.97290880927,89007.0360317888,89400.87247440733,2745300,87471.07578125,87052.62421875,57.34262125616679,642.2351944689435,234.07497522836502,90044.00535237892,84061.24308512108,0.02178732593470597,90582.390625
2024-08-22,90976.21875,91763.89163961039,90680.8414163961,91468.51430600649,1413500,87973.2171875,87303.694921875,64.5669119153892,846.5852991640277,356.5770400154976,90719.85994699658,83887.5298967534,-0.004319655592312324,90090.0859375
2024-08-23,90976.21875,91370.05519480519,89105.49563717532,91074.6778612013,1075500,88435.975,87554.765625,75.22934377324923,997.0409618263948,484.66982437767706,91277.82514695243,83831.70610304757,0.0,89696.25
2024-08-26,90582.390625,91173.14534646738,90188.55414402173,90680.84974524456,1565800,88849.50390625,87786.144921875,71.55967710586219,1072.140551241915,602.1639697505248,91662.56428237427,83909.72556137574,-0.004338309750662577,90090.0859375
2024-08-27,90090.0859375,90680.84059938525,89499.33127561476,90582.38148907103,900600,89046.421875,87983.06328125,67.27271415741846,1079.4889661544585,697.6289690313115,91909.6993670684,84056.42719543159,-0.005449705625240876,90287.0078125
2024-08-28,89696.25,90483.92288693743,89696.25,90287.00466520307,1031600,89351.64453125,88076.599609375,67.27271415741846,1041.5272909018386,766.4086334054169,92075.88760000517,84077.31161874483,-0.0043811623993099645,89597.796875
2024-08-29,90090.0859375,90976.21793032787,89597.79038592897,89597.79038592897,1496300,89735.63515625,88115.9828125,67.27271415741846,1031.3330925882183,819.3935252419773,92181.06939239937,84050.89623260064,0.004381162399309959,88711.65625
2024-08-30,90287.0078125,90877.76249829608,90090.08958390131,90090.08958390131,1669800,90090.0875,88263.671484375,67.56755983953198,1027.301968922693,860.9752139781205,92422.56374182407,84104.77922692592,0.0021834474559990096,88810.1171875
2024-09-04,89597.796875,89696.25599244506,88908.58305288461,89696.25599244506,1012700,90306.6984375,88465.512890625,57.42575890893093,957.4567463195272,880.2715204464018,92460.72890520659,84470.29687604342,-0.007662840796173463,88810.1171875
2024-09-05,88711.65625,89696.24732935627,88711.65625,89203.95178967813,1184100,90237.7765625,88603.35546875,61.05256563918598,821.1342371994542,868.4440637970124,92420.08420337949,84786.62673412051,-0.009939438485064081,87628.609375
2024-09-06,88810.1171875,89400.87184728382,88416.28074764412,88810.1171875,784800,89981.7828125,88726.429296875,64.13041978307068,712.82563119712,837.3203772770339,92392.81442749422,85060.04416625577,0.001109283055141174,87037.859375
2024-09-09,88810.1171875,88810.1171875,87825.52608786031,88711.65807753603,702800,89765.17265625,88869.194921875,62.06891205272331,619.8450922357879,793.8253202687848,92295.67892193695,85442.71092181304,0.0,88120.90625
2024-09-10,87628.609375,88810.11871488763,87628.609375,88711.65960323034,1192200,89430.41171875,88933.193359375,51.08697527116164,445.6819944200688,724.1966550990417,92205.81366469624,85660.57305405376,-0.0133930401380865,88514.7421875
2024-09-11,87037.859375,87628.61407664027,86644.02290723982,87234.77760888009,1027300,89075.95859375,88962.73125,34.61540809101784,257.0250716935843,630.7623384179502,92150.43447030372,85775.02802969627,-0.006764346434373858,87530.1484375
2024-09-12,88120.90625,88711.66092877094,87037.85600558658,87136.31511871508,1609600,88879.040625,88962.73125,26.08697652114614,192.68478241564299,543.1468272174887,92150.43447030372,85775.02802969627,0.012366616925167627,89105.4921875
2024-09-13,88514.7421875,88810.11952516685,87727.06928705507,88416.28307494438,1624800,88760.88984375,89056.2671875,31.884069637335244,171.4969977116707,468.8168613163252,92062.09328453855,86050.44109046143,0.004459310378367263,89597.796875
2024-09-16,87530.1484375,88613.19864313836,87431.68932789651,88219.36220472441,727700,88504.89609375,89120.265625,27.84810253721554,74.39940858220507,389.93337076950115,91922.11465275881,86318.41659724119,-0.011185828941028073,90090.0859375
2024-09-17,89105.4921875,89105.4921875,87234.76914709945,87628.60557665746,970800,88386.74453125,89238.416015625,41.75818522513347,123.14638965077756,336.5759745457565,91807.72412087879,86669.10791037121,0.01783768569968864,89203.953125
2024-09-18,89597.796875,90483.9289320055,88317.82834821429,89203.96040521978,1721200,88386.74453125,89346.721484375,47.252786538466566,199.20725997912814,309.10223163243086,91774.05139474207,86919.39157400792,0.0055097579401879124,89499.3359375
2024-09-19,90090.0859375,90287.00415812842,89499.33127561476,89597.79038592897,1345500,88524.5875,89381.18203125,52.173909293590526,295.799864111279,306.4417581282005,91831.21220792642,86931.15185457359,0.0054793933401742455,89794.7109375
2024-09-20,89203.953125,90582.38065673289,89203.953125,90385.46243791391,2180400,88563.97109375,89272.876953125,45.36082305563577,297.41823428192583,304.6370533589456,91537.1892437472,87008.5646625028,-0.00988476842128415,91370.0546875
2024-09-23,89499.3359375,90188.54974559955,89499.3359375,89893.17239927118,696500,88632.89296875,89199.0328125,45.918375608871386,318.8601078141073,307.48166424997794,91321.32672847508,87076.73889652491,0.00330584941173287,91074.6796875
2024-09-24,89794.7109375,90090.0882761102,89499.3335988898,89499.3335988898,522400,88849.503125,89139.957421875,51.063806439141665,355.5882411192142,317.1029796238252,91114.60030759459,87165.31453615542,0.0032948697669353557,91074.6796875
2024-09-25,91370.0546875,91566.97290880927,89794.70891702586,90090.08624898976,2602400,89282.72265625,89179.340625,63.366352968349695,505.9800037814275,354.87838445534567,91301.0563425509,87057.62490744909,0.017391720210831654,90582.390625
2024-09-26,91074.6796875,92354.64815878378,91074.6796875,91468.5161402027,1816800,89578.1,89228.5703125,61.165070981538946,594.4794759095676,402.7986027461901,91480.9304981933,86976.2101268067,-0.003237969668810968,90582.390625
2024-09-27,91074.6796875,92157.72993243243,91074.6796875,91074.6796875,1070900,89834.09375,89297.491796875,61.165070981538946,657.0419742902013,453.6472770549924,91690.1007029659,86904.8828907841,0.0,91271.59375
2024-09-30,90582.390625,91074.68622622282,90582.390625,91074.68622622282,1276900,90139.31796875,89322.10703125,65.6250619904386,659.2995965338196,494.77774095075785,91758.77360130224,86885.44046119775,-0.005419995674163887,91173.140625
2024-10-01,90582.390625,91960.81830842391,90582.390625,90877.76798573369,1724400,90287.0078125,89336.876171875,70.00003526565618,653.5550031744497,526.5331933954963,91801.58721689558,86872.16512685442,0.0,90877.765625
2024-10-02,91271.59375,91271.59375,90385.46177184465,90877.75731526429,1378900,90454.3875,89420.566015625,68.60465974557036,696.5854997940478,560.5436546752065,92031.88853751103,86809.24349373896,0.007579778107142949,90582.390625
2024-10-03,91173.140625,92453.10912189525,90976.22239470843,91173.140625,1699200,90562.69296875,89543.640234375,66.26511552761067,714.5067450111819,591.3362727424017,92244.76260060594,86842.51786814404,-0.0010792652897755228,90090.0859375
2024-10-04,90877.765625,91370.06121343446,90877.765625,91074.68386037379,859700,90730.07421875,89647.02265625,72.36854606408181,696.8424015771743,612.4374985093563,92387.91650476714,86906.12880773286,-0.0032449743346227287,89597.796875
2024-10-07,90582.390625,91074.68622622282,90385.47238451087,90877.76798573369,610700,90838.3796875,89735.636328125,61.9049058466871,651.498914253345,620.249781658154,92477.20044137213,86994.07221487786,-0.0032555384827447596,90483.921875
2024-10-08,90090.0859375,90582.38148907103,89597.79038592897,90582.38148907103,1123100,90867.9171875,89858.71015625,53.96821798277267,569.2767321420397,610.0551717549312,92416.87372821721,87300.5465842828,-0.005449705625240876,90090.0859375
2024-10-09,89597.796875,90385.46981456043,89499.33775755494,89893.17422733517,2175700,90690.69140625,89986.70703125,46.03178201722733,459.0992371016473,579.8639848242744,92180.86994318478,87792.54411931522,-0.005479393340174275,89991.625
2024-10-10,90483.921875,91566.97208242655,89794.70810663766,90877.75831406421,1325200,90631.615625,90104.8578125,60.317518294142104,438.2339719036099,551.5379822401416,92123.45475111876,88086.26087388126,0.00984144485297717,89991.625
2024-10-11,90090.0859375,90483.92237875683,89794.70860655738,90483.92237875683,1083500,90533.15625,90183.625,54.687492251156755,385.4753107438446,518.3254479408822,92058.81760561587,88308.43239438413,-0.004362051512802874,90090.0859375
2024-10-14,89991.625,90779.29786652078,89893.1658916849,90779.29786652078,930700,90474.0796875,90306.698828125,51.61287845532254,331.89286256178457,481.0389308650627,91713.12262459892,88900.27503165106,-0.0010935141253248064,90779.3046875
2024-10-15,89991.625,90680.83875820569,89893.1658916849,89893.1658916849,1430600,90415.003125,90351.00546875,34.78247369864573,286.1300571477914,442.0571561216085,91649.81018712412,89052.20075037587,0.0,90976.21875
2024-10-16,90090.0859375,90385.46326844263,89893.16771687158,89991.6268271858,1293000,90296.85234375,90375.619921875,38.63625707371086,254.8696996906947,404.61966483542574,91632.29753394939,89118.94230980061,0.001093514125324774,90582.390625
2024-10-17,90779.3046875,90877.76380321312,90287.00910893438,90582.38645607376,1285400,90257.46875,90410.080859375,47.05883268143474,282.45388174348045,380.1865082170367,91671.58072338563,89148.58099536436,0.007621213115163864,89991.625
2024-10-18,90976.21875,91665.43252840909,90582.3823051948,91271.5960836039,1162700,90267.3140625,90498.694140625,54.16659778817383,316.5548170356342,367.46016998075623,91647.40378604771,89349.98449520228,0.002166802260739613,90090.0859375
2024-10-21,90582.390625,91862.35918817934,90582.390625,91074.68622622282,1423100,90267.3140625,90552.846875,50.0,308.24812312453287,355.6177606095116,91600.8950554515,89504.7986945485,-0.004338309750662577,90287.0078125
2024-10-22,89991.625,90779.29786652078,89991.625,90582.37964989059,1259500,90257.46796875,90562.692578125,37.25487755546566,251.10062791641394,334.71433407089205,91584.1141707003,89541.27098554971,-0.00654321975056571,90385.4609375
2024-10-23,90090.0859375,90385.46326844263,89794.70860655738,89794.70860655738,749300,90306.696875,90498.694140625,39.21564051460854,211.31983747794584,310.0354347523028,91466.08806708388,89531.30021416611,0.001093514125324774,90582.390625
2024-10-24,90287.0078125,90877.76249829608,89991.63046960197,90779.30338399672,755400,90287.00546875,90459.310546875,43.999974608776796,193.45321576713468,286.7189909552692,91391.46398970831,89527.15710404169,0.0021834474559990096,90582.390625
2024-10-25,90385.4609375,90877.75647637527,90287.00182972495,90680.83826082517,996300,90316.54296875,90424.849609375,47.91654612990199,185.10436581404065,266.3960659270235,91311.04148072083,89538.65773802917,0.0010898521000592433,90287.0078125
2024-10-28,90582.390625,90877.76798573369,90090.09502377718,90090.09502377718,1105800,90375.61953125,90424.849609375,55.5556535155389,192.1632833343756,251.54950940849395,91311.04148072083,89538.65773802917,0.002176406069182531,92157.734375
2024-10-29,90582.390625,91173.14534646738,90582.390625,90680.84974524456,1297600,90434.69609375,90424.849609375,62.50000000000001,195.50387930235593,240.34038338726634,91311.04148072083,89538.65773802917,0.0,92059.2734375
2024-10-30,90287.0078125,90976.22161259543,90188.54869820066,90582.38515539803,626500,90454.38828125,90375.6203125,47.058905896657386,172.32988962707168,226.73828463522742,91168.20441447668,89583.03621052332,-0.003266258169241812,91074.6796875
2024-10-31,92157.734375,93536.16202590811,90090.09289863781,90090.09289863781,2888900,90592.23125,90424.85,71.42852516197357,301.4415050994139,241.67892872806473,91498.48828507874,89351.21171492127,0.020508041014702032,91173.140625
2024-11-01,92059.2734375,93437.7010611631,92059.2734375,92551.56901737968,1729900,90700.53671875,90483.925390625,71.42852516197357,391.3076645994006,271.6046759023319,91771.25068123562,89196.60010001437,-0.001068966954192187,91468.515625
2024-11-04,91074.6796875,93831.53485641892,90976.22057432432,92551.56638513513,1853600,90749.765625,90508.53984375,59.32202478055105,378.7131865484116,293.0263780315479,91822.34574378643,89194.73394371357,-0.010752820217104159,91763.890625
2024-11-05,91173.140625,91566.97708558314,90582.38593412527,91173.140625,1082700,90867.9171875,90562.692578125,59.32202478055105,372.38433196090045,308.8979688174184,91893.05449034732,89232.33066590269,0.0010805171432036016,90779.3046875
2024-11-06,91468.515625,91960.8111881055,91370.0565123789,91370.0565123789,1416800,91005.76015625,90656.228515625,56.363583902590335,386.7448096263979,324.46733697921434,91963.80647951544,89348.65055173456,0.0032344785256410917,90582.390625
2024-11-07,91763.890625,92453.10439578863,91763.890625,91763.890625,1418900,91153.4484375,90720.226953125,57.14281665953486,417.151225921305,343.00411476763253,92114.70254936663,89325.75135688338,0.003224050394811315,90483.921875
2024-11-08,90779.3046875,92453.1096546231,90779.3046875,92059.27319177061,1380000,91192.8328125,90754.687890625,51.61286194208927,357.6775886774558,345.9388095495972,92117.29620599489,89392.07957525512,-0.010787534247896797,91074.6796875
2024-11-11,90582.390625,91370.06358695652,90483.93150475543,91370.06358695652,1873400,91192.8328125,90784.226171875,55.17249870718313,291.29709196303156,335.0104660322841,92102.06354877666,89466.38879497333,-0.0021715074899229213,90582.390625
2024-11-12,90483.921875,91763.89030195866,90483.921875,90582.38098476606,1336300,91182.9859375,90808.841015625,53.4482593510205,228.11489833249652,313.6313524923266,92081.9764873278,89535.7055439222,-0.0010876541124380272,90287.0078125
2024-11-13,91074.6796875,91468.5161402027,90483.92500844595,90483.92500844595,1331800,91261.753125,90858.070703125,56.45158400458679,223.13955903981696,295.53299380182466,92089.65002798174,89626.49137826827,0.006507649786601931,89597.796875
2024-11-14,90582.390625,91074.68622622282,90483.93150475543,90582.390625,1719700,91104.21875,90848.225,51.515235307200776,177.4276778670319,271.9119306148661,92085.5904458759,89610.85955412411,-0.005419995674163887,88613.203125
2024-11-15,90287.0078125,91074.68072689477,90188.54869820066,90582.38515539803,1508600,90926.9921875,90813.764453125,47.76115691027928,116.02825683003175,240.73519585789924,92074.29313646756,89553.23576978243,-0.003266258169241812,88908.578125
2024-11-18,89597.796875,90877.76540178571,89499.33775755494,90287.01069711539,1874900,90779.30390625,90764.534765625,43.24323454920942,11.621248104973347,194.91240630731406,92135.20511467228,89393.86441657771,-0.007662840796173463,89105.4921875
2024-11-19,88613.203125,90188.54895833333,88613.203125,90090.08984375,1577000,90523.31015625,90695.613671875,39.50618372394877,-148.854641900165,126.15899666581826,92341.01157327853,89050.21577047148,-0.011049865251660178,89203.953125
2024-11-20,88908.578125,89794.71013289037,88514.74167704872,88613.20078903655,1640700,90267.31640625,90636.53828125,24.61534705437144,-249.32458829281677,51.06227967409126,92449.75710448167,88823.31945801833,0.0033277637313267423,89893.171875
2024-11-21,89105.4921875,89893.16504661602,88810.11486533149,89007.0330801105,1461100,90001.4765625,90577.4625,27.272650766667226,-309.4908081070753,-21.04833788214205,92511.5883606722,88643.33663932778,0.0022123435801456293,90976.21875
2024-11-22,89203.953125,89893.16689086644,89203.953125,89597.78956263798,1729700,89843.94140625,90518.387109375,33.33328693114984,-345.24818977797986,-85.88830826130962,92547.06927851238,88489.70494023763,0.001104382859078121,91271.59375
2024-11-25,89893.171875,90779.30390881708,89499.33541552574,89499.33541552574,1814000,89775.01953125,90483.926171875,39.68253368498213,-314.3483669870766,-131.580320006463,92531.35924493067,88436.49309881934,0.007696629997064458,91173.140625
2024-11-26,90976.21875,91468.51430600649,89991.62763798701,89991.62763798701,1759900,89824.24921875,90503.617578125,46.47886222110962,-200.1598848348076,-145.29623297213192,92562.58088908343,88444.65426716658,0.011976153800123089,91862.3515625
2024-11-27,91271.59375,91763.88929341963,90877.75731526429,90877.75731526429,1047200,89843.940625,90552.846875,46.47886222110962,-84.8522719253524,-133.207440762776,92636.93265144381,88468.76109855619,0.0032414683564804484,92748.484375
2024-11-28,91173.140625,92059.27266131209,91074.68150985421,91665.43620072895,1289900,89903.015625,90503.6171875,53.225804387416474,-1.3983826438779943,-106.8456291389964,92471.34863275095,88535.88574224905,-0.0010792652897755228,91566.9765625
2024-11-29,91862.3515625,91862.3515625,91074.6786659298,91173.13777800107,1010500,90060.55,90493.77109375,59.701439509228614,118.98144451562257,-61.6802144080726,92430.45286068997,88557.08932681002,0.007530934974873968,92059.2734375
2024-12-02,92748.484375,93634.61639132164,92453.10703622611,93437.6981654724,1573100,90375.61875,90577.461328125,65.33337706277786,282.6288674238749,7.181601958316904,92750.12369418029,88404.79896206972,0.009600082396099113,92551.5625
2024-12-03,91566.9765625,92945.40416666666,91173.14010416667,92945.40416666666,2445800,90670.99609375,90597.153125,53.08643426571919,313.37048303663323,68.41937817398016,92799.48416671576,88394.82208328423,-0.0128206715824251,92748.484375
2024-12-04,92059.2734375,92453.10990140375,91074.68227774065,91370.05962566845,1204400,90986.065625,90626.691015625,59.259244746640704,373.156166402332,129.36673581965053,92893.14282380749,88360.2392074425,0.0053619572853524965,93831.53125
2024-12-05,92551.5625,93142.31715425532,91566.97140957447,91566.97140957447,2333000,91330.67265625,90666.074609375,63.855426293967554,455.01523195777554,194.49643504727555,93040.53095601761,88291.6182627324,0.005333275556460074,93043.859375
2024-12-06,92748.484375,93831.53461717091,92453.10703622611,92551.56614915073,1700100,91685.12578125,90764.53359375,70.51283094645652,529.6733362310333,261.5318152840271,93315.50574793681,88213.5614395632,0.002125438740612502,91862.3515625
2024-12-09,93831.53125,93831.53125,92453.10371852046,92748.48104669465,1957500,92078.96171875,90926.990625,83.54435846752162,668.5268913028849,342.9308304877987,93820.02701011692,88033.9542398831,0.011609593192558188,92059.2734375
2024-12-10,93043.859375,93831.53225859789,93043.859375,93831.53225859789,912700,92285.72578125,91054.9875,75.00004723085497,706.8625254326616,415.7171694767713,94088.59026114247,88021.38473885754,-0.00842996541143006,91665.4296875
2024-12-11,91862.3515625,93339.23824356914,91763.89245042873,93043.86090735531,1609700,92344.8015625,91094.37109375,64.89366551359126,634.5908175522054,459.49189909185816,94149.42625672815,88039.31593077185,-0.012779710177227252,91665.4296875
2024-12-12,92059.2734375,92945.40548128342,92059.2734375,92059.2734375,671500,92433.41484375,91168.215234375,65.26321328432147,586.4447479301452,484.8824688595156,94242.4998536846,88093.93061506542,0.0021413680990265355,91566.9765625
2024-12-13,91665.4296875,92157.7252282492,91468.51147120033,91763.88879564984,1227700,92413.72265625,91237.136328125,59.782587133760494,510.6226022384508,490.03049553530263,94289.96992026754,88184.30273598245,-0.00428733149737585,91665.4296875
2024-12-16,91665.4296875,91763.88879564984,91468.51147120033,91566.97057935016,1121800,92305.4171875,91340.51796875,54.32097435108731,445.39872624367126,481.1041416769764,94298.15794392177,88382.87799357824,0.0,90976.21875
2024-12-17,91566.9765625,91665.43567708333,91370.05833333333,91566.9765625,1048100,92305.4171875,91488.206640625,51.89877231907451,381.3678193959786,461.15687722077683,94152.9100770608,88823.50320418918,-0.00107462578797679,91074.6796875
2024-12-18,91665.4296875,91862.34790379967,91566.97057935016,91566.97057935016,530300,92266.0328125,91626.04921875,53.16452009156131,334.7088930122118,435.86728037906386,93998.03369205324,89254.06474544677,0.0010746257879767638,90976.21875
2024-12-19,90976.21875,91370.05519480519,90779.3005275974,91370.05519480519,1869700,92108.4984375,91719.585546875,44.30378348300602,239.35861786239548,396.5655478757302,93803.05760442496,89636.11348932503,-0.007547174643229602,90680.84375
2024-12-20,91074.6796875,91468.5161402027,90877.76146114865,90976.22057432432,1245900,91941.11796875,91813.121875,38.028151699551294,169.7806865585735,351.2085756122989,93562.20171195455,90064.04203804545,0.0010816859235014055,90976.21875
2024-12-23,90976.21875,91370.05519480519,90976.21875,91173.1369724026,707200,91655.58671875,91867.27421875,44.99996693843275,105.47880591814464,302.0626216734681,93422.37655910588,90312.17187839412,-0.001081685923501344,90680.84375
2024-12-24,90680.84375,91370.0575461455,90582.38463626493,91271.59843241042,1024300,91419.28515625,91852.50546875,37.930992025544526,30.33512386746588,247.71712211226765,93448.31614950887,90256.69478799112,-0.0032520096521226694,90779.3046875
2024-12-25,90976.21875,92354.64630681818,90779.3005275974,90779.3005275974,1827700,91330.671875,91837.73671875,35.71428571428572,-5.321152655073092,197.1094671587995,93461.40789241203,90214.06554508799,0.003252009652122687,90582.390625
2024-12-26,90680.84375,91370.0575461455,90582.38463626493,91074.68020494029,2202900,91192.82890625,91813.121875,31.578910735067296,-56.75901998576592,146.33576972988644,93493.16316168057,90133.08058831943,-0.0032520096521226694,89794.7109375
2024-12-27,90779.3046875,91566.97761320499,90779.3046875,91074.68203463938,1639900,91104.21640625,91758.96953125,17.02128377979129,-88.55808319374046,99.35699914516105,93501.00487030092,90016.93419219907,0.0010852073913829017,90483.921875
2024-12-30,90582.390625,91074.68622622282,90582.390625,90779.30886548913,1706700,90995.9125,91650.66484375,19.512223443620428,-128.1709145311179,53.851416409905276,93402.97844352708,89898.35124397291,-0.0021715074899229213,90582.390625
2024-12-31,89794.7109375,90976.22029194079,89794.7109375,90779.30206620066,2374000,90818.6859375,91562.0515625,21.62161002955166,-220.580818262315,-1.0350305245387759,93501.44261849,89622.66050651,-0.008733754867856781,91468.515625
2025-01-02,90483.921875,91074.6765335963,90090.0854359358,90188.54454570185,1630500,90700.53515625,91483.283984375,30.952268497964354,-235.48820858432737,-47.925666136496496,93465.1452215417,89501.4227472083,0.007646100755418692,90877.765625
2025-01-03,90582.390625,90976.22710597825,90483.93150475543,90483.93150475543,1402200,90661.15234375,91384.825390625,35.89755588424987,-236.6291046077531,-85.66635383074782,93338.68442181806,89430.96635943194,0.001087654112438126,90976.21875
2025-01-06,91468.515625,91960.8111881055,90483.92449878903,90582.38361141011,1936800,90700.5359375,91320.826953125,47.9167045497751,-164.1383068527939,-101.36074443515705,93167.52850881795,89474.12539743204,0.009734991343008603,90483.921875
2025-01-07,90877.765625,91763.89768418201,90877.765625,91763.89768418201,1252400,90690.690625,91173.138671875,43.39623771418306,-152.59835639687662,-111.60826682750097,92598.87115034698,89747.40619340302,-0.006479452860263764,89991.625
2025-01-08,90976.21875,90976.21875,90090.08674918831,90877.7596387987,1052000,90720.228125,91069.756640625,43.39623771418306,-133.96426152234199,-116.07946576646918,92191.8610399926,89947.6522412574,0.0010827712679179699,90483.921875
2025-01-09,90483.921875,90779.29920429815,90287.0036554679,90582.38098476606,738300,90670.9984375,91000.83515625,45.09801786103245,-157.10978677420644,-124.28552996801665,92086.7065343941,89914.9637781059,-0.0054259638631006125,90287.0078125
2025-01-10,89991.625,90976.21608315098,89991.625,90483.92054157548,1112500,90602.0765625,90897.452734375,39.999942292516344,-212.72486596842646,-141.97339716809861,91952.29212131133,89842.61334743866,-0.005455565638127644,89991.625
2025-01-13,90483.921875,90483.921875,89696.2489968716,89893.1672164037,937600,90572.53828125,90838.37734375,45.76269362877608,-214.6021731323417,-156.49915236094725,91843.2790423913,89833.47564510872,0.0054555656381277216,89991.625
2025-01-14,90287.0078125,90483.92604109869,89794.71224100328,90483.92604109869,677300,90543.0,90769.45625,46.551721779196924,-229.33563332480844,-171.0664485537195,91723.30393739894,89815.60856260106,-0.0021786040568037165,91074.6796875
2025-01-15,89991.625,90483.92054157548,89991.625,90483.92054157548,445300,90562.69140625,90690.688671875,41.379282040056914,-261.82873238355387,-189.21890531968637,91627.26326816173,89754.11407558828,-0.0032769615813240047,90287.0078125
2025-01-16,89991.625,90483.92054157548,89991.625,90483.92054157548,445300,90513.46171875,90606.9984375,43.63631642121785,-284.30248540813045,-208.23562133737522,91473.3344294065,89740.66244559351,0.0,89991.625
2025-01-17,91074.6796875,91566.97525337838,90779.30234797297,91271.59791385135,1122600,90562.690625,90611.921484375,52.30767352718572,-212.27268737427949,-209.0430345447561,91488.15422517936,89735.68874357063,0.011963215424729622,89794.7109375
2025-01-20,90287.0078125,91074.68072689477,90188.54869820066,90877.76249829608,1761500,90444.53984375,90572.537890625,47.88728616658303,-216.25424660848512,-210.4852769575019,91431.83693381774,89713.23884743225,-0.008686253843405734,91074.6796875
2025-01-21,89991.625,90680.83875820569,89893.1658916849,90680.83875820569,1264900,90355.92578125,90523.308203125,51.51511872687949,-240.47256727219792,-216.4827350204411,91397.90956487652,89648.70684137347,-0.0032769615813240047,91173.140625
2025-01-22,89794.7109375,90582.38384046053,89794.7109375,90582.38384046053,979100,90237.775,90479.0015625,44.262320671098855,-272.41485121360165,-227.66915825907324,91408.08495723533,89549.91816776466,-0.0021905351172910674,91173.140625
2025-01-23,91074.6796875,91468.5161402027,89893.17032939188,89893.17032939188,1685100,90296.85078125,90483.924609375,53.42461584280886,-192.23064517094463,-220.58145564144752,91425.06653082986,89542.78268792013,0.01415375054202069,91173.140625
2025-01-24,91173.140625,91566.97708558314,90680.84504927105,90680.84504927105,944000,90415.00234375,90508.539453125,47.69232647281428,-119.36316513559723,-200.33779754027745,91495.9792378433,89521.0996684067,0.0010805171432036016,91173.140625
2025-01-27,91173.140625,91173.140625,91173.140625,91173.140625,0,90483.92421875,90528.23125,52.54235008687887,-60.912995134844095,-172.4528370591908,91553.39392036168,89503.06857963832,0.0,91173.140625
2025-01-28,91173.140625,91173.140625,91173.140625,91173.140625,0,90572.5375,90557.76875,51.72416623572771,-14.42453721248603,-140.84717708984985,91622.76971014556,89492.76778985445,0.0,91173.140625
2025-01-29,91173.140625,91173.140625,91173.140625,91173.140625,0,90690.6890625,90626.690234375,56.60380748201956,22.16242597126984,-108.24525647762592,91661.75955454854,89591.62091420146,0.0,90188.546875
2025-01-30,91173.140625,91173.140625,91173.140625,91173.140625,0,90808.840625,90661.151171875,62.500041326822426,50.57486235772376,-76.48123271055599,91721.78399828119,89600.51834546881,0.0,90582.390625
2025-01-31,91173.140625,91173.140625,91173.140625,91173.140625,0,90818.68671875,90690.688671875,58.13957779746088,72.25896650829236,-46.733192866786325,91774.73131644125,89606.64602730876,0.0,91173.140625
2025-02-03,90188.546875,90976.21977347162,90188.546875,90877.76066116267,1435800,90808.840625,90626.690234375,49.01959258988429,9.88138182273542,-35.41027792888198,91667.65848582411,89585.72198292588,-0.010857898784378045,91468.515625
2025-02-04,90582.390625,90779.30886548913,90287.0132642663,90680.84974524456,855200,90867.9171875,90611.921484375,55.769318802586724,-7.684818507230375,-29.865186044551663,91646.2513779548,89577.59159079519,0.004357385967010484,91566.9765625
2025-02-05,91173.140625,91370.05885529157,90582.38593412527,90582.38593412527,1345800,91005.76015625,90621.767578125,60.344860608349,25.76542133120529,-18.739064569400274,91674.28811938176,89569.24703686824,0.006500512817367558,90779.3046875
2025-02-06,91468.515625,91960.8111881055,91271.59739975781,91370.0565123789,1351600,91045.14375,90670.997265625,53.999990478291295,75.24192922363,0.057134189205779506,91786.5860552485,89555.40847600151,0.0032344785256410917,90483.921875
2025-02-07,91566.9765625,91763.89479166667,91074.68098958333,91468.51744791666,2260900,91084.52734375,90749.76484375,65.11625332152347,121.00255088608537,24.2462175285817,91885.65797703314,89613.87171046686,0.0010758672629070467,90090.0859375
2025-02-10,90779.3046875,91468.51849749187,90483.92734036063,91468.51849749187,2298100,91045.14375,90764.533984375,58.333402211484575,92.64171969983727,37.925317962832814,91893.53357103081,89635.53439771918,-0.008639351115992554,90188.546875
2025-02-11,90483.921875,90877.75831406421,90287.0036554679,90779.29920429815,1039400,90976.221875,90774.3796875,57.14281087610945,45.8026478906977,39.50078394840579,91889.19036015675,89659.56901484325,-0.0032591616023609385,90188.546875
2025-02-12,90090.0859375,91074.67704064208,90090.0859375,90483.92237875683,1054100,90867.91640625,90779.302734375,37.5,-22.833709912956692,27.033885176133296,91880.34356043146,89678.26190831854,-0.004362051512802874,90188.546875
2025-02-13,90188.546875,90483.92421192686,89991.6286503821,90483.92421192686,862300,90769.45703125,90789.148828125,37.5,-68.49398713902337,7.928310713101963,91863.73556768367,89714.56208856634,0.0010923196582303767,90188.546875
2025-02-14,90188.546875,90779.30154885372,90090.08776269105,90779.30154885372,947800,90670.99765625,90744.8421875,37.5,-103.48715035444184,-14.354781500406798,91842.68048499202,89647.003890008,0.0,90287.0078125
2025-02-17,90188.546875,90582.38332423581,90090.08776269105,90090.08776269105,787100,90670.99765625,90739.919140625,37.5,-129.72410557616968,-37.42864631555938,91847.24401924087,89632.59426200914,0.0,90287.0078125
2025-02-18,90188.546875,90582.38332423581,89991.6286503821,90188.546875,1065500,90631.61328125,90749.765234375,37.5,-148.80178723904828,-59.70327450025716,91832.29912157735,89667.23134717264,0.0,91665.4296875
2025-02-19,90287.0078125,90287.0078125,89893.17135530262,90188.54869820066,1509500,90543.0,90774.380078125,39.024413845156424,-154.19850820297142,-78.60232124080002,91785.51035671489,89763.24979953512,0.0010911277977687737,92059.2734375
2025-02-20,90287.0078125,90877.76249829608,90287.0078125,90779.30338399672,1636600,90424.84921875,90734.996484375,39.024413845156424,-156.66946043165808,-94.21574907897164,91758.16561811302,89711.82735063699,0.0,91173.140625
2025-02-21,91665.4296875,91665.4296875,90680.8386060016,90680.8386060016,2513400,90434.69453125,90759.6109375,66.66660789067666,-46.86040493637847,-84.74468025045302,91848.72210031247,89670.49977468752,0.01515174256313407,90877.765625
2025-02-24,92059.2734375,92059.2734375,91271.60050969251,91862.35520554813,1956000,90562.69140625,90803.917578125,66.66660789067666,71.12408760191465,-53.57092667997949,92027.64175473255,89580.19340151743,0.0042873314973757215,92551.5625
2025-02-25,91173.140625,92157.73177645788,91074.68150985421,92059.27266131209,1926600,90631.61328125,90803.917578125,50.0,92.06289201110485,-24.44416294176263,92027.64175473255,89580.19340151743,-0.009672303073900518,91862.3515625
2025-02-26,90877.765625,91468.52033112134,90779.30650731311,91173.14297806067,769200,90710.38125,90789.148828125,43.75006199023364,83.85611037146009,-2.7841082791180867,92001.18449227964,89577.11316397037,-0.0032449743346227287,61446.390625
2025-02-27,92551.5625,93929.99002659574,92551.5625,93437.69448138298,5028800,90946.6828125,90858.069921875,57.81245931882511,209.99292834187509,39.77129904508055,92297.48095278778,89418.65889096221,0.018250552964983513,61248.8125
2025-02-28,91862.3515625,92748.48357114148,91862.3515625,92748.48357114148,2070800,91114.06328125,90892.53046875,58.73013473992851,251.44519893587858,82.10607902324017,92395.30726910458,89389.75366839542,-0.0074746436554867105,61248.8125
2025-03-03,61446.390625,61578.10661204058,61248.814721409566,61578.10661204058,1870245,88239.84765625,89455.42265625,10.02927684556829,-2145.287885486905,-363.3727138787889,102721.93044670881,76188.91486579119,-0.40212618047847626,61578.10546875
2025-03-04,61248.8125,61512.248310585834,61051.23275751638,61380.52848226342,3735855,85345.87421875,87988.74375,10.08375993964043,-4014.3837093453476,-1093.5749129721007,106269.13846505358,69708.34903494641,-0.003220636027314196,62631.84765625
2025-03-05,61248.8125,61775.68412117167,61248.8125,61248.8125,2721199,82442.0546875,86492.52734375,9.838033134967617,-5433.027061834495,-1961.4653427445796,108244.38735407576,64740.66733342424,0.0,63751.453125
2025-03-06,61578.10546875,62039.1210299804,61380.529568827864,61578.10546875,3524612,79571.164453125,84998.0068359375,10.654624837781583,-6456.316550615622,-2860.435584318788,109271.56768803268,60724.44598384232,0.005361915175110936,63751.453125
2025-03-07,62631.84765625,62763.56748464648,61578.10441331413,61643.96432751237,5979252,76667.80625,83551.250390625,13.171128982999093,-7100.403621733436,-3708.429191801718,109563.22727591185,57539.27350533816,0.016967520582904738,65672.234375
2025-03-10,63751.453125,64146.60493239958,63290.441401014104,63488.017304713896,6621056,73837.02421875,82199.8578125,15.69411085352013,-7434.80070704814,-4453.703494851003,109411.3915005691,54988.32412443091,0.01771808065659548,64490.71875
2025-03-11,63751.453125,63751.453125,62961.145664141695,63224.5814844278,5442099,71094.85546875,80863.234375,15.478128616407744,-7612.065651872501,-5085.375926255303,108972.82296462,52753.645785379995,0.0,64983.01171875
2025-03-12,65672.234375,67542.95769302848,64589.18403298351,64983.02052098951,7560300,68574.30234375,79642.341796875,19.501250561683108,-7510.976541385928,-5570.496049281428,108182.35149043819,51102.33210331181,0.02968424601577484,66262.984375
2025-03-13,64490.71875,66164.52366412214,64195.34141221374,66164.52366412214,4496300,65768.21796875,78357.450390625,16.164277758593016,-7440.432455775241,-5944.48333058019,107210.46464200411,49504.436139245896,-0.018154905813214935,65770.6875
2025-03-14,64983.01171875,65770.68458806818,64392.25706676137,64392.25706676137,4920600,63080.283984375,77097.1736328125,16.369308261444317,-7261.100386000195,-6207.806741664192,105976.205781427,48218.141484198,0.007604559463600021,65475.30859375
2025-03-17,66262.984375,66262.984375,64983.01588038632,64983.01588038632,4940800,63561.943359375,75900.8955078125,19.35954187205752,-6935.744388543957,-6353.394271040145,104477.17142887438,47324.61958675062,0.019505558666166618,65770.6875
2025-03-18,65770.6875,66755.27863023953,65770.6875,66755.27863023953,3656000,64014.130859375,74680.0025390625,19.266208059454968,-6641.067567020771,-6410.928930236271,102768.35705073093,46591.64802739405,-0.007457175875985104,64983.01171875
2025-03-19,65475.30859375,66164.52236842105,65475.30859375,66164.52236842105,3674000,64436.78046875,73439.417578125,15.698149779195035,-6358.076721402642,-6400.3584884695465,100807.8824782065,46070.95267804348,-0.004501156816198029,65475.30859375
2025-03-20,65770.6875,65967.6057260479,65179.93282185629,65475.310160928144,1688900,64856.038671875,72213.6015625,16.612325715403102,-6040.340542469334,-6328.354899269504,98582.72929855049,45844.47382644951,0.004501156816198048,65179.93359375
2025-03-21,64983.01171875,65967.60280539774,64983.01171875,65967.60280539774,1701500,65091.155078125,70879.4806640625,68.72117254764271,-5785.400686339577,-6219.764056683519,95762.9226499621,45996.0386781629,-0.012048382790181568,64786.09765625
2025-03-24,65475.30859375,65475.30859375,64490.71748707707,65278.390372415415,1977600,65263.540625,69550.282421875,71.69607848248586,-5480.459445083048,-6071.903134363425,92429.45290076881,46671.1119429812,0.007547225973983496,64490.71875
2025-03-25,65179.93359375,65573.77005050982,65179.93359375,65475.31093631986,2028100,65406.388671875,68250.6220703125,69.58586906386051,-5202.652666946669,-5898.053040880074,88791.66037738237,47709.58376324263,-0.0045214489409340095,63801.50390625
2025-03-26,64786.09765625,65573.77057608282,64786.09765625,65376.85234612462,1507400,65317.775,66946.038671875,65.8809160447054,-4957.125406532723,-5709.867514010604,84538.88564581996,49353.19169793003,-0.006060616596702645,63013.83203125
2025-03-27,64490.71875,64884.555200381685,64490.71875,64786.09608778626,901500,65317.775,65542.996484375,59.94922845397674,-4731.8322758633,-5514.2604663811435,78367.1468503143,52718.846118435715,-0.004569719899946938,63506.12890625
2025-03-28,63801.50390625,64687.635904947914,63801.50390625,64490.71768301504,1650600,65199.62421875,64139.9541015625,50.28082462893144,-4556.376650756341,-5322.683703256183,67452.8711180437,60827.037085081305,-0.010744555827760413,63801.50390625
2025-03-31,63013.83203125,64195.34138183593,63013.83203125,63703.04581909179,1771900,64874.708984375,64218.326171875,46.19746343176554,-4429.821120820619,-5144.111186769071,67331.05941277616,61105.592930973835,-0.012422503926982718,59370.84375
2025-04-01,63506.12890625,64293.80182291666,63013.83333333333,63703.047135416666,1715200,64648.253125,64331.1919921875,36.90475796887406,-4240.914090291815,-4963.47176747362,67139.36441595417,61523.01956842083,0.007782161105507328,59075.46484375
2025-04-02,63801.50390625,64983.01323784722,63604.58568431713,63998.422128182865,2330700,64480.87265625,64458.8265625,45.33333121739807,-4021.0178231790414,-4774.980978614704,66882.890057472,62034.763067527994,0.004640342821475422,54940.18359375
2025-04-03,59370.84375,63407.66728855722,59370.84375,63013.83084577115,9806100,63840.88828125,64348.4634765625,25.217421003443334,-4156.3538335103,-4651.255549593824,67435.16885854238,61261.75809458261,-0.07197350236650922,51691.03515625
2025-04-04,59075.46484375,59075.46484375,55334.01873697917,55826.31427734375,11887700,63250.13359375,64170.6443359375,15.23810135559701,-4238.583454256885,-4568.721130526436,67995.2781971498,60346.01047472519,-0.004987568157641536,55235.5625
2025-04-08,54940.18359375,58878.54800907258,54940.18359375,58878.54800907258,7181200,62196.62109375,63730.080859375,11.267614684563839,-4584.585411203567,-4571.893986661863,69361.30818231919,58098.8535364308,-0.07257066937181751,58878.55078125
2025-04-09,51691.03515625,58780.091406249994,51198.73958333333,51198.73958333333,8995800,60847.73125,63127.0599609375,9.302335773427401,-5062.614906262039,-4670.038170581898,70917.62653869641,55336.49338317859,-0.06096065712965597,58386.25390625
2025-04-10,55235.5625,55235.5625,55235.5625,55235.5625,174400,59892.677734375,62605.2263671875,23.902437985931854,-5096.69150424219,-4755.368837313957,71048.76041774031,54161.692316634675,0.06632262878710515,59075.46484375
2025-04-11,58878.55078125,58977.009896268806,57106.286710911365,58878.55078125,8059500,59331.4609375,62324.61796875,36.752143997705026,-4774.698987297954,-4759.234867310756,70876.64115111013,53772.59478638986,0.06386986699484919,58386.25390625
2025-04-14,58386.25390625,59075.4676960371,57795.49922928963,59075.4676960371,3619500,58789.9359375,61994.780078125,34.6153859195869,-4507.284669323992,-4708.844827713403,70623.60595308906,53365.95420316093,-0.008396377216809747,57204.74609375
2025-04-15,59075.46484375,59961.59681640625,57401.660006510414,58189.33287109375,5633100,58396.09921875,61635.4041015625,36.97478011027325,-4191.427169693983,-4605.36129610952,70113.125153011,53157.68305011399,0.011735207936328821,57204.74609375
2025-04-16,58386.25390625,59370.84503451729,58090.87656776982,58780.09035755692,2625800,57884.11171875,61266.182421875,36.5145166738771,-3951.1747057993125,-4474.5239780474785,69628.00981980418,52904.35502394582,-0.011735207936328911,57303.203125
2025-04-17,57204.74609375,58386.255479507316,57204.74609375,58386.255479507316,3151800,57224.4359375,60852.654296875,35.19999822261184,-3812.166421912618,-4342.052466820507,69155.84530704423,52549.463286705766,-0.02044361520013456,57598.58203125
2025-04-18,57204.74609375,58681.632825946646,57204.74609375,57795.50078662866,2165400,57007.826171875,60424.3572265625,36.21399190392333,-3659.813305797259,-4205.604634615858,68541.0142462391,52307.7002068859,0.0,57106.28515625
2025-04-21,57303.203125,57992.416908290375,57204.74401310137,57598.58046069588,1290500,56830.6,60040.366796875,37.71185792459044,-3490.8869324926563,-4062.661094191218,67973.53334758626,52107.20024616374,0.0017196545075678755,57303.203125
2025-04-22,57598.58203125,57893.959375,53857.13567708333,57204.74557291666,3850700,57096.43984375,59646.53046875,37.17948109320776,-3295.1920328808774,-3909.1672819291502,67217.43675066745,52075.62418683257,0.005141426767654886,56613.9921875
2025-04-23,57106.28515625,58484.71272898707,57106.28515625,58484.71272898707,1928700,57637.96484375,59242.848046875,35.593218059532276,-3143.589317710619,-3756.051689085444,66422.3299269463,52063.36616680369,-0.008583766492442413,56613.9921875
2025-04-24,57303.203125,57697.0395725945,57106.28490120275,57303.203125,1861200,57844.72890625,58868.7033203125,44.55958538571815,-2973.279326064847,-3599.497216481325,65597.64287823963,52139.76376238538,0.0034423397247875577,56417.0703125
2025-04-25,56613.9921875,58090.87894021739,56613.9921875,57303.20600543478,3682000,57618.273046875,58474.8669921875,43.65483184227449,-2860.9418367291073,-3451.7861405308813,64723.20158649323,52226.53239788176,-0.012100356667530702,56417.0703125
2025-04-28,56613.9921875,57401.66512228261,56613.9921875,56810.91042119565,1654600,57441.046875,58115.49140625,55.483886655634784,-2740.3248084833904,-3309.493874121383,63882.08818973185,52348.89462276816,0.0,56417.0703125
2025-04-29,56417.0703125,57598.57963841623,56417.0703125,56810.906754472075,2432200,57175.207421875,57785.6533203125,69.35483612943271,-2630.3043825531713,-3173.655975807741,63110.26969443497,52461.03694619003,-0.003484388625207834,56417.0703125
2025-04-30,56417.0703125,56417.0703125,56417.0703125,56417.0703125,0,56978.2890625,57431.200390625,56.818175670375275,-2514.131064430607,-3041.7509935323146,62049.385354385886,52813.01542686412,0.0,56417.0703125
2025-05-01,56417.0703125,56417.0703125,56417.0703125,56417.0703125,0,56899.521484375,57061.9787109375,25.490147267832043,-2394.4610167342325,-2912.2929981726984,60587.14996222545,53536.80745964956,0.0,56220.15234375
2025-05-02,56417.0703125,56417.0703125,56417.0703125,56417.0703125,0,56820.75390625,56914.2900390625,28.26082644143402,-2273.415127322718,-2784.5174240027027,60275.876878153926,53552.703199971074,0.0,56121.6953125
2025-05-05,56417.0703125,56417.0703125,56417.0703125,56417.0703125,0,56732.140625,56781.3703125,15.384607559396343,-2152.6707395806734,-2658.148087118297,59989.89388542107,53572.846739578934,0.0,56121.6953125
2025-05-06,56220.15234375,57106.28434216287,56121.69323281523,56613.988787489056,2101500,56594.29765625,56845.36875,17.64703823157383,-2049.2471314257273,-2536.367895979783,59948.59433114688,53742.14316885312,-0.0034965025721524,56220.15234375
2025-05-07,56121.6953125,57106.28645833333,56121.6953125,56417.07265625,2992900,56495.838671875,57066.9017578125,26.086934022393308,-1952.7181174846774,-2419.637940280762,59051.9805054497,55081.8230101753,-0.0017528117707148604,56220.15234375
2025-05-08,56121.6953125,56613.990885416664,56121.6953125,56220.15442708333,2415400,56377.687890625,57111.2083984375,26.086934022393308,-1854.8367747390148,-2306.6777071724127,58958.989653548306,55263.42714332669,0.0,55727.85546875
2025-05-09,56220.15234375,56810.90700935858,56023.23412188047,56515.52967655429,3022300,56338.30390625,56978.2884765625,26.086934022393308,-1749.1572498700189,-2195.173615711934,58666.328861705166,55290.24809141983,0.0017528117707148582,55924.77734375
2025-05-12,56220.15234375,56220.15234375,56220.15234375,56220.15234375,0,56298.919921875,56869.9833984375,14.999900815298247,-1646.4264853729983,-2085.424189644147,58452.30917297406,55287.65762390094,0.0,57795.49609375
2025-05-13,55727.85546875,56417.06922896422,55334.01903434187,56121.69190315813,5992500,56229.9984375,56702.6029296875,14.999900815298247,-1586.4482697656713,-1985.6290056684522,57981.81477135933,55423.39108801567,-0.008795155145218704,57795.49609375
2025-05-14,55924.77734375,56417.07291895907,55727.859113666374,56220.15468887544,7392600,56180.769140625,56579.5291015625,15.000069429153498,-1505.668740218447,-1889.6369525784512,57629.86314699974,55529.19505612525,0.003527405923612083,56121.6953125
2025-05-15,57795.49609375,57893.9552012351,56318.6094814736,56318.6094814736,8014200,56318.61171875,56609.0666015625,68.7499147632526,-1275.9901915393566,-1766.9076003706323,57761.67807980303,55456.455123321975,0.03290332435711885,56121.6953125
2025-05-16,57795.49609375,58878.54627608603,57795.49609375,58386.250738660565,8070600,56456.454296875,56638.6041015625,68.7499147632526,-1081.5014119014522,-1629.8263626767962,57882.178694446004,55395.029508679,0.0,56220.15234375
2025-05-19,56121.6953125,56712.45,56121.6953125,56515.53177083333,4784400,56426.916796875,56579.5287109375,46.80853039442607,-1050.3219299270058,-1513.9254761268382,57802.24993810744,55356.80748376756,-0.029388386906226967,56220.15234375
2025-05-20,56121.6953125,56712.45,56121.6953125,56515.53177083333,4784400,56417.07109375,56505.684375,46.80853039442607,-1013.9240801757696,-1413.9251969366246,57644.80279951692,55366.56595048308,0.0,56023.234375
2025-05-21,56220.15234375,56515.52967655429,55924.77501094571,56121.69323281523,3867000,56426.916796875,56461.377734375,47.916664944708614,-965.9984338017239,-1324.3398443096446,57570.67831093223,55352.07715781777,0.0017528117707148582,56121.6953125
2025-05-22,56220.15234375,57007.82523122811,56121.69323281523,56613.988787489056,5161800,56436.7625,56407.2251953125,47.916664944708614,-917.4413213000953,-1242.960139707735,57447.06036995436,55367.390020670646,0.0,56121.6953125
2025-05-23,56023.234375,56515.52993189807,56023.234375,56220.15259775923,3694300,56417.070703125,56377.6873046875,45.99999682608702,-884.6513836985323,-1171.2983885058945,57426.31731579034,55329.05729358466,-0.0035087710115623352,55924.77734375
2025-05-26,56121.6953125,56121.6953125,55137.104166666664,56023.23619791667,4728300,56407.225,56353.0724609375,48.979611665421125,-841.0253306352242,-1105.2437769317605,57401.45892720969,55304.68599466531,0.0017559592408474532,55924.77734375
2025-05-27,56121.6953125,56121.6953125,55137.104166666664,56023.23619791667,4728300,56446.608984375,56338.3037109375,50.0,-797.2610402792416,-1043.6472296012569,57391.20643628212,55285.40098559288,0.0,55826.31640625
2025-05-28,55924.77734375,56318.61380391726,55826.31822870819,55924.77734375,5548900,56446.608984375,56313.6890625,48.0,-769.5957386153823,-988.836931404082,57381.747011688225,55245.63111331178,-0.0035149374508918465,55334.0234375
2025-05-29,55924.77734375,56712.45026408451,55924.77734375,56220.15468887544,4950200,56259.537109375,56289.0744140625,46.93879699126365,-739.1503229116133,-938.8996097055883,57369.71739928646,55208.43142883854,0.0,55334.0234375
2025-05-30,55826.31640625,56318.61196538801,55826.31640625,56318.61196538801,3904500,56062.619140625,56259.53671875,46.00000317390794,-714.7281452472671,-894.065316813924,57357.60310607108,55161.47033142892,-0.0017621476385436055,55924.77734375
2025-06-02,55334.0234375,55629.400786810496,55235.56432106317,55629.400786810496,3225700,55983.851953125,56205.384375,46.00003967388071,-726.7201443535887,-860.596282321857,57375.217469799514,55035.55128020049,-0.008857407020402667,55727.85546875
2025-06-03,55334.0234375,55629.400786810496,55235.56432106317,55629.400786810496,3225700,55905.084765625,56161.0779296875,43.74999483412584,-727.833874202086,-834.0438006979028,57393.97870681046,54928.17715256453,0.0,55432.48046875
2025-06-04,55924.77734375,56023.23645879181,55530.94088358275,55826.31822870819,3364000,55875.547265625,56151.23203125,22.857155811886756,-673.2863837078694,-801.8923172998963,57388.594139816494,54913.86992268351,0.010619554658946383,55038.64453125
2025-06-05,55727.85546875,56121.69190315813,55629.39636014796,56023.23279455609,2690500,55826.317578125,56131.5400390625,21.62161002955166,-638.585834076126,-769.2310206551423,57383.33273221103,54879.74734591397,-0.003527405923612007,55038.64453125
2025-06-06,55432.48046875,55924.776032415626,55432.48046875,55826.316919682504,2783100,55767.2421875,56092.1564453125,34.782578696524396,-627.6841403865765,-740.9216446014291,57381.218878132786,54803.09401249222,-0.005314408106031476,55038.64453125
2025-06-09,55038.64453125,55530.94009950805,55038.64453125,55334.02187220483,2223900,55658.937109375,56033.0810546875,29.629607860712454,-643.4069435883575,-721.4187043988148,57403.190205707826,54662.971903667174,-0.0071301456560093086,54841.7265625
2025-06-10,55038.64453125,55530.94009950805,55038.64453125,55334.02187220483,2223900,55550.63203125,55998.6205078125,26.92311213652677,-648.3931062839038,-706.8135847758326,57434.16085442972,54563.08016119528,0.0,55137.1015625
2025-06-11,55038.64453125,55334.02187220483,55038.64453125,55137.10364490161,2231400,55462.01875,55954.3138671875,26.92311213652677,-644.9105487800334,-694.4329775766728,57452.771032110424,54455.85670226457,0.0,55727.85546875
2025-06-12,54841.7265625,55334.022133078994,54841.7265625,55334.022133078994,2295800,55353.713671875,55806.625390625,26.92311213652677,-650.5411972595539,-685.654621513249,57110.64239920982,54502.60838204018,-0.0035842285132805054,55727.85546875
2025-06-13,55137.1015625,55235.560672433036,54841.72423270089,55137.1015625,2560800,55284.7921875,55673.7056640625,32.1427862966416,-623.9764210283101,-673.3189814162613,56615.87439542678,54731.536932698225,0.005371501319675076,56318.61328125
2025-06-16,55727.85546875,55826.31457735203,55334.01903434187,55334.01903434187,4336600,55324.175390625,55654.013671875,44.117588714881315,-548.9270520177452,-648.440595536558,56572.934216785354,54735.093126964646,0.010657280955646012,55826.31640625
2025-06-17,55727.85546875,55826.31457735203,55334.01903434187,55334.01903434187,4336600,55363.55859375,55634.3216796875,46.874938009561404,-483.87210989246523,-615.5268984077395,56527.56439441189,54741.078964963104,0.0,55727.85546875
2025-06-18,56318.61328125,56613.99062363418,55924.77682473776,56023.23593886582,5159800,55402.9421875,55639.2447265625,55.26315239974525,-380.2629467186125,-568.4741080699141,56547.04887903168,54731.44057409332,0.010544969301716571,55727.85546875
2025-06-19,55826.31640625,56417.07107721561,55629.3981825948,56318.61196538801,3421100,55412.78828125,55619.5529296875,50.0,-334.0257411354687,-521.584434683025,56490.64439479173,54748.46146458328,-0.008779711016648213,55727.85546875
2025-06-20,55727.85546875,56121.69190315813,55629.39636014796,55826.31457735203,2368700,55442.32578125,55604.783984375,55.263094702399535,-301.8478828736261,-477.6371243211453,56456.86625288985,54752.701715860145,-0.0017652582850683624,55727.85546875
2025-06-23,55727.85546875,56023.23279455609,55629.39636014796,55826.31457735203,2480600,55511.246875,55585.0919921875,55.263094702399535,-273.19744824826194,-436.7491891065686,56404.450366514495,54765.73361786051,0.0,55727.85546875
2025-06-24,55727.85546875,56023.23279455609,55629.39636014796,55826.31457735203,2480600,55580.16796875,55565.4,46.87494575850073,-247.63716529963858,-398.9267843451826,56348.590033704604,54782.2099662954,0.0,55530.94140625
2025-06-25,55727.85546875,56220.15101176016,55727.85546875,56023.23279455609,3507600,55649.0890625,55555.55390625,50.0,-224.789226632769,-364.09927280269994,56324.54330185561,54786.5645106444,0.0,56121.6953125
2025-06-26,55727.85546875,56023.23279455609,55727.85546875,55924.77368595406,2739800,55737.701953125,55545.7078125,55.55550657556389,-204.32671939652937,-332.1447621214659,56299.688162729624,54791.72746227037,0.0,56121.6953125
2025-06-27,55530.94140625,55924.77787012411,55530.94140625,55826.31875415558,2842900,55777.0859375,55530.9390625,60.000031739079375,-201.67457518697483,-306.05072473456767,56273.25759178438,54788.620533215624,-0.003539751887299725,57303.203125
2025-06-30,56121.6953125,56318.613541666666,56023.23619791667,56121.6953125,2952200,55816.469921875,55570.32265625,67.74195612583523,-150.17273093235417,-274.875125974125,56351.22909707459,54789.41621542541,0.010582095261803606,57106.28515625
2025-07-01,56121.6953125,56318.613541666666,56023.23619791667,56121.6953125,2952200,55855.85390625,55609.70625,67.74195612583523,-108.11091300143744,-241.52228337958752,56419.355136268634,54800.05736373137,0.0,57007.82421875
2025-07-02,57303.203125,57893.957796391755,56220.15289411512,56318.61200601375,10049500,55954.312890625,55678.6275390625,80.48781431858691,20.32687142308714,-189.1524524190526,56782.44224082878,54574.812837296224,0.020834059635605695,57697.0390625
2025-07-03,57106.28515625,57697.03983028017,56810.90781923491,57401.66249326508,2913600,56082.309765625,55747.5490234375,75.00002479615084,105.01456403292832,-130.31904912865642,57023.08500720035,54472.01303967465,-0.003442339724787497,57697.0390625
2025-07-04,57007.82421875,57893.956201424866,56810.90600037781,57204.74243712219,7395300,56210.306640625,55826.3162109375,68.57142533274994,162.31413942202198,-71.79241141852074,57209.915802782845,54442.71661909215,-0.0017256579834541183,58090.87890625
2025-07-07,57697.0390625,57992.41639558447,57303.202618387375,57598.579951471846,8056200,56407.225,55959.2359375,73.80952605860577,260.3373368559551,-5.36646176362558,57523.23731273976,54395.234562260244,0.012017330712903498,60552.35546875
2025-07-08,57697.0390625,57992.41639558447,57303.202618387375,57598.579951471846,8056200,56604.143359375,56092.1556640625,69.44442301567447,334.1693310066985,62.54069679043924,57774.14036410744,54410.170964017554,0.0,60453.89453125
2025-07-09,58090.87890625,58583.17449020127,57697.04243908899,57893.96067266949,10394500,56840.445703125,56244.7673828125,82.85717200525055,419.62413639823353,133.9573847119981,58071.89032575822,54417.64443986677,0.006802805845493811,61438.48828125
2025-07-10,60552.35546875,60847.7328125,58484.714062499996,58484.714062499996,16449700,57322.895703125,56530.298828125,91.52546589865284,678.150970264549,242.79610182250826,59077.26912863315,53983.32852761685,0.04149970849216076,61438.48828125
2025-07-11,60453.89453125,60847.73097770766,60060.05808479235,60847.73097770766,8152900,57815.191015625,56796.1384765625,90.0000132246094,865.1178340314364,367.2604482642939,59799.77537302275,53792.501580102245,-0.0016273698132084325,60453.89453125
2025-07-14,61438.48828125,61930.78386042669,60060.06065955529,61930.78386042669,6475000,58346.8703125,57081.6701171875,91.42858600262528,1080.286042577798,509.8655671269948,60683.81366457067,53479.52656980434,0.01615548309208865,60847.73046875
2025-07-15,61438.48828125,61930.78386042669,60060.06065955529,61930.78386042669,6475000,58878.549609375,57367.2017578125,91.42858600262528,1236.55417129556,655.2032879607079,61397.39870225453,53337.00481337047,0.0,61241.5703125
2025-07-16,60453.89453125,61635.40387062297,60453.89453125,61438.48564739414,6315400,59193.61875,57573.9658203125,79.9999900815495,1266.3515892790383,777.4329482243741,61797.33245284588,53350.59918777912,-0.016155483092088727,60355.43359375
2025-07-17,60847.73046875,61143.107801122576,60158.516693214,60453.89402558657,7603200,59567.76328125,57825.0365234375,82.92677380523848,1306.6828993597883,883.2829384514569,62205.073742104505,53444.99930477049,0.00649352094610069,60355.43359375
2025-07-18,61241.5703125,61733.86589379019,60847.73384746784,60847.73384746784,9992700,59991.137890625,58100.722265625,82.49995288740685,1354.8079543448766,977.5879416301409,62616.93704915356,53584.507482096444,0.006451690808912961,61241.5703125
2025-07-21,60355.43359375,61733.86111465131,60355.43359375,61241.56557147227,6138200,60256.97734375,58332.101171875,74.15723375014544,1306.3843935999175,1043.3472320240962,62810.45691417673,53853.745429573275,-0.014575234218159875,61143.10546875
2025-07-22,60355.43359375,61733.86111465131,60355.43359375,61241.56557147227,6138200,60522.816796875,58563.480078125,70.12980522260825,1253.5581349695422,1085.3894126131854,62952.59310868496,54174.36704756504,0.0,61143.10546875
2025-07-23,61241.5703125,61241.5703125,59961.601801145494,60355.43826617765,4902600,60837.8859375,58839.1658203125,74.99994096173802,1268.57344682642,1122.0262194558322,63170.613505510875,54507.71813511412,0.014575234218159936,61832.32421875
2025-07-24,61143.10546875,61635.401003925115,60847.72814764493,61536.94189689009,5087300,60896.9609375,59109.9283203125,74.99990553882543,1258.026157220549,1149.2262070087756,63297.08851001087,54922.76813061413,-0.0016091044792497708,61832.32421875
2025-07-25,61143.10546875,62521.53296724034,60946.18725467995,61241.56457578502,8710200,60965.88203125,59390.5365234375,72.72717436276073,1235.4261308088753,1166.4661917687956,63311.55458055378,55469.51846632122,0.0,60060.05859375
2025-07-28,61832.32421875,62029.24244874602,61143.110413763934,61241.569528761946,10484700,61005.265625,59676.06796875,74.9999173465113,1258.6210402491997,1184.8971614648765,63422.63854185624,55929.49739564376,0.011209165410784351,59961.6015625
2025-07-29,61832.32421875,62029.24244874602,61143.110413763934,61241.569528761946,10484700,61044.64921875,59961.5994140625,73.74990701480324,1262.4504303776703,1200.4078152474353,63427.525870063364,56495.67295806163,0.0,59272.38671875
2025-07-30,60060.05859375,62226.15906762295,60060.05859375,62226.15906762295,10595600,61005.265625,60099.4421875,46.57534842164073,1109.686450502515,1182.2635422984513,63331.60555684082,56867.278818159175,-0.029081235192188533,60158.51953125
2025-07-31,59961.6015625,60946.19272116174,59469.30598316913,60060.06067836617,7271000,60916.652734375,60242.2080078125,46.57537373417877,969.4994500960311,1139.7107238579672,63154.07301531848,57330.34300030652,-0.0016406547486004191,60158.51953125
2025-08-01,59272.38671875,60749.273431011214,59173.92760459925,60552.35520270972,6066900,60719.734375,60355.4361328125,34.285766104396174,793.6378018419855,1070.4961394547709,62889.330673307006,57821.541592318,-0.011560839823805723,60552.35546875
2025-08-04,60158.51953125,60453.89687755728,59075.46926145663,59173.92837689239,4462400,60700.04296875,60478.51015625,41.77217859790162,717.498811166115,999.8966737970397,62686.94895636362,58270.071356136374,0.014839526914014377,61340.02734375
2025-08-05,60158.51953125,60453.89687755728,59075.46926145663,59173.92837689239,4462400,60680.3515625,60601.5841796875,47.82611195569427,649.6691311646064,929.8511652705531,62392.1781673201,58810.99019205491,0.0,60749.2734375
2025-08-06,60552.35546875,62718.45598958333,60256.978124999994,60552.35546875,18590000,60611.430078125,60724.6580078125,47.82611195569427,620.5396944834865,867.9888711131398,62072.202877731965,59377.11313789303,0.0065252999772405845,61536.9453125
2025-08-07,61340.02734375,61832.32290830658,60946.190892104736,61143.10911792737,4677500,60631.122265625,60764.0416015625,50.68491512813252,653.480032474261,825.0871033853641,62136.199831937374,59391.88337118763,0.01292423399909318,61536.9453125
2025-08-08,60749.2734375,61930.78280743517,60355.436980854945,61930.78280743517,9498700,60591.7390625,60778.810546875,52.85716147951333,624.7152559573515,785.0127338997617,62143.249969237826,59414.371124512174,-0.00967748218696861,62029.2421875
2025-08-11,61536.9453125,62226.1591,61143.1088625,61143.1088625,7266300,60562.201171875,60783.7333984375,57.69230964860748,657.8937116098168,759.5889294417727,62158.86285626156,59408.60394061344,0.012882608958383755,61536.9453125
2025-08-12,61536.9453125,62226.1591,61143.1088625,61143.1088625,7266300,60532.66328125,60788.65625,52.17389304409425,676.3908639117872,742.9493163357756,62174.319641494054,59402.992858505946,0.0,64195.33984375
2025-08-13,62029.2421875,63801.50625,61733.864843749994,61832.323958333334,12129000,60729.581640625,60867.4236328125,56.1644125967049,722.4463223943894,738.8487175474984,62348.76025982997,59386.08700579502,0.007968190808552055,63506.12890625
2025-08-14,61536.9453125,62619.99555,61044.649750000004,62521.5364375,7519800,60887.116015625,60901.884375,52.564122779220895,711.0251067053323,733.2839953790651,62413.05833941171,59390.71041058829,-0.007968190808552201,63506.12890625
2025-08-15,64195.33984375,65278.39005583781,62324.61675014379,62718.45319090299,19003100,61379.411328125,61049.5728515625,62.24488308769293,906.0396711887734,767.8351305410068,63159.326977033124,58939.81872609188,0.04229288872671063,63210.75
2025-08-18,63506.12890625,64589.17916666666,63013.83333333333,63801.50625,8297300,61714.172265625,61207.1076171875,58.09523989450536,993.5238315824754,812.9728707493006,63555.6364299234,58858.57880445161,-0.010794200507964301,62029.2421875
2025-08-19,63506.12890625,64589.17916666666,63013.83333333333,63801.50625,8297300,62048.933203125,61364.6423828125,70.11496297107001,1050.7433437817308,860.5269653557867,63888.75128124499,58840.53348438,0.0,63210.75
2025-08-20,63210.75,64392.259345794395,63210.75,63506.1273364486,9191400,62314.77265625,61463.1013671875,68.53931632618492,1060.036173139757,900.4288069125809,64117.27109128925,58808.93164308574,-0.00466203782470767,62619.99609375
2025-08-21,62029.2421875,63604.58802083333,61241.56927083333,63506.12890625,10537600,62383.694140625,61507.408203125,64.89362555232114,960.9853601223731,912.5401175545394,64168.66182658493,58846.15457966507,-0.018868459585486358,62619.99609375
2025-08-22,63210.75,63998.422897196266,62324.61799065421,62324.61799065421,9639300,62629.841796875,61610.7904296875,65.97938186495756,966.6813821443939,923.3683704725104,64371.25132290332,58850.329536471676,0.018868459585486465,63604.5859375
2025-08-25,62619.99609375,64786.09658755896,62423.0778670401,64786.09658755896,7750800,62738.146875,61650.1740234375,62.13592494784621,913.0020976785236,921.2951159137131,64446.18935103166,58854.15869584335,-0.009389728106989357,68035.2421875
2025-08-26,62619.99609375,64786.09658755896,62423.0778670401,64786.09658755896,7750800,62846.451953125,61689.5576171875,60.60606424920633,860.5410959154833,909.1443119140672,64518.37317508825,58860.74205928675,0.0,67936.78125
2025-08-27,63604.5859375,63998.42238293344,61930.78104440789,62619.99482391641,7988400,63003.986328125,61866.783984375,61.38614172523143,888.1752148798769,904.9504925072291,64709.848329450426,59023.71963929957,0.0156009201640752,67936.78125
2025-08-28,68035.2421875,68035.2421875,63998.41884497106,63998.41884497106,31048100,63653.816015625,62270.466015625,76.42857061890086,1253.146886833405,974.5897713724644,66097.11202622601,58443.820005024,0.06734026470304161,67936.78125
2025-08-29,67936.78125,69512.12690217391,67641.4039402174,68429.07676630435,8799400,64027.96015625,62703.6857421875,74.4360794598629,1516.9580434997479,1083.0634257979211,67030.35592812498,58377.01555625003,-0.0014482531364974627,65967.609375
2025-09-01,67936.78125,67936.78125,67936.78125,67936.78125,0,64471.025390625,63092.598828125,74.4360794598629,1706.3604250075732,1207.7228256398516,67834.41073030245,58350.78692594756,0.0,65967.609375
2025-09-02,67936.78125,67936.78125,67936.78125,67936.78125,0,64914.090625,63481.5119140625,73.43748547099996,1835.3069014025023,1333.2396407923818,68479.08858569535,58483.935242429645,0.0,67838.328125
2025-09-03,65967.609375,67739.87350746269,65967.609375,67739.87350746269,14216900,65189.7765625,63752.274609375,65.73430259689167,1758.333228761454,1418.2583583861963,68667.7580766871,58836.79114206292,-0.029413730733237886,64293.80078125
2025-09-04,65967.609375,67739.87350746269,65967.609375,67739.87350746269,14216900,65583.61328125,63983.6537109375,57.75865754486314,1677.988234769051,1470.2043336627673,68856.50956088424,59110.79786099076,0.0,64293.80078125
2025-09-05,67838.328125,67936.7872369376,65869.14588624818,66459.90055787373,8942100,66046.37109375,64338.1064453125,67.18752082491943,1745.1486299628305,1525.1931929227799,69251.50389579243,59424.70899483257,0.02796349228071629,63899.96484375
2025-09-08,64293.80078125,66459.9012669889,64293.80078125,66066.06481503637,11249800,66213.7515625,64475.94921875,52.439024390243894,1495.1251215110897,1519.1795786404418,69209.86827174408,59742.03016575592,-0.05366413106740769,64786.09765625
2025-09-09,64293.80078125,66459.9012669889,64293.80078125,66066.06481503637,11249800,66381.13203125,64613.7919921875,53.416155649770765,1282.199294416292,1471.783521795612,69143.52701615567,60084.05696821933,0.0,64687.63671875
2025-09-10,63899.96484375,65179.933322900615,63506.128388626734,64490.7195264349,6192300,66410.669921875,64707.328125,56.20915761449482,1069.3479956164738,1391.2964165597843,69087.12728963576,60327.528960364245,-0.006144404521436323,64687.63671875
2025-09-11,64786.09765625,64983.01588620821,63801.506506458965,64589.1794262918,5006400,66085.75546875,64869.7857421875,55.33334655796023,961.0865129885133,1305.2544358455302,68987.64342091462,60751.92806346038,0.013772226791626055,64786.09765625
2025-09-12,64687.63671875,64983.0140553653,63210.75003567351,64589.1776065449,6349100,65760.841015625,64894.4005859375,57.24138516000064,857.4592764510598,1215.6954039666361,69001.15380553901,60787.647366335994,-0.0015209410148828233,64589.1796875
2025-09-15,64687.63671875,64687.63671875,64687.63671875,64687.63671875,0,65435.9265625,64953.4759765625,57.24138516000064,766.4982304293953,1125.855969259188,69009.82667084974,60897.12528227526,0.0,63801.50390625
2025-09-16,64786.09765625,64983.01588620821,64490.72031131269,64983.01588620821,5367400,65120.858203125,65017.4744140625,54.4117780048653,694.3518648234894,1039.5551483720483,69017.67692200423,61017.27190612076,0.0015209410148828565,62915.37109375
2025-09-17,64589.1796875,65573.77084127287,64589.1796875,64983.01614900915,6765400,64983.015234375,65086.3958984375,31.18281037766114,614.2055368294168,954.4852260635221,69002.1367462907,61170.65505058431,-0.003044138337080048,61044.6484375
2025-09-18,63801.50390625,64786.09501591435,63801.50390625,64490.71768301504,5627200,64766.4046875,65175.008984375,29.000008331511637,481.57880115793523,859.9039410824048,68873.64567147855,61476.37229727145,-0.012270137390627347,61044.6484375
2025-09-19,62915.37109375,63899.962190678794,62619.99376467136,63899.962190678794,8783400,64274.108984375,65160.2400390625,26.605508260352238,301.49223060441,748.2215989868058,68894.09302250388,61426.38705562112,-0.013986254909608762,61241.5703125
2025-09-22,61044.6484375,62226.15776209677,60847.73021673387,62029.239541330644,6061300,63949.19375,65081.47265625,22.656251452899994,7.7315177849377505,600.1235827464322,69096.81284375288,61066.13246874711,-0.030184969328533134,61733.86328125
2025-09-23,61044.6484375,62226.15776209677,60847.73021673387,62029.239541330644,6061300,63624.278515625,65002.7052734375,26.851830763228833,-222.51099531048385,435.596667135049,69274.9422517597,60730.4682951153,0.0,62029.2421875
2025-09-24,61241.5703125,62127.702358822346,61241.5703125,61438.48854501607,3267800,63358.4390625,64884.5544921875,28.18182146064538,-384.6558232876996,271.5461690504993,69440.85142280183,60328.257561573155,0.0032206743692172364,61635.40234375
2025-09-25,61733.86328125,61733.86328125,60847.731272428224,61438.48594497608,3879200,63053.215625,64569.485546875,17.708358732141107,-468.03759330359753,123.62941657967997,69079.68221703958,60059.28887671044,0.008006405574339966,61635.40234375
2025-09-26,62029.2421875,62423.07864583333,61733.864843749994,62324.61953125,3870300,62787.376171875,64274.10859375,31.746067731309083,-504.46843947498564,-1.990154631253148,68626.79939130318,59921.41779619682,0.004773304062915242,61044.6484375
2025-09-29,61635.40234375,61930.77967127596,61438.484125399365,61930.77967127596,2782900,62482.152734375,63959.0396484375,29.8507674798404,-558.6796205696737,-113.32804781893726,68102.65458385159,59815.424713023414,-0.006369503211974063,61438.48828125
2025-09-30,61635.40234375,61930.77967127596,61438.484125399365,61930.77967127596,2782900,62167.083203125,63643.970703125,31.74604773947827,-594.7860488282458,-209.619648020799,67459.36419874842,59828.577207501585,0.0,61587.25
2025-10-01,61044.6484375,61930.78043094758,60847.73021673387,61832.321320564515,4104100,61812.630078125,63397.82265625,18.33337190503427,-663.4220401410494,-300.3801264448491,67217.2255606497,59578.41975185029,-0.009630880794498328,63471.5625
2025-10-02,61438.48828125,61733.86562875601,61044.651817908656,61733.86562875601,3022000,61576.328515625,63171.3666015625,23.8095987788044,-678.2188886466247,-375.9478788852042,66884.83493675455,59457.89826637045,0.006430945706292261,63471.5625
2025-10-03,61587.25,62578.99315619968,61587.25,61884.7729468599,3657500,61443.51640625,62858.8126953125,25.59403702872325,-670.2158392433412,-434.8014709568316,65911.91707827852,59805.70831234648,0.0024183848572190956,63174.0390625
2025-10-06,63471.5625,63471.5625,62281.470703125,62281.470703125,7461700,61686.2078125,62817.70078125,41.92302947418243,-505.992329434579,-449.03964265238113,65811.00341071481,59824.398151785186,0.03013710234852344,64066.60546875
2025-10-07,63471.5625,63471.5625,62281.470703125,62281.470703125,7461700,61928.89921875,62776.5888671875,42.962669261443075,-371.56089206947945,-433.5438925358008,65706.44239855814,59846.73533581686,0.0,63273.2109375
2025-10-08,63174.0390625,63570.73632505887,62777.34179994113,63570.73632505887,4229300,62122.14609375,62740.292578125,45.78909812339074,-285.73686758606345,-403.98248754585336,65629.24951277135,59851.33564347865,-0.004698528510698293,62578.9921875
2025-10-09,64066.60546875,64364.128404363386,63074.8623500387,63669.908221265476,8113800,62355.4203125,62704.31796875,57.71924126623258,-144.03768360234244,-351.9935267571512,65502.50335158609,59906.13258591391,0.014029810210806917,62578.9921875
2025-10-10,63273.2109375,64661.65130289969,63273.2109375,63967.43112019984,5734200,62479.8171875,62633.5966796875,67.46635692216506,-94.66908116664854,-300.52863763905066,65288.55441572407,59978.63894365093,-0.01246122101121351,62578.9921875
2025-10-13,62578.9921875,63273.2123860935,62281.469245245644,62876.515129754356,7992500,62574.176171875,62528.164453125,60.845251019662115,-110.2904002706855,-262.48099016537765,65000.895091027545,60055.43381522245,-0.011032397909314491,61983.9453125
2025-10-14,62578.9921875,63273.2123860935,62281.469245245644,62876.515129754356,7992500,62668.53515625,62417.8091796875,59.72404148409356,-121.27245483628212,-234.23928309955855,64651.71725947681,60183.90109989819,0.0,62380.64453125
2025-10-15,62578.9921875,63471.561014263076,62380.64355933043,62975.68944383915,7008900,62821.96953125,62317.2998046875,56.61850586281054,-128.49460636389995,-213.09034775242682,64307.445401480014,60327.154207894986,0.0,58909.54296875
2025-10-16,61983.9453125,62876.514124999994,61983.9453125,62578.991187499996,5218800,62876.515234375,62226.421875,49.66116750527417,-180.15678797256987,-206.50363579645546,64093.38197371022,60359.46177628978,-0.009554228784615294,58909.54296875
2025-10-17,62380.64453125,62479.81884687996,61983.947268730124,62182.295899990066,4634400,62955.8546875,62199.685546875,55.57222317632668,-186.93426565203117,-202.58976176757062,64040.231920284634,60359.139173465366,0.0063796385243098,58810.3671875
2025-10-20,58909.54296875,61686.42378209175,58116.148450652356,61289.726523042926,12115600,62499.652734375,62092.9302734375,36.58298545205083,-467.0109410060031,-255.47399761525713,64403.27978982595,59782.58075704905,-0.057251946087670105,59107.890625
2025-10-21,58909.54296875,61686.42378209175,58116.148450652356,61289.726523042926,12115600,62043.45078125,61986.175,38.84184314434785,-681.1221716564833,-340.6036324235024,64667.93686679256,59304.41313320745,0.0,59306.23828125
2025-10-22,58810.3671875,60198.807559548906,58810.3671875,59207.06443665683,8416700,61607.08359375,61864.61484375,35.82887114827177,-849.0225181443966,-442.28740956768127,64887.23321243587,58841.99647506413,-0.0016849453007912523,58711.1953125
2025-10-23,59107.890625,59702.93650377517,58016.97318057886,59603.762190645975,4664800,61111.212109375,61733.3162109375,36.84210089886894,-947.1588399723114,-543.2616956486073,64998.27206267369,58468.3603592013,0.005046276537430495,58711.1953125
2025-10-24,59306.23828125,59802.10983878554,58413.66947768604,58413.66947768604,4227100,60714.51484375,61597.166015625,23.07690753936373,-997.4298336127322,-634.0953232414323,65032.802690551805,58161.529340698195,0.0033500705293570588,59504.58984375
2025-10-27,58711.1953125,59504.58984375,58711.1953125,59504.58984375,2640000,60327.73515625,61450.9556640625,21.428564729978376,-1072.9170331616333,-721.8596652254726,65120.658434599485,57781.25289352552,-0.010084069667313083,60198.80859375
2025-10-28,58711.1953125,59504.58984375,58711.1953125,59504.58984375,2640000,59940.95546875,61304.7453125,22.22221681924144,-1119.832451233713,-801.4542224271207,65171.24459636685,57438.246028633155,0.0,60099.6328125
2025-10-29,59504.58984375,59702.9384765625,58612.02099609375,58711.1953125,2789700,59633.515234375,61227.7423828125,21.25001846299277,-1080.5371899513484,-857.2708159319662,65176.518334030414,57278.96643159459,0.013423020332140769,58810.3671875
2025-10-30,60198.80859375,60496.331535729,59306.239767813015,59504.588395799015,3716000,59455.0015625,61165.7583984375,30.379752515454697,-982.0572166964921,-882.2280960848715,65139.44554498545,57192.07125188955,0.011599111509917968,59603.76171875
2025-10-31,60099.6328125,60694.678681930694,59802.10987778466,60496.33005878713,1946600,59226.900390625,61091.3775390625,32.87670567668626,-901.6204655942856,-886.1065699867544,65087.47349330052,57095.281584824486,-0.0016488294039267257,59603.76171875
2025-11-03,58810.3671875,59802.110310392076,58810.3671875,59504.58737352445,2800100,59216.9828125,60858.3177734375,27.906973548860464,-931.1727421883552,-895.1198044270745,64813.41067532375,56903.22487155125,-0.02168557983760646,59802.11328125
2025-11-04,59603.76171875,59901.28465578203,58612.0185953099,58711.19290765391,2952400,59286.4046875,60664.927734375,34.04254962537675,-880.4238482271394,-892.1806131870875,64456.88537616575,56872.97009258425,0.013400536090070417,58810.3671875
2025-11-05,59603.76171875,59901.28465578203,58612.0185953099,58711.19290765391,2952400,59365.744140625,60486.4138671875,36.36363636363636,-830.6299985626247,-879.870490262195,64113.59394446141,56859.23378991358,0.0,58314.49609375
2025-11-06,59802.11328125,60793.85645341003,59702.938964033994,60397.15918454602,2821200,59435.16640625,60273.1892578125,34.88372838599227,-766.328937588296,-857.1621797274152,63492.678215094056,57053.70030053094,0.0033223113175336705,58413.671875
2025-11-07,58810.3671875,59504.58737352445,58512.84425063238,59504.58737352445,3586300,59385.579296875,60050.0470703125,49.180316225083246,-786.3311686615343,-842.995977514239,63001.519069082235,57098.57507154277,-0.016722847407604113,59008.71875
2025-11-10,58314.49609375,59207.06491151148,58314.49609375,58909.541972257655,2316500,59345.909375,59836.822265625,45.45454002924239,-832.5980618110843,-840.9163943736081,62631.00477473584,57042.63975651416,-0.008467443078862262,59306.23828125
2025-11-11,58413.671875,59107.892084040745,58314.49755942275,58612.0205061545,2540900,59316.15703125,59628.55625,46.96971324560618,-851.4472968363989,-843.0225748661662,62171.8149133424,57085.2975866576,0.0016992608868943698,59504.58984375
2025-11-12,59008.71875,59207.06738445378,58512.84716386555,58612.02148109244,2012700,59266.569921875,59450.042578125,49.275380519415286,-809.0439861372943,-836.2268571203919,61590.65565658021,57309.42949966979,0.010135238527796943,59702.9375
2025-11-13,59306.23828125,59504.586904264215,58711.19241220736,59008.715346728684,2113500,59177.312890625,59316.1572265625,50.0,-742.8683927988168,-817.5551642560769,61093.622987969124,57538.691465155876,0.005029290730958408,59405.4140625
2025-11-14,59504.58984375,59901.287109375,58909.5439453125,59306.2412109375,2069600,59117.80859375,59172.3544921875,56.060599731089596,-666.7327646242411,-787.3906843297098,60222.45888940124,58122.25009497376,0.003338950664827682,58909.54296875
2025-11-17,59702.9375,59901.28612956811,59405.41455564784,59504.58887043189,1585600,59207.065625,59212.02421875,57.35292754751429,-583.661644449021,-746.644876353572,60280.11559087063,58143.93284662937,0.0033277737356488006,58909.54296875
2025-11-18,59405.4140625,59901.285632303836,59306.23974853923,59901.285632303836,2158800,59187.230859375,59236.8177734375,49.20633829013714,-535.6600821242755,-704.4479175077128,60298.34610750922,58175.28943936578,-0.0049958554947672216,58512.84375
2025-11-19,58909.54296875,59603.76317208543,58810.368653987796,59405.414542561026,2896200,59117.808984375,59241.7765625,39.344279231462615,-531.5043005208572,-669.8591941103416,60295.81724112515,58187.735883874855,-0.008382270671705534,58314.49609375
2025-11-20,58909.54296875,59207.06591303661,58711.194339225585,59107.89159827441,2259400,59028.551953125,59231.8591796875,40.00002625845276,-522.1913172073982,-640.3256187297529,60294.89801641455,58168.82034296045,0.0,57719.453125
2025-11-21,58512.84375,58711.192372881356,58215.320815677966,58612.01806144068,3452400,58998.799609375,59192.189453125,47.05882352941176,-540.5894438312462,-620.3783837500516,60301.73864020588,58082.64026604412,-0.006756815954691471,57620.27734375
2025-11-24,58314.49609375,58810.36765917305,58215.32178066539,58512.844719919216,2025600,58998.799609375,59172.3544921875,35.55558473159503,-564.6659720968673,-609.2359014194149,60331.19637317666,58013.51261119834,-0.003395572424961935,57421.9296875
2025-11-25,57719.453125,58512.84766967354,57719.453125,58413.67335158934,2755000,58929.377734375,59122.7673828125,31.372598992447607,-624.5622242611353,-612.301165987759,60438.89574519977,57806.639020425224,-0.010256449755108386,56926.05859375
2025-11-26,57620.27734375,58116.14892157917,57322.7543970525,58016.97460601334,5371200,58790.53359375,59028.5517578125,28.000003151015576,-672.283427460934,-624.2976182823941,60491.215305897174,57565.888209727826,-0.0017197162727711007,57025.23046875
2025-11-27,57421.9296875,58016.97559099741,57421.9296875,57719.4526392487,3113500,58602.102734375,58889.7078125,33.333364593434254,-717.8330899825814,-643.0047126224315,60410.66718442791,57368.74844057208,-0.0034482623014008744,57124.40625
2025-11-28,56926.05859375,57620.278820503045,56926.05859375,57521.10450239547,3534300,58344.249609375,58731.0291015625,33.333364593434254,-784.8963818872144,-671.383046475388,60377.5040464765,57084.5541566485,-0.008673072601892883,58413.671875
2025-12-01,57025.23046875,57521.10203804348,57025.23046875,57124.4047826087,2824900,58076.47890625,58641.772265625,33.333302073203086,-820.5830122183324,-701.2230396239769,60455.218973659415,56828.32555759058,0.0017406016352122617,58413.671875
2025-12-02,57124.40625,57322.7548828125,56727.708984375,57025.23193359375,3185600,57848.378125,58517.8044921875,24.324286921771645,-831.2797911846719,-727.2343899361159,60392.31008674408,56643.29889763091,0.0017376455861833305,57818.625
2025-12-03,58413.671875,58612.0205061545,57322.75440365025,57322.75440365025,6161200,57798.791015625,58458.3,40.425555094635314,-727.3397842074774,-727.2554687903882,60261.87178523432,56654.72821476569,0.022318514596672025,57421.9296875
2025-12-04,58413.671875,58612.0205061545,57322.75440365025,57322.75440365025,6161200,57749.20390625,58388.8779296875,37.77776027210813,-637.6165333369427,-709.3276816996992,60077.90799604861,56699.84786332639,0.0,57521.1015625
2025-12-05,57818.625,58711.19382504289,57719.45068610635,58512.84519725558,3604700,57679.78203125,58339.2908203125,30.612230133709318,-607.5223805655842,-688.9666214728762,60034.4396114924,56644.14202913259,-0.010239014277224337,57719.453125
2025-12-08,57421.9296875,57818.62695649827,57322.75537025043,57719.4526392487,2141500,57590.525390625,58294.6625,30.0,-608.6662187867041,-672.9065409356418,60038.84788942127,56550.47711057873,-0.006884674938950505,57124.40625
2025-12-09,57521.1015625,58215.32175377155,56826.88137122845,57421.92724946121,4519400,57570.690234375,58250.033984375,34.78257518998181,-594.7148744438673,-657.268207637287,60026.770608504565,56473.29736024543,0.0017255835091467475,56331.01171875
2025-12-10,57719.453125,58116.150397336765,57322.75585266323,57818.62744308419,3082500,57580.6078125,58185.570703125,37.500010257226634,-561.1840398511122,-638.051374080052,59939.8178850052,56431.3235212448,0.0034423950650253853,56331.01171875
2025-12-11,57124.40625,57917.80078125,57124.40625,57917.80078125,1746700,57550.85546875,58076.4791015625,36.00001575510268,-575.9863100151779,-625.6383612670772,59808.51317848363,56344.445024641376,-0.01036280395466926,56430.18359375
2025-12-12,56331.01171875,57322.7548828125,56331.01171875,57322.7548828125,4847700,57491.35078125,57917.8001953125,32.14286216680429,-644.3103155139252,-629.3727521164469,59680.173051131955,56155.42733949304,-0.01398624197473984,56231.8359375
2025-12-15,56331.01171875,56826.88330078125,56231.83740234375,56331.01171875,3203100,57421.92890625,57749.20390625,35.99998739592779,-690.4979515540836,-641.5977920039743,59436.05642174906,56062.35139075093,0.0,56231.8359375
2025-12-16,56430.18359375,56926.05515432776,55537.614784710015,56430.18359375,6346800,57352.506640625,57600.4423828125,37.99996848979463,-710.904776639065,-655.4591889309925,59194.521683420644,56006.363082204356,0.0017589721409894006,57025.23046875
2025-12-17,56231.8359375,57025.23044808201,56231.8359375,56529.358878968254,2331200,57134.323046875,57466.55703125,37.99996848979463,-734.6141560316973,-671.2901823511336,59047.42990071962,55885.68416178038,-0.003521113184467003,57322.75390625
2025-12-18,56231.8359375,57025.23044808201,56231.8359375,56529.358878968254,2331200,56916.139453125,57332.6716796875,42.22218721088293,-744.8182093332507,-685.9957877475571,58851.31563200244,55814.02772737255,0.0,56727.70703125
2025-12-19,57025.23046875,57025.23046875,56231.83595788044,56529.35889945652,4265500,56836.8,57258.291015625,50.0,-681.0341493491942,-685.0034600678846,58675.91628902362,55840.66574222638,0.014010737432034182,56529.359375
2025-12-22,57322.75390625,57521.10253568339,56826.88233266652,57223.5795915333,2961200,56826.882421875,57208.70390625,51.8518437473787,-599.5657466625489,-667.9159173868175,58537.35976790199,55880.04804459801,0.00520383652645923,56529.359375
2025-12-23,56727.70703125,57620.27584817526,56529.358405266605,57322.75290920017,3147900,56747.54296875,57159.1166015625,31.914872220336633,-576.3726947381147,-649.6072728570769,58481.52394444483,55836.70925868017,-0.01043489468619318,56628.53515625
2025-12-24,56529.359375,56826.88231907895,56430.18506030702,56826.88231907895,4431500,56628.53359375,57104.570703125,30.612230133709318,-567.4557554698185,-633.1769693796252,58436.8450103443,55772.296395905694,-0.0035026133966931093,56628.53515625
2025-12-25,56529.359375,56826.88231907895,56430.18506030702,56826.88231907895,4431500,56569.02890625,57059.9421875,34.883714539575536,-554.0028172343154,-617.3421389505633,58407.16957032166,55712.71480467833,0.0,56826.8828125
2025-12-26,56628.53515625,56926.05810803415,56132.663569943084,56628.53515625,3302500,56598.78125,57045.066015625,39.99999999999999,-529.2378851582471,-599.7212881921,58405.02839126632,55685.10363998368,0.0017528747252596474,57025.23046875
2025-12-29,56628.53515625,57025.23242529554,56628.53515625,56926.05810803415,2099700,56628.53359375,57025.23125,38.461577305417215,-503.80395962676266,-580.5378224790326,58397.92357565663,55652.53892434337,0.0,57025.23046875
2025-12-30,56826.8828125,57620.27733693281,56727.708496945896,56826.8828125,2958000,56668.203515625,57010.355078125,38.46151515518767,-462.3131341718763,-556.8928848176013,58384.96931772247,55635.740838527534,0.0034964898437650897,57025.23046875
2025-12-31,57025.23046875,57421.92772418478,56826.881841032606,56926.0561548913,2530800,56747.54296875,56940.9330078125,48.571406064139026,-408.7149463890237,-527.2572971318858,58147.05469404662,55734.811321578374,0.0034843069874025386,56628.53515625
2026-01-01,57025.23046875,57025.23046875,57025.23046875,57025.23046875,0,56826.882421875,56871.5109375,62.96295215699089,-362.0643440362037,-494.2187065127494,57861.11192498907,55881.90995001094,0.0,56826.8828125
2026-01-02,57025.23046875,57025.23046875,57025.23046875,57025.23046875,0,56826.882421875,56831.8412109375,62.96295215699089,-321.3886374174763,-459.6526926936948,57719.99173710541,55943.69068476959,0.0,59107.890625
2026-01-05,56628.53515625,57124.406742556916,56529.360838988614,57025.23242529554,3591800,56757.460546875,56792.171484375,53.33338585034228,-317.5028678453382,-431.2227277240235,57639.272937811635,55945.07003093837,-0.0069807968311675905,63174.0390625
2026-01-06,56826.8828125,57025.2314436082,56132.66260362129,56628.5341813918,4173200,56767.378125,56757.460546875,60.00002625850448,-295.0175901282055,-403.9817002048599,57532.63835029292,55982.282743457086,0.0034964898437650897,67438.53125
2026-01-07,59107.890625,59405.413564387585,57025.23004928692,57124.40436241611,12918300,57025.23125,56826.882421875,77.35850879461591,-92.07815855348599,-341.60099187458513,58071.40574005096,55582.35910369904,0.03935492589965633,72099.7265625
2026-01-08,63174.0390625,63174.0390625,59207.0664369113,59306.24075255102,27104600,57689.69921875,57129.3640625,86.04652973476027,392.33441286320885,-194.8139109270263,60231.993032941886,54026.73509205811,0.06652901382105765,73388.9921875
2026-01-09,67438.53125,67438.53125,64859.999172794116,64859.999172794116,32481400,58770.698828125,57684.7400390625,90.47620089622737,1107.5762953080484,65.66413031998863,63213.56723243377,52155.91284569122,0.06532309240401685,75372.4765625
2026-01-12,72099.7265625,72099.7265625,69025.32281636864,69322.84575954264,21973100,60317.81796875,58473.17578125,96.40720215269279,2027.1622817499301,457.963760605977,66917.72314504147,50028.62841745853,0.06683371696957209,71306.3359375
2026-01-13,73388.9921875,75372.47846283784,71207.15728462838,73686.51512880067,28198200,61974.02890625,59321.1162109375,97.75281943116154,2827.381468771353,931.8473022390522,70009.54584688695,48632.68657498805,0.017723702368283897,72397.25
2026-01-14,75372.4765625,78149.35727796053,72496.42153577303,72496.42153577303,21213600,63808.753515625,60278.1482421875,97.97980722291427,3580.3396256254928,1461.5457669163402,73030.33128537983,47525.96519899517,0.026668221869538714,72099.7265625
2026-01-15,71306.3359375,74281.56553155424,71306.3359375,73388.99665333796,23227200,65236.8640625,61031.8732421875,81.09246040828539,3805.0980220140627,1930.2562179358847,74536.8241613065,47526.9223230685,-0.05545698949510414,72893.125
2026-01-16,72397.25,75372.47945205479,71405.50684931506,72397.25,13426500,66774.066015625,61800.47421875,81.92773123573282,4024.852325913773,2349.1754395314624,76073.20290793563,47527.74552956437,0.015183128694165517,72198.8984375
2026-01-19,72099.7265625,72893.12107763067,71008.80910419533,72397.249505674,8212000,68321.18515625,62539.3228515625,80.8000186540357,4127.423174970099,2704.82498661919,77355.62183339734,47723.02386972766,-0.00411806343688395,70413.765625
2026-01-20,72893.125,74380.73979591837,71504.68452380953,73388.99659863945,18491600,69927.809375,63347.59375,81.25002211713698,4224.0398332054465,3008.6679559364416,78586.69306235874,48108.49443764126,0.010944075489185167,68033.578125
2026-01-21,72198.8984375,72992.29292582418,71107.98101605425,72198.8984375,11179000,71236.91015625,64131.070703125,79.08745378119923,4196.219542413142,3246.1782732317815,79504.82656552104,48757.314840728955,-0.009569538613117205,69025.3203125
2026-01-22,70413.765625,75273.30719630282,70017.06835387324,72793.94925176055,18577500,71960.8828125,64825.291015625,74.02136553203366,3984.199095440097,3393.7824376734447,80006.4507922283,49644.131239021706,-0.025036010188400577,70017.0625
2026-01-23,68033.578125,70413.76161625364,67934.40381286443,70413.76161625364,16804700,72020.3875,65395.5431640625,69.10298712047606,3582.809724216888,3431.5878949821335,80130.56201158588,50660.52431653913,-0.034387399240765316,69025.3203125
2026-01-26,69025.3203125,70512.93497440733,68132.7515153556,68331.10013694325,10990600,71712.946875,66015.382421875,69.90290989873404,3306.614468566593,3406.5932096990255,80231.41892408566,51799.34591966432,0.01447201907935888,69223.671875
2026-01-27,70017.0625,70909.63128541077,67537.70476274788,69124.49371458923,9645200,71375.75390625,66674.89140625,68.58107856360425,3131.653294982272,3351.605226755675,80307.98135271274,53041.80145978725,0.014265564012909364,69917.890625
2026-01-28,69025.3203125,72298.07256869612,68826.97169091235,70512.93497440733,12283200,70741.03828125,67274.8958984375,61.13207165772095,2879.7737588978925,3257.238933184119,80155.30839666497,54394.48340021004,-0.014265564012909394,70909.6328125
2026-01-29,69223.671875,70215.41502507163,68033.58009491404,68727.80029996419,7855400,70532.771875,67884.81796875,54.017863736783134,2665.4372241149977,3138.878591370295,79843.96652003474,55925.66941746526,0.002869484912154186,71207.15625
2026-01-30,69917.890625,71306.33100620567,69025.32180851063,70017.06493794326,11480700,70284.8359375,68529.4509765625,44.02173517490933,2522.513660121389,3015.605605120514,79360.62014415479,57698.281808970205,0.009978679239054883,70215.4140625
2026-02-02,70909.6328125,70909.6328125,68727.79795673076,69917.88969624125,10711000,70165.8265625,69243.505859375,43.09391688101424,2460.9032513215934,2904.66513436073,78546.34698733552,59940.66473141448,0.014084726598175413,67835.234375
2026-02-03,71207.15625,72694.77093488858,70711.28468837048,71802.20212395543,15094700,69997.2296875,69962.51953125,37.19512341566489,2408.3225699106697,2805.396621470718,77223.40730876473,62701.63175373527,0.004187033412810191,64562.48046875
2026-02-04,70215.4140625,71405.50582627118,69917.8911215572,71405.50582627118,8726700,69798.88125,70517.895703125,45.86464606738911,2260.568271000011,2696.4309513765766,75678.36216234935,65357.42924390065,-0.014025462027529504,64463.3046875
2026-02-05,67835.234375,70215.4180372807,67835.234375,70116.243718019,11688700,69541.028125,70750.95546875,34.24658864662749,1929.173010218161,2542.979363144894,74820.67862553141,66681.2323119686,-0.03448611946279288,62578.9921875
2026-02-06,64562.48046875,67339.36134912635,64364.13183443741,67339.36134912635,24570400,69193.918359375,70607.1529296875,28.40910133584758,1386.473585343847,2311.6782075846845,75321.83451042633,65892.47134894866,-0.049448296643246376,64165.78125
2026-02-09,64463.3046875,65455.04783653846,63669.91016826923,64959.17626201923,7308900,68737.716796875,70225.3318359375,24.85206300729162,937.5700011364097,2036.8565662950296,75619.03976194999,64831.62390992501,-0.0015373020309347133,63669.91015625
2026-02-10,62578.9921875,64959.175725534864,62083.12061707607,63967.432584687005,15811100,67993.909765625,69684.8318359375,23.20442012995774,424.864828311358,1714.4582186982955,75854.4068081973,63515.2568636777,-0.029666508607262346,63868.2578125
2026-02-11,64165.78125,66050.0932187017,62975.68948029366,63471.56105100463,11121200,67507.955859375,69124.4970703125,32.402228244557676,144.9124405901821,1400.5490630766728,75153.08647851483,63095.90766211018,0.025040432538554046,63868.2578125
2026-02-12,63669.91015625,64959.17624975662,63669.91015625,64959.17624975662,7950400,66952.5796875,68742.67578125,36.250002769449594,-115.63156798726413,1097.3129368638856,75145.13955578885,62340.212006711154,-0.007757983319787365,63868.2578125
2026-02-13,63868.2578125,64562.478006114135,63471.56055900621,64165.78075262035,4951400,66347.61640625,68316.226171875,32.894738887866765,-302.6211455138982,817.326120388329,74828.99385506698,61803.45848868302,0.0031104071717620915,63868.2578125
2026-02-16,63868.2578125,63868.2578125,63868.2578125,63868.2578125,0,65643.47890625,67904.652734375,28.169019944613083,-445.6742772454454,564.7260408615741,74450.97950164444,61358.32596710558,0.0,63868.2578125
2026-02-17,63868.2578125,63868.2578125,63868.2578125,63868.2578125,0,64909.5890625,67453.409375,30.303034824118882,-552.674032565068,341.2460261762457,73792.81976126753,61113.99898873247,0.0,63868.2578125
2026-02-18,63868.2578125,63868.2578125,63868.2578125,63868.2578125,0,64274.8734375,67036.87734375,29.230757577593835,-630.207470122441,146.9553269165084,73154.27713259822,60919.477554901794,0.0,65851.7421875
2026-02-19,63868.2578125,63868.2578125,63868.2578125,63868.2578125,0,63878.17578125,66709.601953125,25.203247085948504,-683.7711893469022,-19.189976336173743,72766.38323281391,60652.820673436094,0.0,64463.3046875
2026-02-20,63868.2578125,63868.2578125,63868.2578125,63868.2578125,0,63808.753515625,66501.3359375,18.5840704879965,-717.9448019661068,-158.94094146216034,72652.15405063171,60350.51782436828,0.0,64562.48046875
2026-02-23,65851.7421875,66149.26511907003,64066.60459807982,64463.3018401732,10104200,63947.597265625,66342.65703125,29.230757577593835,-578.3106189530445,-242.8148769603372,72382.04653417095,60303.26752832905,0.03058339463375304,64860.0
2026-02-24,64463.3046875,66050.09372596153,64364.13037259615,66050.09372596153,10246500,64136.028515625,66064.969140625,28.35820149708678,-573.0787306214115,-308.86764769255205,71900.27132175352,60229.666959496484,-0.02130974241701937,64364.12890625
2026-02-25,64562.48046875,65950.92090893818,64165.78320012481,64463.30615159371,9488800,64175.6984375,65841.8271484375,35.13512650378601,-554.5374027334183,-358.0015987007253,71540.19286084994,60143.461436025056,0.0015373020309345964,62380.64453125
2026-02-26,64860.0,65355.87155963303,64463.30275229358,64661.651376146794,7561900,64294.707421875,65623.6435546875,51.85183204091268,-509.9574549980098,-388.39276996018225,71106.90123405422,60140.385875320775,0.004597656516301265,62380.64453125
2026-02-27,64364.12890625,65851.74359591679,64264.954593605544,64959.174782116716,8831200,64344.29453125,65345.95546875,49.411755438174886,-508.7753329973493,-412.46928256761566,70463.88372937712,60228.027208122876,-0.007674627514868445,62479.81640625
2026-03-02,62380.64453125,63372.38768754968,62380.64453125,62380.64453125,17105000,64195.533203125,64919.5060546875,48.83721356276555,-660.2778333330425,-462.0309927207011,69476.02902037582,60362.98308899918,-0.031301429899935354,61983.9453125
2026-03-03,62380.64453125,63372.38768754968,62380.64453125,62380.64453125,17105000,64046.771875,64478.18046875,37.14284428154159,-771.4518397688953,-523.9151621303399,68080.37102160246,60875.98991589753,0.0,61091.37890625
2026-03-04,62479.81640625,62678.165029761905,61190.55035342262,61289.724665178575,10259500,63907.927734375,64091.4005859375,40.90905835719477,-841.8513608822395,-587.5024018807198,66592.79286193958,61590.00830993543,0.0015885236224442015,56826.8828125
2026-03-05,61983.9453125,63174.0370625,61983.9453125,63174.0370625,6037000,63719.496484375,63798.8361328125,36.23185592974588,-926.9706015877746,-655.3960418221308,65768.80930213936,61828.86296348565,-0.007968162146754078,59901.28515625
2026-03-06,61091.37890625,62678.16796875,61091.37890625,61488.076171875,8854200,63441.80859375,63625.2810546875,32.051260687094796,-1054.2975764101939,-735.1763487397434,65900.01724651139,61350.54486286361,-0.014504646815163075,59901.28515625
2026-03-09,56826.8828125,59207.06638579843,56826.8828125,56926.057128054104,29396000,62539.32265625,63243.4599609375,20.66112850827794,-1482.228113149591,-884.586701621713,67004.1627402748,59482.7571816002,-0.07236125541121441,59306.23828125
2026-03-10,59901.28515625,60397.156722112995,58314.49614548841,59306.2392772144,11524700,62083.120703125,63109.574609375,36.84209162473728,-1555.358368208661,-1018.7410349391026,67150.12733028985,59069.021888460156,0.052688457206782245,58512.84375
2026-03-11,59901.28515625,60694.67966163079,59504.5879035596,60000.459469422596,8789200,61617.001171875,62896.3498046875,36.84209162473728,-1594.9292703978572,-1133.9786820308536,67146.84989366755,58645.84971570746,0.0,58314.49609375
2026-03-12,59306.23828125,59802.10983878554,59008.715346728684,59702.93552727843,6217000,61061.625,62678.1662109375,35.44302125019226,-1655.2244086327264,-1238.2278273512284,67200.7525879211,58155.5798339539,-0.009983460777768958,60000.4609375
2026-03-13,58512.84375,59603.76117584746,58413.66943855932,58711.192372881356,5656900,60476.496484375,62410.3955078125,24.657515398992544,-1746.8919649149393,-1339.9606548639706,67258.72806971913,57562.06294590587,-0.013468217720687778,60000.4609375
2026-03-16,58314.49609375,59306.23922459609,58116.147467580784,58810.36765917305,3985900,60069.881640625,62132.707421875,26.865649267373158,-1814.6262797096715,-1434.8937798331108,67257.75175124974,57007.663092500254,-0.003395572424961935,59306.23828125
2026-03-17,60000.4609375,60000.4609375,58909.54346590909,59008.71778150827,7148800,59831.86328125,61939.317578125,34.66665231202133,-1712.5220512900487,-1490.4194341244984,67080.48730626205,56798.14784998795,0.028501535487214194,57521.1015625
2026-03-18,60000.4609375,61488.075671487604,59504.589359504134,60397.158199896694,8225000,59583.927734375,61745.927734375,33.33333333333333,-1613.0099401203697,-1514.9375353236728,66872.54735185309,56619.3081168969,0.0,57124.40625
2026-03-19,59306.23828125,59504.586904264215,58512.843789193146,59207.06396974289,6184000,59316.15703125,61517.8267578125,32.88589929852833,-1572.0423163108426,-1526.3584915211068,66652.80043976176,56382.85307586325,-0.01163774534156443,57719.453125
2026-03-20,57521.1015625,59306.23919719828,57521.1015625,59306.23919719828,8322900,58959.129296875,61200.4689453125,33.33332440187593,-1664.4342317300325,-1553.973639562892,66505.53606456431,55895.4018260607,-0.030562634965783517,57917.80078125
2026-03-23,57124.40625,57818.62646484375,56033.48876953125,57322.7548828125,9648600,58988.881640625,60764.1021484375,32.450326461695695,-1749.4983586911621,-1593.0785833885461,65891.00489885686,55637.19939801814,-0.006920408889643919,57421.9296875
2026-03-24,57719.453125,58512.84766967354,57521.10448883161,58512.84766967354,4332300,58770.6984375,60426.9095703125,34.61539529745937,-1748.7386121941454,-1624.2105891496662,65414.603640707115,55439.21549991788,0.01036280395466922,58314.49609375
2026-03-25,57917.80078125,58612.02099609375,57521.103515625,58314.498046875,8558200,58572.35,60094.6755859375,36.60131307860374,-1712.392119001961,-1641.8468951201253,64799.68477584207,55389.666396032924,0.003430518177666577,57521.1015625
2026-03-26,57421.9296875,58116.14990824698,57025.23241850173,58016.97559099741,6217800,58383.919140625,59722.7720703125,37.58389385934884,-1703.9577501163294,-1654.2690661193662,63998.04464109568,55447.499499529324,-0.008598496751838467,57620.27734375
2026-03-27,58314.49609375,58512.844719919216,57421.92727598852,57521.10158907313,6135900,58364.084375,59420.2904296875,56.52173466301742,-1606.7294258456313,-1644.7611380646194,63131.764359435314,55708.81649993968,0.015424428329280314,58512.84375
2026-03-30,57521.1015625,58016.973127693964,57322.75293642242,57421.92724946121,5546000,58284.744921875,59177.31328125,36.95651894699482,-1575.533813301976,-1630.9156731120909,62704.468032202574,55650.15853029742,-0.013698844820133735,57719.453125
2026-03-31,57620.27734375,58413.67186827668,57521.10302818417,57719.45165931583,5481100,58046.7265625,58939.294921875,37.63441588858273,-1525.2265466987956,-1609.777847829432,62187.739830863866,55690.850012886134,0.0017226787922541686,57223.578125
2026-04-01,58512.84375,58711.192372881356,58016.97219279661,58413.66943855932,8254700,57897.96484375,58740.9462890625,45.83333162379626,-1397.2286439134114,-1567.268007046228,61531.29045458822,55950.60212353678,0.01537173845284159,57521.1015625
2026-04-02,57719.453125,58314.499033505155,57620.278806915805,58215.32471542096,5664500,57739.286328125,58527.7216796875,45.83335042871104,-1344.3129734244212,-1522.6770003218667,60894.1851128452,56161.2582465298,-0.013652022180070446,57521.1015625
2026-04-03,57223.578125,58016.972622400346,57223.578125,57818.62399805026,5919600,57709.533984375,58334.331640625,44.4444400238236,-1327.0920011219496,-1483.5600004818832,60436.018506930275,56232.64477431973,-0.008628240806801041,59702.9375
2026-04-06,57521.1015625,57719.45018857759,57223.57862338362,57322.75293642242,4303300,57749.203515625,58369.042578125,35.29410129228853,-1274.7421673963981,-1441.7964338647862,60387.17150342656,56350.913652823445,0.005185845741775674,58909.54296875
2026-04-07,57521.1015625,57818.62450161638,57223.57862338362,57521.1015625,3889100,57729.368359375,58250.0333984375,35.29410129228853,-1219.200364136821,-1397.2772199191932,60165.839325135996,56334.22747173901,0.0,59306.23828125
2026-04-08,59702.9375,59802.11181478405,58314.49709302325,58711.194352159466,13743100,57907.88203125,58240.116015625,52.000011028567535,-987.7410946128002,-1315.3699948579147,60121.67832994581,56358.55370130418,0.037229359366260074,58711.1953125
2026-04-09,58909.54296875,59603.76317208543,58810.368653987796,59504.58885732323,6217700,58056.643359375,58220.28125,57.777787503145554,-858.4327851468333,-1223.9825529156985,60062.47456115782,56378.08793884218,-0.013378126166472739,58810.3671875
2026-04-10,59306.23828125,60496.330019335284,59107.889658235785,59107.889658235785,7655400,58155.817578125,58259.9509765625,62.222212496854446,-715.6949361618535,-1122.3250295649295,60161.87233431785,56358.029618807144,0.006711401765996304,59405.4140625
2026-04-13,58711.1953125,59008.71826171875,58512.8466796875,59008.71826171875,5088700,58274.826953125,58279.7859375,55.55555555555556,-643.1750356190678,-1026.4950307757572,60192.34695462404,56367.22492037596,-0.010084069667313083,58909.54296875
2026-04-14,58810.3671875,59306.23874894604,58612.018562921585,59207.06443665683,5548100,58393.8359375,58220.28125,55.05617181916148,-571.1166729645338,-935.4193592135126,59974.97142571671,56465.59107428329,0.0016877226005253786,59008.71875
2026-04-15,59405.4140625,60000.45994626461,59107.89112061769,59207.065434578464,8919600,58483.09296875,58190.52890625,61.11111111111111,-460.68411193360953,-840.472309757532,59834.83325027156,56546.224562228446,0.01006721597249674,59603.76171875
2026-04-16,58909.54296875,59603.76317208543,58810.368653987796,59504.58885732323,4174500,58602.101953125,58170.694140625,53.4883806138993,-408.4695817164029,-754.0717641493063,59767.207126311434,56574.18115493856,-0.008382270671705534,59107.890625
2026-04-17,59008.71875,59405.41601890756,58909.54443277311,58909.54443277311,4257800,58780.616015625,58245.075,59.49369297502119,-354.99437940415373,-674.2562872002758,59852.73558361349,56637.414416386506,0.0016821110350379344,58909.54296875
2026-04-20,59603.76171875,60000.45896812604,59008.71584468594,59107.89015702995,6442900,58988.88203125,58369.0427734375,61.904764137628355,-261.58451821188646,-591.7219334025979,59995.112662396816,56742.97288447818,0.010033479754241136,62281.46875
2026-04-21,59107.890625,60099.63375629195,59107.890625,59901.28513003356,6379000,59147.5609375,58438.4646484375,53.75000984693918,-224.97580232664768,-518.3727071874079,60066.316452101426,56810.61284477357,-0.008354259552639902,60099.6328125
2026-04-22,58909.54296875,59306.24022779882,58711.194339225585,59107.89159827441,3011000,59068.221484375,58488.0517578125,58.10810019603387,-209.55253821625956,-456.60867339317826,60109.531159810096,56866.572355814904,-0.0033613312366392763,60099.6328125
2026-04-23,62281.46875,62975.68894307325,59107.89072452229,59207.065037818465,35200000,59405.4140625,58731.0287109375,74.75730642831084,73.9048112373639,-350.5059764670699,61004.968885383,56457.088536491996,0.0556608323232278,59306.23828125
2026-04-24,60099.6328125,62479.81629022277,60099.6328125,62479.81629022277,11882500,59484.753515625,58820.285546875,60.65574140975848,121.09496965560538,-256.18578724253484,61164.4411334101,56476.129960339895,-0.03566019778641259,59306.23828125
2026-04-27,60099.6328125,60099.6328125,60099.6328125,60099.6328125,0,59623.597265625,58949.212109375,60.65574140975848,156.68731634048163,-173.61116652593154,61276.07898618558,56622.345232564425,0.0,59306.23828125
2026-04-28,59306.23828125,60992.20157687082,59306.23828125,60297.98139632107,7596400,59673.184375,59033.51015625,48.14813734218002,119.49671576492256,-114.98959006776072,61278.37549312643,56788.64481937357,-0.013289232770818832,59306.23828125
2026-04-29,59306.23828125,60000.45846179975,59008.715346728684,59405.41259275711,6431000,59663.266796875,59073.1798828125,51.99999212244866,88.99699490641069,-74.19227307292644,61307.31978267869,56839.03998294631,0.0,60198.80859375
2026-04-30,59306.23828125,59306.23828125,59306.23828125,59306.23828125,0,59702.936328125,59152.519140625,50.0,64.08699144282582,-46.53642016977599,61295.065874794986,57009.97240645502,0.0,59405.4140625
2026-05-01,59306.23828125,59306.23828125,59306.23828125,59306.23828125,0,59732.68828125,59256.6521484375,53.33331874528168,43.84027087799768,-28.46108196022125,61197.3979833435,57315.906313531494,0.0,60000.4609375
2026-05-04,60198.80859375,60694.68016371499,59504.588395799015,60000.45996576401,7506200,59792.19296875,59390.5375,57.142862884507565,98.68004156506504,-3.032857255163993,61191.58196676067,57589.49303323933,0.014938062174745576,59802.11328125
2026-05-05,59405.4140625,60198.80857418614,59207.065434578464,60099.63426022537,6407700,59821.9453125,59484.753125,50.0,77.23038315389567,13.019790826647942,61056.5951199551,57912.91113004491,-0.013267193269036347,60198.80859375
2026-05-06,60000.4609375,60000.4609375,59207.06641270661,59702.93799070248,5807400,59931.037109375,59499.629296875,55.445547257269276,107.01310367901169,31.818453397120695,61085.73267094235,57913.52592280765,0.009966876435855242,59802.11328125
2026-05-07,59802.11328125,60595.507818978025,59802.11328125,60397.15918454602,6055700,59683.1015625,59544.2578125,53.921569763198654,113.30501637043199,48.11576599178295,61110.55745351499,57977.95817148501,-0.003311245000748008,59405.4140625
2026-05-08,60198.80859375,61190.55173367998,59802.111337778006,60000.45996576401,9970000,59693.019140625,59588.886328125,53.0000055142816,148.58856245208153,68.21032528384266,61177.337975796116,58000.43468045389,0.006611561833929164,59603.76171875
2026-05-11,59802.11328125,60595.507818978025,59702.938964033994,60496.33350176202,5510000,59663.2671875,59643.4322265625,53.535367199090665,142.8938392972268,83.1470280865195,61179.0252126312,58107.839240493806,-0.0066115618339291065,60496.33203125
2026-05-12,59405.4140625,60000.45994626461,59008.71680665693,59802.11131834307,6549200,59673.184765625,59673.1845703125,52.47524520805491,105.15822006710368,87.54926648263634,61163.19826770938,58183.17087291562,-0.006655631435107261,60198.80859375
2026-05-13,59603.76171875,60793.85346687812,58711.19290765391,59207.06446937396,8868000,59702.937109375,59683.101953125,30.434777644899725,90.2174970085398,88.08291258781703,61168.24382374469,58197.960082505306,0.0033333201175735788,62678.16796875
2026-05-14,60496.33203125,60992.20360527664,59504.588883196724,60000.46045722336,5612100,59821.946484375,59762.44140625,53.571446155231214,148.6858728514635,100.20350464054633,61243.11514810132,58281.76766439868,0.01486404745024792,63868.2578125
2026-05-15,60198.80859375,61190.55173367998,60198.80859375,60793.85447770799,8271800,59911.203515625,59821.9458984375,50.84747007368173,169.0659401317971,113.9759917387965,61270.38445913585,58373.50733773915,-0.00493017429878516,64066.60546875
2026-05-18,62678.16796875,62975.69091796875,59802.11279296875,60198.81005859375,18877600,60159.139453125,59975.6662109375,72.36843469103454,380.89020577727206,167.3588345464916,61900.74607223277,58050.58634964224,0.040360627420793,64364.12890625
2026-05-19,63868.2578125,64463.30369274069,62083.120171777955,62876.51467876553,24224800,60605.423828125,60213.6845703125,76.13636923120994,637.4447010889489,261.3760078549831,62762.961428137314,57664.407712487686,0.01880930137696931,62975.69140625
2026-05-20,64066.60546875,64165.77978062113,61289.72473635836,63174.03666190983,14381600,61012.03828125,60471.5376953125,76.66666958427572,847.0072132865389,378.5022489412943,63469.21429793203,57473.861092692976,0.003100762529999298,63174.0390625
2026-05-21,64364.12890625,65653.39497062788,63273.21146716101,64066.60596831664,20114300,61468.23984375,60575.670703125,77.41935893732779,1025.2759262528925,507.856984403614,63958.08189735078,57193.25950889922,0.004633220719101928,63868.2578125
2026-05-22,62975.69140625,64364.13184670275,62777.3427718996,64364.13184670275,8118400,61745.928125,60719.4736328125,64.28573151067246,1042.5025426652428,614.7860960559398,64257.63410380353,57181.31316182147,-0.021807672126748508,63669.91015625
2026-05-25,63174.0390625,63471.562009419154,61587.25001226452,62678.16748430141,5410300,62083.120703125,60873.1939453125,70.65219252728886,1059.9414136559499,703.8171595759418,64561.90625320491,57184.4816374201,0.003144641196839909,62281.46875
2026-05-26,63868.2578125,63868.2578125,62777.34036539208,62777.34036539208,5623900,62529.405078125,61101.294921875,70.96775286514142,1116.9045158434747,786.4346308294485,64943.05436623609,57259.53547751391,0.010929047680807479,61488.07421875
2026-05-27,63669.91015625,63967.43310090538,63273.212896709505,63868.258786020255,4185600,62936.019921875,61319.478515625,70.96775286514142,1132.9828653112636,855.7442777258116,65227.07633747172,57411.88069377828,-0.003110407171762122,61686.421875
2026-05-28,62281.46875,63669.909136146496,62281.46875,63669.909136146496,4972400,63114.53359375,61468.2400390625,60.19417772741925,1021.9095184947291,888.9773258795951,65278.446903312586,57658.03317481241,-0.022048153243514473,61091.37890625
2026-05-29,61488.07421875,62479.817351310485,61289.725592237904,62479.817351310485,5820000,63243.46015625,61577.3318359375,57.94391628892483,859.9498167183046,883.1718240473372,65249.333557235936,57905.33011463906,-0.012820688833702092,61388.90234375
2026-06-01,61686.421875,62281.46774517685,61190.55031651929,61785.596186696144,2924300,63144.285546875,61651.7125,60.95238059512252,739.0809196231712,854.3536431625041,65265.95359204954,58037.47140795046,0.0032205989711012115,61686.421875
2026-06-02,61091.37890625,62182.29638671875,61091.37890625,61785.59912109375,5063900,62866.59765625,61736.0107421875,56.88075052089393,588.4926760201706,801.1814497340374,65205.39569853089,58266.62578584411,-0.009693081712429483,61190.55078125
2026-06-03,61388.90234375,61983.94824692044,60893.03075777464,61190.55370935986,4431300,62598.82734375,61805.4328125,54.36894317685561,487.5380280289901,738.452765393028,65182.94246877103,58427.92315622898,0.0048583171049772465,60793.85546875
2026-06-04,61686.421875,61983.944810088426,61190.55031651929,61289.72462821544,3910600,62331.056640625,61899.6482421875,57.28155562566323,426.62026895579766,676.0862661055819,65144.378643334356,58654.91784104064,0.00483476460745228,60992.203125
2026-06-05,61190.55078125,61983.94528084481,61091.37646880065,61884.77096839546,4011200,62152.542578125,61949.2353515625,40.96382397549035,334.47424204425624,607.7638612933167,65113.84538350171,58784.62531962329,-0.008071061238979977,61190.55078125
2026-06-08,60793.85546875,61587.24999362765,60397.15820631118,60694.68115314029,7352300,61914.52421875,61998.8224609375,29.333301122867354,226.82317902757495,531.5757248401684,65050.85150019199,58946.79342168302,-0.0065040561025111856,61091.37890625
2026-06-09,60992.203125,61190.55175304878,60496.331554878045,60793.854496951215,2564800,61626.91875,62078.1619140625,29.333301122867354,155.71890361249098,456.4043605946329,64921.707009004575,59234.61681912042,0.0032573158851582737,61091.37890625
2026-06-10,61190.55078125,61686.42234349676,61091.37646880065,61091.37646880065,2309200,61378.9828125,62157.5013671875,28.378329467295885,114.05845638002211,387.9351797517108,64791.15436667779,59523.84836769721,0.003246740217352835,61091.37890625
2026-06-11,61091.37890625,61388.90185546875,60793.85595703125,60992.20458984375,2588500,61259.973828125,62187.2537109375,34.426183991497396,72.20754665224376,324.78965313181743,64754.49831528315,59620.009106591846,-0.0016220204734495927,61289.7265625
2026-06-12,61091.37890625,61587.25048828125,61091.37890625,61388.90185546875,3152300,61220.304296875,62231.8822265625,32.20334796468448,38.595494339569996,267.55082137336797,64681.940511300694,59781.8239418243,0.0,61686.421875
2026-06-15,61091.37890625,61884.7734375,61091.37890625,61785.59912109375,5222300,61160.8,62152.5427734375,23.07687063751463,11.821430626339861,216.40494322396236,64644.167205597056,59660.91834127794,0.0,61091.37890625
2026-06-16,61289.7265625,61785.59813663026,61091.3779328479,61289.7265625,3110000,61180.634765625,62023.6162109375,26.923015743767067,6.5324879806285026,174.43045217529558,64405.8860717025,59641.3463501725,0.0032414779906280743,61190.55078125
2026-06-17,61686.421875,61884.77049839228,61091.376004823156,61289.72462821544,6825500,61210.38671875,61904.60703125,42.857102665433764,33.95949530400685,146.33626080103784,64086.53651251787,59722.67754998213,0.00645160372180156,60793.85546875
2026-06-18,61091.37890625,61884.7734375,61091.37890625,61785.59912109375,4650700,61150.882421875,61740.96953125,45.00000000000001,7.59307338866347,118.58762331856298,63615.475767562915,59866.46329493708,-0.009693081712429483,60793.85546875
2026-06-19,61190.55078125,61388.8994061487,60694.679219003236,61388.8994061487,4869000,61150.882421875,61651.7125,43.589715104059884,-5.239763706136728,93.82214591362303,63446.999375277555,59856.42562472245,0.0016220204734495437,60496.33203125
2026-06-22,60793.85546875,61289.727046798536,60694.68115314029,61190.55273118883,2686300,61150.882421875,61532.7033203125,45.94591717462906,-46.87947851025092,65.68182102884825,63215.10060162259,59850.30603900242,-0.0065040561025111856,60297.984375
2026-06-23,60793.85546875,62083.12157167619,60793.85546875,61190.55273118883,5176000,61131.04765625,61378.983203125,41.176402442980134,-78.96894761877047,36.75166729932451,62681.86840475512,60076.09800149487,0.0,60893.02734375
2026-06-24,60496.33203125,61091.37792008197,60496.33203125,60893.02929047131,2542500,61061.62578125,61220.304296875,32.352883253070814,-126.9444019332077,4.012453452818068,62026.89800035724,60413.71059339276,-0.0049059868796086665,61488.07421875
2026-06-25,60297.984375,60793.85595703125,60297.984375,60595.50732421875,3093500,60982.286328125,61121.130078125,35.48382998133519,-178.90795379570773,-32.57162799688709,61863.560254218864,60378.69990203114,-0.0032840590586824267,61686.421875
2026-06-26,60893.02734375,60992.20165538477,60297.98147394136,60496.33009721091,3344300,60962.451171875,61091.377734375,51.51512258002912,-170.11348605212697,-60.07999960793507,61819.44525672053,60363.310212029464,0.00981999806894093,61686.421875
2026-06-29,61488.07421875,61686.422845262096,60893.028339213706,61091.37696572581,5481600,61002.120703125,61081.4603515625,56.756779773785766,-113.81649154018669,-70.8272979943854,61780.21329909186,60382.707404033135,0.009724566239740063,61587.25
2026-06-30,61686.421875,62083.11912178457,61388.898939911574,61686.421875,4622500,61041.790234375,61111.2125,56.756779773785766,-52.58950056599133,-67.17973850870659,61860.582867057616,60361.84213294239,0.0032205989711012115,61488.07421875
2026-07-01,61686.421875,62083.11912178457,61388.898939911574,61686.421875,4622500,61041.790234375,61126.0884765625,58.33332421577112,-4.020325294863142,-54.547855865937905,61909.69942065153,60342.47753247347,0.0,60694.6796875
2026-07-02,61587.25,62578.99315619968,61587.25,62479.818840579705,2744500,61091.37734375,61121.1298828125,56.756779773785766,26.167116302691284,-38.404861432212066,61890.9451321195,60351.3146335055,-0.0016089712407552277,60793.85546875
2026-07-03,61488.07421875,61884.77147177419,61488.07421875,61785.59715851815,2601900,61121.1296875,61136.0060546875,55.263152439353036,41.60858667054708,-22.40217181166024,61922.78183168803,60349.23027768698,-0.0016116277303460614,61091.37890625
2026-07-06,60694.6796875,61983.9457592933,60198.80812142565,61488.074193218956,4173100,61111.212109375,61131.047265625,43.1817856298832,-10.058299000455008,-19.933397249419194,61928.08609221587,60334.00843903413,-0.012987195942030672,60595.5078125
2026-07-07,60793.85546875,60992.204099969415,60397.15820631118,60694.68115314029,2547200,61111.212109375,61121.1298828125,39.02439258702066,-42.5119699079296,-24.449111781121275,61930.28672214724,60311.97304347776,0.0016326775716405805,60000.4609375
2026-07-08,61091.37890625,61289.7275390625,60595.50732421875,60793.85595703125,2051000,61170.716796875,61116.1712890625,50.0,-43.720104864980385,-28.3033103978931,61924.75215921352,60307.59041891147,0.00488203562906166,58413.671875
2026-07-09,60595.5078125,60992.205081321605,60496.3334952946,60793.8564469108,2209800,61200.469140625,61091.377734375,42.857169651540204,-83.72508298100729,-39.38766491451594,61932.89838158422,60249.85708716577,-0.008149996303880696,58711.1953125
2026-07-10,60000.4609375,60992.20409349174,60000.4609375,60595.506831095045,3016400,61111.2125,61036.8318359375,40.909086840109964,-161.58200933424087,-63.82653379846093,62009.54806604056,60064.115605834435,-0.009868517336755882,58711.1953125
2026-07-13,58413.671875,60000.460924235995,58314.49755942275,60000.460924235995,6789000,60803.772265625,60902.946484375,29.999993435378187,-347.3210989633153,-120.52544683143181,62425.67444888159,59380.21851986842,-0.026802274600319816,58909.54296875
2026-07-14,58711.1953125,59008.71826171875,58116.1494140625,58413.67236328125,2829200,60506.249609375,60774.019921875,35.0000032823109,-465.1510391403499,-189.45056529321545,62570.83349661162,58977.20634713837,0.005080459591442401,58016.97265625
2026-07-15,58711.1953125,58909.5439453125,58215.32373046875,58711.1953125,2633300,60208.726953125,60625.25859375,36.206894210004485,-552.1670772945508,-261.9938676934825,62588.91414004043,58661.60304745956,0.0,56231.8359375
2026-07-16,58909.54296875,59306.24022779882,57917.79982112794,58612.02002446338,3349700,59940.95625,60516.166796875,31.481503093394096,-598.2269286000446,-329.2404798747949,62608.96755453535,58423.36603921464,0.0033726679013167697,56231.8359375
2026-07-17,58016.97265625,58810.36715411325,58016.97265625,58810.36715411325,1990100,59593.84609375,60357.487890625,19.298249250942547,-698.6984959636029,-403.1320830925565,62701.20149769717,58013.77428355283,-0.01526749763436199,54050.0
2026-07-20,56231.8359375,58314.49652777778,55835.138682209,58314.49652777778,8536800,59147.56171875,60129.3869140625,12.328784862169982,-911.8572286306298,-504.87711220017127,63098.76413945731,57160.0096886677,-0.0312525274732866,54000.0
2026-07-21,56231.8359375,56727.707506613755,56132.66162367725,56231.8359375,3413200,58691.359765625,59901.2859375,12.328784862169982,-1068.4703983426225,-617.5957694286616,63322.28884681594,56480.28302818405,0.0,54100.0
2026-07-22,54050.0,56628.53211009174,54050.0,56331.00917431193,9173400,57987.221875,59578.9693359375,9.574478783439744,-1353.0463138053747,-764.6858783040043,63868.398122278886,55289.54054959612,-0.03957352818383197,54000.0
2026-07-23,54000.0,54900.0,52600.0,54100.0,7435600,57327.67109375,59264.0701171875,9.62525216485821,-1564.5739249080434,-924.6634876248122,64206.28105653425,54321.85917784074,-0.0009254975209429212,54100.0
2026-07-24,54100.0,55300.0,53200.0,54000.0,2503700,56737.625,58924.41875,11.568660838431754,-1704.4935754881008,-1080.62950519747,64309.148428155815,53539.68907184418,0.0018501392881613734,54600.0
2026-07-27,54000.0,54800.0,53500.0,54500.0,2581300,56296.2578125,58550.0150390625,10.411741542215523,-1802.6700131164907,-1225.0376067812742,64218.05559894009,52881.97447918491,-0.0018501392881614773,56500.0
2026-07-28,54100.0,54600.0,53300.0,53700.0,2607000,55835.13828125,58170.6939453125,8.300859381225024,-1851.0684185163263,-1350.2437691282848,63968.872319124624,52372.51557150038,0.0018501392881613734,59300.0
2026-07-29,54600.0,54700.0,54000.0,54200.0,2072300,55424.01875,57816.3728515625,14.258202554472561,-1828.0065604276824,-1445.7963273881646,63575.910255959185,52056.83544716581,0.009199696898423416,60800.0
2026-07-30,56500.0,56700.0,54700.0,55000.0,5427800,55183.064453125,57562.0103515625,31.941871768705838,-1637.539217931706,-1484.144905496873,63063.92590645714,52060.094796667865,0.034206755401536,60000.0
2026-07-31,59300.0,60400.0,57300.0,57700.0,18314600,55311.3671875,57452.606640625,54.06370688870852,-1246.2894285923321,-1436.573810115965,62707.2757876471,52197.937493602905,0.04836866785128446,59300.0
2026-08-03,60800.0,61000.0,59300.0,59600.0,7642500,55768.18359375,57457.87265625,58.62579929152606,-805.8938451658469,-1310.4378171259414,62726.41489555494,52189.330416945064,0.024980482968441554,59000.0
2026-08-04,60000.0,60900.0,59600.0,60900.0,5093100,56145.0,57418.1798828125,54.99231332578788,-515.4882587756802,-1151.4479054558892,62592.009210580625,52244.35055504438,-0.01324522675002068,59700.0
2026-08-05,59300.0,60600.0,59200.0,60200.0,3663100,56670.0,57328.6109375,51.45589239006852,-337.9284602218395,-988.7440164090793,62292.45550130188,52364.76637369812,-0.011735256218420965,60300.0
2026-08-06,59000.0,59500.0,58500.0,59500.0,2962800,57170.0,57248.835546875,53.834865572841196,-218.89524528397305,-834.7742621840581,62039.89015008369,52457.780943666316,-0.00507186209796034,59800.0
2026-08-07,59700.0,60800.0,58700.0,58700.0,6522200,57730.0,57233.8125,64.78099455607904,-67.30061540063616,-681.2795328273737,61990.29773594974,52477.32726405026,0.011794576492836877,59700.0
2026-08-10,60300.0,60500.0,59800.0,60300.0,2714200,58360.0,57328.12890625,66.49455962242037,100.10031246124709,-525.0035637696496,62254.8818029561,52401.3760095439,0.010000083334583399,59500.0
2026-08-11,59800.0,60800.0,59600.0,60500.0,4065600,58930.0,57382.569140625,76.99530516431925,190.22810138481145,-381.95723073875746,62396.953633206576,52368.18464804342,-0.008326442776553668,58500.0
2026-08-12,59700.0,60300.0,59600.0,59900.0,2384500,59440.0,57432.009375,76.63551401869158,250.69599183621176,-255.42658622376362,62520.502022972716,52343.51672702729,-0.0016736405580296484,58200.0
2026-08-13,59500.0,60500.0,59100.0,59900.0,4579700,59740.0,57461.5322265625,75.0,279.25976934843493,-148.48931510932394,62592.79134185685,52330.27311126815,-0.0033557078469723042,58000.0
2026-08-14,58500.0,59600.0,58500.0,59500.0,4805500,59660.0,57485.68359375,69.23076923076923,218.68427002782846,-75.05459808189346,62632.47372249054,52338.89346500946,-0.01694955831377332,57400.0
