Date,close,high,low,open,volume,sma_10,sma_20,rsi,macd,macd_signal,bb_upper,bb_lower,log_return,target
2023-12-21,56909.45703125,57329.1432925424,56909.45703125,56993.394283508474,2585900,57329.1421875,57324.9443359375,46.250009452999976,-130.62779582644725,-29.694579781809423,58516.33006729089,56133.55860458411,-0.00441489453663659,57077.328125
2023-12-22,56741.578125,57161.264353735205,56657.64087925296,56909.45261649408,2145700,57211.629296875,57295.5662109375,42.30765559145995,-152.22840081687173,-54.20134398882189,58515.15948712648,56075.97293474851,-0.0029542894725186576,57077.328125
2023-12-25,56993.390625,57664.88859996318,56741.57888438881,56741.57888438881,2672700,57035.3609375,57287.17265625,48.64867244448944,-147.32954830719245,-72.82698485249601,58512.95276958746,56061.39254291254,0.00442806489901871,57922.921875
2023-12-26,57077.328125,57497.01436121324,57077.328125,57329.13986672794,1975400,56917.8484375,57266.18828125,46.47885015973645,-135.11657784169074,-85.28490345033495,58491.211931770005,56041.16463072999,0.0014716750463100515,57161.88671875
2023-12-27,57077.328125,57669.24115740741,57077.328125,57500.12314814815,1626400,56901.060546875,57249.40078125,47.14283814779112,-124.00822117678763,-93.02956699562549,58475.1507441518,56023.6508183482,0.0,57161.88671875
2023-12-28,57922.921875,57922.921875,57077.33177463504,57077.33177463504,2408700,56952.044921875,57316.8615234375,50.04997823072666,-46.43712155412504,-83.71107790732539,58534.51662109882,56099.20642577619,0.014706211331632559,57753.8046875
2023-12-29,57161.88671875,58092.03576299002,57161.88671875,58092.03576299002,1954700,56952.107421875,57304.301953125,37.01636507088137,-45.842202729487326,-76.13730287175778,58522.95983436207,56085.64407188794,-0.013225833349197946,58345.71875
2024-01-01,57161.88671875,57161.88671875,57161.88671875,57161.88671875,0,57044.5,57274.9548828125,40.32430566578384,-44.853679972518876,-69.88057829191,58476.69108036497,56073.21868526002,0.0,58345.71875
2024-01-02,57753.8046875,57922.92271001098,57415.568642478036,57669.24567624451,2142800,57196.084375,57304.58203125,54.87137352971328,3.650484138750471,-55.1743658057779,58523.60861546135,56085.55544703865,0.010301869073661547,58176.59765625
2024-01-03,58345.71875,58345.71875,57500.1286231884,57838.36467391304,1889800,57314.530078125,57347.0171875,58.26177346665338,88.82893697078543,-26.373705250465235,58650.41701234862,56043.617362651385,0.01019675488056222,57669.24609375
2024-01-04,58345.71875,58768.51381340579,58345.71875,58430.27776268116,3401500,57458.15625,57393.64921875,60.98245608951675,154.5518964606017,9.811415091748152,58771.6028943849,56015.69554311509,0.0,57584.6796875
2024-01-05,58176.59765625,58599.39269735647,57922.92063158612,58599.39269735647,1475700,57601.658203125,57406.64375,70.89806460958272,190.79182708411827,46.00749749022218,58810.03319601599,56003.25430398402,-0.0029028124006057325,57077.328125
2024-01-08,57669.24609375,58430.277200559016,57669.24609375,58345.718188691346,2396400,57669.24375,57352.30234375,63.90767112202239,176.53817997053557,72.11363398628487,58612.55059280635,56092.05409469365,-0.00875913696762864,57415.56640625
2024-01-09,57584.6796875,57922.91569153818,57500.12068649045,57669.23868850955,2460400,57719.97890625,57318.913671875,54.915538625490335,156.61292341465742,89.01349187195939,58512.36100642597,56125.46633732403,-0.001467480102788676,56823.65234375
2024-01-10,57077.328125,57584.68215277778,56992.76912037037,57584.68215277778,3006600,57719.97890625,57310.5197265625,51.839691094568046,98.74471544734115,90.95973658703574,58508.50270753957,56112.536745585436,-0.008849572465635176,56654.5390625
2024-01-11,57415.56640625,57922.92045402246,57077.330374401696,57077.330374401696,2083900,57669.243359375,57310.644140625,57.120336874910755,79.2630511231182,88.62039949425224,58508.67248385549,56112.615797394516,0.00590847609588862,56992.7734375
2024-01-12,56823.65234375,57415.56538899739,56654.53433082217,57161.88836960565,3283000,57635.419921875,57293.763671875,48.32702304583218,15.878140457432892,74.07194768688836,58510.029611966434,56077.497731783566,-0.010362804752912754,56739.09375
2024-01-15,56654.5390625,57077.33413013059,56654.5390625,56823.65708955224,2226700,57584.68515625,57314.592578125,45.901711349980836,-47.45386771889753,49.76678460573119,58467.337612835065,56161.84754341493,-0.0029805446200630603,56992.7734375
2024-01-16,56992.7734375,56992.7734375,56400.86036025594,56654.53739336054,2072400,57508.58203125,57352.333203125,49.23081077930957,-69.55051808246208,25.903324068092537,58401.42755648049,56303.238849769514,0.005952369065587334,57500.125
2024-01-17,56739.09375,57415.565806631894,56654.534742921016,57077.32977831595,1826400,57347.91953125,57331.2248046875,37.93105096150171,-106.30666630939959,-0.5386740074058878,58412.98634039889,56249.46326897611,-0.0044610207231020535,57753.8046875
2024-01-18,56992.7734375,57331.00948163947,56908.214426465136,56908.214426465136,1228400,57212.625,57335.390625,48.076982871275604,-113.65619009050715,-23.16217722402614,58410.9372216808,56259.8440283192,0.0044610207231020405,57246.453125
2024-01-19,57500.125,58007.479044117645,56992.77095588235,56992.77095588235,2619900,57144.977734375,57373.31796875,53.44829096759549,-77.64664743934554,-34.05907126709002,58413.61719177971,56333.01874572029,0.008862643715172308,56908.2109375
2024-01-22,57753.8046875,58092.04073252196,57500.12765373353,57500.12765373353,1959800,57153.43359375,57411.338671875,50.0,-28.312624451238662,-32.90978190391975,58448.75150936681,56373.92583438318,0.004402107552423738,56908.2109375
2024-01-23,57246.453125,57753.80721473412,57161.89411004431,57753.80721473412,2112000,57119.6109375,57419.794921875,37.735880303112175,-29.81045046395593,-32.28991561592699,58448.464442022174,56391.125401727826,-0.00882354289976919,56654.5390625
2024-01-24,56908.2109375,57500.12397845468,56823.65193164933,57331.00596675334,2083500,57102.69921875,57411.3390625,35.087706501724625,-57.62652340310888,-37.357237173363366,58454.53953250423,56368.13859249578,-0.005926050944046252,56654.5390625
2024-01-25,56908.2109375,56908.2109375,56908.2109375,56908.2109375,0,57051.963671875,57360.603515625,36.36364399925079,-78.76303042491782,-45.63839582367426,58397.72588263433,56323.48114861567,0.0,56569.9765625
2024-01-26,56654.5390625,57077.33413013059,56654.5390625,56654.5390625,1675800,57035.05234375,57335.2361328125,38.46156579614818,-114.66132047989959,-59.442980754919326,58416.694882942815,56253.77738268218,-0.004467526489367817,56654.5390625
2024-01-29,56654.5390625,56908.21610307835,56569.98004897388,56739.098076026115,1732800,57035.05234375,57309.86875,39.21578040619492,-141.4800796912823,-75.85040054219192,58431.50339208739,56188.23410791261,0.0,57077.328125
2024-01-30,56569.9765625,56908.212595758596,56569.9765625,56908.212595758596,1790400,56992.77265625,57250.67734375,43.47830016630379,-167.6253459715299,-94.20538962805952,58398.31511579009,56103.039571709916,-0.0014937138879520541,57077.328125
2024-01-31,56654.5390625,57669.24722481343,56569.98004897388,56823.65708955224,4020100,56984.3171875,57166.118359375,39.53495117782359,-179.45354210595542,-111.2550201236387,58219.36945627365,56112.86726247636,0.0014937138879520715,57500.125
2024-02-01,57077.328125,57331.00513888889,56823.65111111111,56823.65111111111,2499300,56992.77265625,57102.698828125,53.658520096762814,-152.94882990806946,-119.59378208052486,57997.7543433206,56207.6433129294,0.007434873277087235,57161.88671875
2024-02-02,57077.328125,57077.328125,57077.328125,57077.328125,0,56950.49296875,57047.7353515625,56.41015922050417,-130.44002314439422,-121.76303029329874,57786.483380253696,56308.987322871304,0.0,57161.88671875
2024-02-05,57500.125,57669.24301470588,56823.65294117647,56992.77095588235,3565900,56925.125,57039.279296875,57.4999480301102,-77.59103609997692,-112.92863145463438,57751.467441907545,56327.091151842455,0.007380139503672268,57161.88671875
2024-02-06,57161.88671875,57669.24074288092,57161.88671875,57584.6817388591,2392800,56916.668359375,57018.1396484375,56.097519754195055,-62.282877391677175,-102.79948064204295,57685.875820767,56350.403476108,-0.005899761521237688,57161.88671875
2024-02-07,57161.88671875,57415.56373081546,56823.65070266272,57161.88671875,2736300,56942.0359375,57022.367578125,52.63150216814918,-49.57952937358641,-92.15549038835165,57692.74728465489,56351.987871595105,0.0,57161.88671875
2024-02-08,57161.88671875,57161.88671875,57161.88671875,57161.88671875,0,56967.403515625,57009.68359375,43.74997293235688,-39.0617549505987,-81.53674330080106,57657.97448360425,56361.39270389575,0.0,59191.3046875
2024-02-09,57161.88671875,57161.88671875,57161.88671875,57161.88671875,0,57018.13828125,57026.5953125,37.93095208891197,-30.376185189568787,-71.3046316785546,57672.09359584147,56381.09702915853,0.0,60797.92578125
2024-02-15,57161.88671875,57500.12273483728,56823.65070266272,57161.88671875,3876600,57068.873046875,57051.9626953125,47.82590357211003,-23.225084263525787,-61.688722195548834,57675.39647852838,56428.52891209661,0.0,60459.6875
2024-02-16,59191.3046875,59444.981707589286,57077.32952008929,57331.006540178576,11114600,57331.005859375,57161.8892578125,81.39534134199087,144.5331955561851,-20.444338645202052,58302.32175178325,56021.45676384175,0.03488729063053181,60290.57421875
2024-02-19,60797.92578125,61389.83882779902,59783.217701451664,59952.33571475139,6652800,57745.34453125,57364.830859375,87.09676698300675,402.484149382959,64.14135896043015,59332.78916464821,55396.872554101785,0.02678102212693016,60544.25
2024-02-20,60459.6875,61220.71853146853,60290.56949300699,60628.805506993005,4385700,58083.58046875,57538.1765625,85.71416001231879,573.0137899237743,165.91584515309899,59932.67994925699,55143.673175743,-0.005578852318837989,60036.890625
2024-02-21,60290.57421875,60797.928279496846,60036.89718837658,60459.69223899895,3590200,58404.905078125,57677.6990234375,83.07687715475427,686.5990438099034,270.0524848844599,60369.586849490806,54985.81119738419,-0.0028010438969254276,60036.890625
2024-02-22,60544.25,61474.39909217877,60121.454958100556,60290.57297486033,4648100,58709.317578125,57817.2212890625,85.0746299529219,788.0020937200024,373.6424066515684,60799.333874754695,54835.10870337031,0.004198725914771869,60882.484375
2024-02-23,60036.890625,61474.39363996479,60036.890625,60713.36263204225,6142500,58996.81796875,57956.7431640625,77.77769935942183,817.9957343194255,462.5130721851399,61083.993750423644,54829.492577701356,-0.008415285616094106,61051.6015625
2024-02-26,60036.890625,60628.80363116197,59783.21362235915,60036.890625,3048400,59284.318359375,58113.1771484375,76.11934432740054,832.1731366771564,536.4450850835433,61331.274621422766,54895.07967545223,0.0,60882.484375
2024-02-27,60882.484375,61220.72039930555,60121.453320312496,60206.01232638889,5282500,59656.378125,58311.8908203125,79.22073636783595,901.2521056277765,609.4064891923899,61702.87252476117,54920.90911586383,0.013986303424224768,60459.6875
2024-02-28,61051.6015625,61389.83758223684,60459.68852796053,61220.71957236842,3419000,60045.349609375,58531.7439453125,78.37832607523123,958.5939554537254,679.243982444657,62038.47694401325,55025.01094661174,0.0027739133752536487,60882.484375
2024-02-29,60882.484375,61981.751453993056,60544.24835069444,61389.83841145833,6539800,60417.409375,58743.1412109375,80.55553951544758,979.1049287594797,739.2161717076216,62282.98640104866,55203.29602082634,-0.002773913375253631,61728.08203125
2024-03-01,60459.6875,60967.041520979015,60206.01048951049,60967.041520979015,4397700,60544.24765625,58937.6267578125,75.32464337973481,950.2895026741389,781.4308379009251,62401.34206979479,55473.91144583021,-0.0069686998259769605,60713.375
2024-03-04,60882.484375,61474.39741753472,60544.24835069444,60713.36636284722,5014600,60552.703515625,59149.0240234375,76.82924287279621,950.6111901836484,815.2669083574699,62541.38365928975,55756.66438758525,0.0069686998259768694,60882.484375
2024-03-05,61728.08203125,61728.08203125,60628.81481699486,60882.49186643836,5440900,60679.54296875,59381.56171875,79.34782062908164,1007.4851322901377,853.7105531440035,62813.35223613585,55949.77120136416,0.013793445179842295,59191.3046875
2024-03-06,60713.375,62150.878307799445,60713.375,61981.760271587744,4833900,60721.823046875,59563.3640625,70.19232862035896,959.6178863503228,874.8920197852674,62863.91669740606,56262.81142759394,-0.016574945880588228,59444.9765625
2024-03-07,60882.484375,60967.043381076386,60290.571332465275,60628.807356770834,5067600,60755.646484375,59732.48203125,62.19510958478117,924.6694485188345,884.8475055319809,62933.00605997839,56531.95800252161,0.0027815007007459497,59191.3046875
2024-03-08,59191.3046875,61643.51588169643,59191.3046875,60967.043828125,7361000,60671.087890625,59833.9529296875,38.55422491430175,751.8417292945305,858.2463502844909,62812.292897199215,56855.61296217578,-0.02817086963406894,59867.77734375
2024-03-11,59444.9765625,60290.56655627667,59191.299564367,59614.09456125533,4208400,60611.896484375,59948.107421875,42.682903470414,628.1033327023251,812.2177467680579,62658.15334833509,57238.06149541491,0.004276470215134895,59614.10546875
2024-03-12,59191.3046875,59698.65872767857,59191.3046875,59529.540714285715,3844000,60442.778515625,60049.5783203125,42.16865391112306,503.7634897004318,750.5268953545327,62455.24947491342,57643.907165711586,-0.00427647021513483,58928.87890625
2024-03-13,59867.77734375,59952.33635129767,59191.305283368645,59275.86429091632,5646500,60324.39609375,60184.8728515625,45.45454068227692,454.5689700157527,691.3353102867767,62175.25243450885,58194.49326861614,0.011363768717142394,58158.0078125
2024-03-14,59614.10546875,60290.57758754433,59444.987439051416,60036.90054299645,5445400,60197.558203125,60307.4837890625,47.05888746799594,390.6100489520759,631.1902580198365,61736.82394644905,58878.14363167595,-0.00424620453203449,58072.35546875
2024-03-15,58928.87890625,60042.36062976925,58843.226465979285,60042.36062976925,4851100,60044.47734375,60294.3625,42.96297692936308,281.3864385864945,561.2294941331681,61770.88511307124,58817.83988692876,-0.011560940499547194,58243.65625
2024-03-18,58158.0078125,59185.83711110088,57901.050487849774,58928.879786450656,6796400,59772.0296875,60162.3666015625,32.53094490279469,131.11171143584215,475.20593759370297,61898.5173594064,58426.21584371859,-0.013167695437987102,58586.26953125
2024-03-19,58072.35546875,58671.92256061025,58072.35546875,58671.92256061025,3164500,59406.45703125,60043.0,30.690715536757637,5.048285688913893,381.17440721274517,62006.47283704317,58079.52716295683,-0.0014738379341933294,58072.35546875
2024-03-20,58243.65625,58757.570863970584,57815.394071691175,58072.35137867647,3546900,59159.48515625,59940.6541015625,32.901894322499516,-80.11186630016164,288.9171525101638,62057.21401116333,57824.09419196167,0.0029454397991080473,57644.09375
2024-03-21,58586.26953125,58671.92197208516,58158.00732707419,58414.96464957968,4906200,58929.863671875,59842.755078125,37.73386088170827,-118.58885335655941,207.41595133681918,62021.96391436784,57663.54624188216,0.005865179852267771,57986.70703125
2024-03-22,58072.35546875,58843.2274439989,58072.35546875,58757.57500230458,6066700,58817.96875,59744.5283203125,31.817724580077353,-188.37919460179546,128.25692214909625,62059.749088192664,57429.307552432336,-0.008810619651375865,57986.70703125
2024-03-25,57644.09375,58414.965731797914,57472.78886515601,58158.008404531945,5450700,58637.88046875,59624.8884765625,22.06698253700486,-275.07479343095474,47.59057903308606,62117.03403460864,57132.74291851636,-0.007401949800059985,57986.70703125
2024-03-26,57986.70703125,58158.01192646787,57644.097240814255,57729.749688423195,2504200,58517.420703125,59480.099609375,29.462388496557892,-312.53296616399166,-24.43413000632949,62000.92089261182,56959.27832613818,0.005926003825601203,57901.05078125
2024-03-27,57986.70703125,58243.66437407681,57815.40213603213,58243.66437407681,2637700,58329.313671875,59326.8548828125,27.618463916623142,-338.31890814954386,-87.21108563497236,61817.89097264097,56835.81879298403,0.0,57387.140625
2024-03-28,57986.70703125,58586.27416451256,57901.05458364107,57986.70703125,4470700,58166.573828125,59182.066015625,37.394177179796806,-354.6660831165791,-140.70208513129373,61628.62001020112,56735.51202104888,0.0,57644.09375
2024-03-29,57901.05078125,58586.270317122784,57815.39833926591,58586.270317122784,3484600,58063.791015625,59054.1341796875,33.254331473951,-370.26489731448964,-186.61464756793293,61486.93970375681,56621.328655618185,-0.0014782625398105632,57130.1796875
2024-04-01,57387.140625,57986.707765858206,57387.140625,57901.05531716418,4988000,57986.704296875,58879.3669921875,31.477379002568256,-419.2623294802106,-233.14418395038848,61260.79555895213,56497.938425422864,-0.00891528531889044,58414.96875
2024-04-02,57644.09375,57729.74619242199,57130.179095468055,57387.136422734024,4322900,57943.878125,58675.167578125,25.01840937715305,-432.37502756468893,-272.9903526732486,60702.09079394157,56648.24436230843,0.00446754403309968,58158.0078125
2024-04-03,57130.1796875,57644.094347357575,57130.1796875,57644.094347357575,5046100,57832.53046875,58496.0078125,23.636324437991462,-478.71715181817854,-314.1357125022346,60393.691599513295,56598.324025486705,-0.00895527336624593,57387.140625
2024-04-04,58414.96875,58586.273643695014,57130.182047287395,57130.182047287395,7472800,57815.400390625,58372.63203125,45.161330660733,-407.07932222398085,-332.7244344465838,59902.17156408508,56843.092498414924,0.02223965323328062,57387.140625
2024-04-05,58158.0078125,58414.96513715022,57986.70292939985,58414.96513715022,4233800,57823.965625,58320.9671875,50.0,-366.8120453655647,-339.54195663038,59803.14457815406,56838.78979684594,-0.004408592132781482,57215.828125
2024-04-08,57387.140625,58243.665111940296,57301.48817630597,58243.665111940296,3666000,57798.2703125,58218.075390625,43.750040083259165,-392.57709360623267,-350.14898402555053,59656.783668648124,56779.36711260188,-0.013343331767353153,57044.52734375
2024-04-09,57387.140625,57644.09797108209,57215.835727611935,57472.793073694025,2516000,57738.313671875,58127.8671875,41.93556929287461,-408.2895719303342,-361.7771016065073,59535.55017298067,56720.18420201933,0.0,57130.1796875
2024-04-10,57215.828125,57644.090311564374,57215.828125,57472.785436938626,2765500,57661.22578125,57995.2697265625,36.666659065705,-429.61299999702896,-375.34428128461167,59197.4913768433,56793.0480762817,-0.002989671724384493,55588.4375
2024-04-11,57044.52734375,57301.48467412725,56958.87490029092,57130.17978720908,2947700,57567.0078125,57866.7908203125,39.28573173691318,-455.08853445101704,-391.29313191789277,58873.975075570364,56859.60656505463,-0.002998431238700056,54817.5625
2024-04-12,57130.1796875,57472.789460738386,57044.52724419041,57215.8321308096,2509200,57489.920703125,57776.855859375,44.23077935039808,-463.0291390437269,-405.64033334305964,58702.66071591912,56851.05100283088,0.0015003736299383551,54988.87109375
2024-04-15,55588.4375,57130.18152927581,55588.4375,57130.18152927581,5756100,57310.050390625,57648.37734375,28.787858895523243,-586.9617058722797,-441.9046078489037,58977.01400380799,56319.740683692005,-0.02735729697330531,54988.87109375
2024-04-16,54817.5625,55674.0869140625,53961.0380859375,55588.43447265625,7128700,57027.397265625,57485.6376953125,25.33330252406924,-738.8651504716036,-501.2967163734437,59303.046457622964,55668.228933002036,-0.01396459481032793,54817.5625
2024-04-17,54988.87109375,55588.43822405569,54988.87109375,55160.175988123054,4589800,56813.26640625,57322.8984375,27.27273804150957,-835.7920622605743,-568.1957855508699,59416.43231248111,55229.36456251889,0.003120194821492018,54389.30078125
2024-04-19,54988.87109375,55160.175988123054,54217.999069071266,54988.87109375,4516100,56470.656640625,57143.028515625,27.63160579289918,-902.207254548106,-634.9980793503171,59391.921237411116,54894.13579383889,0.0,54817.5625
2024-04-22,54817.5625,55931.044238281254,54817.5625,55417.12958984375,2035200,56136.612109375,56980.2888671875,29.16665610977813,-957.6260280121423,-699.5236690826822,59409.82954253457,54550.74819184042,-0.0031201948214919953,55417.1328125
2024-04-23,54389.30078125,55074.52031865158,54132.34345472441,54988.86787647638,2014400,55836.828125,56817.54921875,24.324372628424825,-1024.2955058342632,-764.4780364329984,59484.326140649755,54150.77229685024,-0.007843168483501865,55674.0859375
2024-04-24,54817.5625,55074.519824218754,54389.30029296875,54817.5625,2401300,55579.8703125,56659.0919921875,31.506875844955502,-1030.6932159560383,-817.7210723376063,59408.6915419685,53909.4924424065,0.007843168483501936,55674.0859375
2024-04-25,55417.1328125,55502.785258887176,54731.91324140263,54817.5656877898,1916000,55400.00078125,56530.61328125,23.076982445308218,-976.1309044736045,-849.403038764806,59259.066837021965,53802.159725478035,0.01087817629989109,55674.0859375
2024-04-26,55674.0859375,56359.30545673077,55245.82373798077,55417.12861778846,2940600,55262.956640625,56414.9822265625,27.692319566001387,-901.7609706400835,-859.8746251398616,59078.861415942716,53751.10303718228,0.004625992695373314,56016.6953125
2024-04-29,55674.0859375,55674.0859375,55674.0859375,55674.0859375,0,55117.347265625,56303.633984375,32.14283387462986,-833.2174501649424,-854.5431901448778,58891.04307396789,53716.22489478211,0.0,56188.00390625
2024-04-30,55674.0859375,55674.0859375,55674.0859375,55674.0859375,0,55125.912109375,56217.98125,32.14283387462986,-770.0199062010579,-837.638533356114,58767.506440892976,53668.45605910702,0.0,56359.30859375
2024-05-02,56016.6953125,56102.34775181575,55588.43311592126,56016.6953125,2563400,55245.825390625,56136.611328125,37.93105346258123,-684.4003429108197,-806.9908952670552,58596.806943047566,53676.415713202434,0.006134981701431056,58243.65625
2024-05-03,56188.00390625,56530.61368616616,56102.35146127096,56188.00390625,1966400,55365.738671875,56089.5025390625,41.37933745881724,-595.8544115676268,-764.7635985271695,58505.273095207296,53673.73198291771,0.003053503606317273,58158.0078125
2024-05-06,56359.30859375,56873.22326177811,56102.35125973594,56359.30859375,2261300,55502.782421875,55986.71953125,42.372904938327906,-506.02512377376115,-713.0159035764879,58147.34640567087,53826.092656829125,0.00304413878895416,57044.52734375
2024-05-07,58243.65625,58671.918428308825,56444.95510110294,56530.607536764706,8485900,55845.391796875,55991.001953125,74.60308497731293,-279.561052510493,-626.3249333632889,58170.01037556891,53811.99353068109,0.03288776165708027,56958.875
2024-05-08,58158.0078125,58243.66025405007,57472.788280099405,58243.66025405007,2964400,56222.2625,56029.5453125,85.45455751559305,-105.77840989669494,-522.2156286699701,58336.074648357324,53723.01597664267,-0.0014716018649146498,56359.30859375
2024-05-09,57044.52734375,58158.00910871809,57044.52734375,58158.00910871809,2998000,56444.958984375,56012.4146484375,68.18181818181819,-57.24311863350158,-429.2211266626764,58281.27120207966,53743.55809479534,-0.019331434730437684,56958.875
2024-05-10,56958.875,57815.39943609022,56616.26522556391,57130.179887218044,2418100,56599.133203125,55999.5669921875,67.16417910447761,-25.397215650853468,-348.45634446031187,58242.492935816015,53756.64104855899,-0.0015026281339897624,57387.140625
2024-05-13,56359.30859375,57215.83304046352,56016.698815064585,57044.528151120816,2732500,56667.65546875,55965.3060546875,62.500039588457405,-47.98595409007976,-288.3622663862655,58161.47019353689,53769.14191583811,-0.01058209692773816,57558.44140625
2024-05-14,56958.875,57387.137218045114,56444.96033834587,56444.96033834587,2433100,56796.134375,55956.7408203125,70.27031357755499,-17.308175968792057,-234.15144830277083,58135.03961555897,53778.44202506603,0.010582096927738134,57387.140625
2024-05-15,57387.140625,57644.09797108209,57130.18327891791,57301.48817630597,3234900,56967.43984375,56046.6759765625,70.27033189982978,41.08800405180955,-179.10355783185477,58307.89648609272,53785.45546703228,0.00749073109707431,56873.21875
2024-05-16,57558.44140625,57986.70361909412,57387.13652111235,57472.788963681174,2911400,57121.614453125,56183.719921875,68.11596597665108,100.03677716992388,-123.27549083149904,58463.4431429615,53903.996700788506,0.002980556625813695,56701.921875
2024-05-17,57387.140625,58072.36021455224,57215.835727611935,57644.09797108209,4169000,57241.528125,56303.6333984375,64.70596914624348,131.41667353404046,-72.33705795839114,58570.99347533782,54036.273321537185,-0.002980556625813731,56359.30859375
2024-05-20,56873.21875,57901.048004518074,56873.21875,57472.78581513555,4920600,57292.919140625,56397.85078125,59.45945945945946,113.50781970495882,-35.16808242572115,58590.5500268295,54205.151535670506,-0.008995689204144125,57387.140625
2024-05-21,56701.921875,57044.53167484895,56359.31207515106,56873.22677492448,3799500,57138.745703125,56492.06875,57.89480632482223,84.51842203596607,-11.230781533383709,58557.079267517445,54427.05823248255,-0.003016452437443351,56530.61328125
2024-05-22,56359.30859375,57130.18059579217,56359.30859375,56873.22326177811,3618300,56958.87578125,56590.569140625,52.63161053040264,33.51178408121632,-2.282268410463703,58406.12882916212,54775.00945208788,-0.006060686383225093,56616.26171875
2024-05-23,57387.140625,57387.140625,56359.31124067164,56530.6161380597,2991400,56993.137109375,56719.048046875,58.139565715182684,75.15971656303736,13.206128584236511,58361.770925291064,55076.32516845894,0.018072828024812537,57215.828125
2024-05-24,56530.61328125,57301.48528053977,56273.655948153406,57130.18039180871,4104100,56950.3109375,56774.7220703125,51.06382978723405,38.60637451531511,18.286177770452234,58303.1605654147,55246.2835752103,-0.015037927900161181,56787.5703125
2024-05-27,56616.26171875,57044.52391026853,56359.304403838876,56616.26171875,2336600,56976.00625,56821.830859375,36.986301369863014,16.36011152048013,17.900964520457812,58263.02299268175,55380.638726068246,0.0015139340588739979,56273.65234375
2024-05-28,57215.828125,57644.090311564374,56616.26106380988,56787.565938435626,5347500,57001.7015625,56898.91796875,43.03794983818583,46.57292236190551,23.635356088747354,58243.30059953118,55554.53533796882,0.010534322116902852,56016.6953125
2024-05-29,56787.5703125,57644.09475160257,56530.612980769234,57387.1374198718,3357900,56941.74453125,56954.5921875,47.88732394366197,35.55016607114521,26.01831808522693,58171.59234304659,55737.592031953405,-0.0075131063257490895,56016.6953125
2024-05-30,56273.65234375,56701.91453814688,56102.347465991246,56616.2620992675,4412600,56813.265625,56967.4400390625,44.736815259716295,-14.487331846925372,17.91718809879647,58147.61859158644,55787.26148653856,-0.009091030437236313,56530.61328125
2024-05-31,56016.6953125,56444.95750907875,55931.042873184255,56444.95750907875,4143400,56676.22109375,56958.874609375,47.22219231098119,-74.02339872750599,-0.47092926646402233,58165.071699272456,55752.67751947755,-0.0045766619327141465,58671.921875
2024-06-03,56016.6953125,56016.6953125,56016.6953125,56016.6953125,0,56590.56875,56941.7439453125,41.53843239389977,-119.82489387635724,-24.341722188442667,58192.69579097657,55690.792099648424,0.0,57558.44140625
2024-06-04,56530.61328125,57044.52794744318,56530.61328125,56616.26572561553,2445200,56573.437890625,56856.091796875,42.42421310919213,-113.34742511688819,-42.14286277413177,57957.336015117144,55754.847578632856,0.009132542519922914,58072.35546875
2024-06-05,58671.921875,59271.48895985401,56701.915739051095,56701.915739051095,11865800,56804.69921875,56881.7875,57.30336330165693,63.835863299973425,-20.947117559310733,58125.682707272324,55637.89229272767,0.0371789603696592,57558.44140625
2024-06-06,57558.44140625,59100.18537248884,57558.44140625,59100.18537248884,4887800,56821.829296875,56907.483203125,50.99997582891983,113.1025520077601,5.862816354103433,58186.2760945186,55628.69031173139,-0.019160475843684223,56958.875
2024-06-07,58072.35546875,58757.57500230458,57815.39814366704,57901.05058536136,4127600,56976.003515625,56963.1572265625,57.000019610516894,191.408885160512,42.97203011538515,58344.234062059564,55582.080391065436,0.00888893720734598,57387.140625
2024-06-10,57558.44140625,58671.92315964472,57558.44140625,58586.270717075895,4564100,57070.221484375,57023.1138671875,54.807664057049365,209.58270945213735,76.29416598273559,58397.91390466527,55648.31382970973,-0.008888937207346015,57301.484375
2024-06-11,56958.875,57815.39943609022,56873.222556390974,57729.7469924812,6177100,57044.526171875,57023.1138671875,53.271025249009995,173.60439454441075,95.75621169507062,58397.91390466527,55648.31382970973,-0.010471287722888191,56701.921875
2024-06-12,57387.140625,57644.09797108209,56787.57348414179,56958.87838152985,3425100,57104.483203125,57023.1138671875,50.0,177.601498026459,112.1252689613483,58397.91390466527,55648.31382970973,0.00749073109707431,56530.61328125
2024-06-13,57301.484375,57729.74659005979,57215.83193198804,57387.13681801196,2803600,57207.26640625,57010.266015625,54.945049988498305,171.8762059052533,124.07545635012931,58368.70708415891,55651.82494709109,-0.001493718595480949,56444.95703125
2024-06-14,56701.921875,57644.098824584595,56701.921875,57387.14147469789,4124200,57275.7890625,56976.005078125,50.51551044914221,117.6035273954185,122.78107055918716,58328.97728776892,55623.03286848109,-0.01051842304610657,55931.046875
2024-06-17,56530.61328125,57044.52794744318,56530.61328125,56787.57061434659,3617600,57327.180859375,56958.8748046875,45.652205164659264,60.076344133929524,110.24012527413564,58325.928913533826,55591.82069584117,-0.003025786258573632,56530.61328125
2024-06-18,56444.95703125,56958.87166279401,56444.95703125,56958.87166279401,2751700,57318.615234375,56946.0265625,47.72725270408446,7.487581246619811,89.68961646863248,58327.997738349426,55564.05538665058,-0.0015163679400073988,56530.61328125
2024-06-19,55931.046875,56530.613993108724,55759.74198411179,56530.613993108724,6155000,57044.527734375,56924.6134765625,47.72730217316835,-74.7954514998055,56.79260287494488,58357.20670548393,55492.02024764108,-0.009146325211586289,56102.3515625
2024-06-20,56530.61328125,57215.83283617424,55845.393726325754,56016.69861505682,4397100,56941.744921875,56881.787109375,53.260889501592985,-90.58118604188348,27.317845091579212,58307.355051170365,55456.219167579635,0.010662693151593752,56102.3515625
2024-06-21,56530.61328125,57472.79016927083,56530.61328125,56958.87550307765,3967700,56787.570703125,56881.787109375,53.260889501592985,-101.91666255157907,1.4709435629475571,58307.355051170365,55456.219167579635,0.0,55845.390625
2024-06-24,56102.3515625,57044.528458969464,55931.04667223282,56616.266233301525,3847700,56641.96171875,56856.0916015625,47.252750006389824,-143.799618434663,-27.583168836574554,58319.826525108256,55392.35667801674,-0.007604590418079092,55931.046875
2024-06-25,56102.3515625,56701.91867843511,56102.3515625,56359.30889790076,2433600,56556.309375,56800.4177734375,27.272758681688018,-174.97515801902773,-57.061566673065194,58290.998149833846,55309.83739704115,0.0,56102.3515625
2024-06-26,55845.390625,56359.305262653375,55759.7381853911,56359.305262653375,2485100,56402.134375,56753.3087890625,32.14286005138793,-217.90472782991856,-89.23019890443587,58303.943192116414,55202.67438600859,-0.0045907382098779185,56530.61328125
2024-06-27,55931.046875,56188.00421133231,55759.74198411179,55845.39442955589,2708400,56265.090625,56736.178515625,25.490283748002525,-242.2227842022039,-119.82871596398948,58316.41127137336,55155.94575987663,0.001532635476363381,56701.921875
2024-06-28,56102.3515625,56530.61378816794,55931.04667223282,56102.3515625,2731700,56205.13359375,56740.461328125,31.914963811394244,-244.8496876653735,-144.8329103042663,58312.92888939268,55167.99376685732,0.0030581027335145677,56701.921875
2024-07-01,56530.61328125,56530.61328125,55931.04617069128,56359.308392518935,1909300,56205.13359375,56766.1572265625,44.44446696577242,-209.9541650918909,-157.85716126179125,58305.26845142465,55227.04600170035,0.0076045904180790155,56873.21875
2024-07-02,56701.921875,56787.57432496224,56359.31207515106,56530.61697507553,2042800,56230.830078125,56774.72265625,40.47623184188295,-166.55608533955092,-159.59694607734318,58310.21701315142,55239.22829934858,0.0030257862585737452,57558.44140625
2024-07-03,56701.921875,56787.57432496224,56530.61697507553,56701.921875,1332600,56307.917578125,56676.22265625,41.46349873750014,-130.65666575763316,-153.8088900134012,57925.3207686568,55427.1245438432,0.0,57901.05078125
2024-07-04,56873.21875,57301.480939382534,56787.5663121235,56787.5663121235,2688900,56342.178125,56641.9615234375,52.777644057189626,-87.37666704521689,-140.52244541976435,57825.016443384906,55458.9066034901,0.0030164524374432767,57815.39453125
2024-07-05,57558.44140625,57815.39873395647,56873.22186569941,56873.22186569941,4180100,56444.9609375,56616.2658203125,64.28568326137756,2.189545744222414,-111.980047186967,57685.342464287154,55547.18917633785,0.011976245829957892,57215.828125
2024-07-08,57901.05078125,57986.7032232341,57387.13612934542,57644.09345529771,4942400,56624.830859375,56633.3962890625,68.88892041884392,99.6682147872998,-69.65039479211364,57774.58695422531,55492.20562389968,0.0059347286930767325,56787.5703125
2024-07-09,57815.39453125,58072.351840277785,57558.43722222222,57901.04696759259,5045200,56796.13515625,56676.222265625,77.49984893105898,168.07159406849678,-22.105997019991563,57927.790024002694,55424.65450724731,-0.001480451035517602,56787.5703125
2024-07-10,57215.828125,58072.35249812874,57215.828125,57815.39518619012,3881700,56933.17890625,56667.656640625,59.99990878856391,171.9199802538351,16.699198434773766,57900.9497057873,55434.363575462696,-0.01042450600775732,56701.921875
2024-07-11,56787.5703125,57387.1374198718,56787.5703125,57301.48497596154,3787100,57018.83125,56641.9609375,53.33332657692124,138.81287919956958,41.12193458773293,57840.57788481892,55443.34399018108,-0.0075131063257490895,56616.26171875
2024-07-12,56787.5703125,57044.52764423077,56616.26542467949,56873.22275641026,2079900,57087.353125,56646.243359375,59.99997719711498,111.292354109195,55.15601849202535,57846.373376780604,55446.1133419694,0.0,56273.65234375
2024-07-15,56701.921875,57301.48902473565,56701.921875,56787.57432496224,2155300,57104.483984375,56654.8087890625,58.53663148715028,81.63004622802691,60.45082403922567,57853.90886645745,55455.708711667554,-0.0015093635914539146,56444.95703125
2024-07-16,56616.26171875,57130.17634857223,56616.26171875,56873.21903366112,2243700,57095.91796875,56663.3740234375,61.53843455280037,50.62680056638783,58.486019344658104,57858.60362751631,55468.14441935869,-0.001511852199699752,55931.046875
2024-07-17,56273.65234375,56958.87185478501,56187.99990487062,56701.91453814688,3464800,57053.091015625,56680.504296875,54.76184529852812,-1.571097608008131,46.47459595412486,57840.852392616725,55520.15620113327,-0.00606981464608267,56016.6953125
2024-07-18,56444.95703125,56530.60946984067,56102.34727688733,56530.60946984067,2283000,57010.26484375,56676.221484375,54.76184529852812,-28.783651333171292,31.42294649666563,57839.52756608256,55512.91540266744,0.003039512647201499,56444.95703125
2024-07-19,55931.046875,56444.96154766462,55759.74198411179,56444.96154766462,3392700,56847.525390625,56646.2431640625,41.860465116279066,-90.7716913448021,6.9840189283720875,57855.34847875808,55437.13784936692,-0.009146325211586289,56188.00390625
2024-07-22,56016.6953125,56530.6099483945,55845.3904338685,55931.042873184255,2654800,56659.08984375,56641.9603515625,40.4760612075593,-131.47103034143947,-20.706990925590226,57859.75300249137,55424.167700633625,0.0015301506316706861,56188.00390625
2024-07-23,56444.95703125,56787.56678561267,56102.34727688733,56187.999715478,3777800,56522.04609375,56659.090625,46.80840741067781,-127.69640349730616,-42.104873439933414,57854.35352985994,55463.827720140056,0.0076161745799155425,56359.30859375
2024-07-24,56188.00390625,56616.266131145196,56188.00390625,56359.308796208075,3613500,56419.263671875,56676.2212890625,41.66670625513661,-143.78153028897214,-62.44020480974116,57831.533916544846,55520.90866158016,-0.004562670973598109,57558.44140625
2024-07-25,56188.00390625,56273.65635122904,55931.04657131288,56188.00390625,1957600,56359.30703125,56689.069140625,29.99995439402197,-154.74530164666794,-80.90122417712652,57814.826848408105,55563.31143284189,0.0,57986.70703125
2024-07-26,56359.30859375,56701.91837243541,56016.698815064585,56016.698815064585,2975400,56316.480859375,56701.9169921875,26.315732624120272,-147.90634058336582,-94.30224745837438,57805.12023585722,55598.71374851778,0.00304413878895416,61327.1484375
2024-07-29,57558.44140625,57901.051176525296,56444.95965285529,56701.91698056176,5781800,56402.1328125,56753.3083984375,47.058860350862126,-45.2053194872351,-84.48286186414653,57917.013028422734,55589.60376845226,0.021053384650626228,60213.66015625
2024-07-30,57986.70703125,58586.27416451256,57301.48745037851,57644.097240814255,6375600,56539.17734375,56817.54765625,59.183783637884964,69.93724341699271,-53.59884080791869,58104.61598392788,55530.47932857212,0.007412991232887373,61241.4921875
2024-07-31,61327.1484375,61669.75820530726,58671.922736993714,58671.922736993714,21144900,57044.526953125,57048.808984375,81.9277558600833,425.8256058101397,42.28604851569299,59438.35120117005,54659.266767579946,0.05600882800097566,59442.79296875
2024-08-01,60213.66015625,61584.09907872511,60042.35529094061,61498.44664607041,8865800,57421.397265625,57215.8310546875,70.83329968318185,610.9775299123503,156.02434479502446,59989.75495597165,54441.90715340335,-0.018323383694720027,62269.33203125
2024-08-02,61241.4921875,61584.1019340035,59956.70563811189,59956.70563811189,10290200,57952.441796875,57399.98359375,74.76630216111896,831.0691706059733,291.03330995721427,60707.38926009539,54092.577927404614,0.016925697247231652,63211.49609375
2024-08-05,59442.79296875,60984.5368786023,58671.92101382385,60813.231999729825,12155500,58295.0515625,57477.070703125,62.992139273825465,850.5487899316649,402.93640595210445,60903.380103723386,54050.76130252661,-0.02981054937593555,62269.33203125
2024-08-06,62269.33203125,62783.24673852304,59956.71584852132,60213.67320215784,13496200,58877.4890625,57699.767578125,72.43592966880819,1081.5966358143996,538.6684519245636,61742.239702890576,53657.295453359424,0.04645465451180455,62783.24609375
2024-08-07,63211.49609375,63211.49609375,62012.36202151084,62697.58149136179,10700700,59579.83828125,57999.5509765625,73.93940114252356,1325.4495270522748,696.0246669501058,62722.842899380405,53276.2590537446,0.015017142976979186,62526.2890625
2024-08-08,62269.33203125,63725.42370185695,61841.069775189135,63297.16144579608,5811000,60187.97109375,58273.6390625,71.76475196165671,1426.2391374004437,842.0675610401735,63325.57373811204,53221.704386887955,-0.015017142976979167,63211.49609375
2024-08-09,62783.24609375,62868.89854408254,62098.0264910897,62354.98384208731,4527500,60830.36484375,58573.4228515625,72.57148069242747,1529.9479124606805,979.643631324275,63954.88142286321,53191.96428026179,0.008219214083305825,63382.80859375
2024-08-12,62526.2890625,63725.423373287675,62354.984160958906,62783.24641481165,5804000,61327.149609375,58864.6412109375,70.52028393742663,1573.2679256137417,1098.3684901821684,64446.32046031697,53282.96196155803,-0.004101162630403814,63211.49609375
2024-08-13,63211.49609375,63725.410696138206,62269.31932270494,62354.97175643631,6734400,61849.628515625,59194.4029296875,73.03371966823502,1643.939517607003,1207.4826956671354,64991.89806233902,53396.90779703598,0.010899091524077273,63211.49609375
2024-08-14,63382.80859375,63468.46103779561,62783.24148543074,63382.80859375,5456200,62055.19453125,59549.8607421875,73.33335866993002,1694.2405994523506,1304.8342764241784,65463.928974256756,53635.79251011824,0.0027064820174259228,65095.84375
2024-08-15,63211.49609375,63896.71556360095,63125.84366001863,63382.800961212735,4255800,62354.978125,59888.1876953125,72.2222109615183,1700.6767393659175,1384.0027690125262,65828.50149800823,53947.87389261677,-0.002706482017425985,64753.24609375
2024-08-16,63211.49609375,63468.4533949441,62697.58149136179,63382.800961212735,7392900,62551.978515625,60252.21015625,69.87950714912893,1686.338367624514,1444.4698887349239,66062.36418178087,54442.056130719146,0.0,64496.28515625
2024-08-19,65095.84375,65095.84375,63211.490378289476,63382.79523026316,7917900,63117.28359375,60706.167578125,72.67757070717266,1806.205400888386,1516.8169911656164,66541.6241765635,54870.7109796865,0.029374518261845332,63554.11328125
2024-08-20,64753.24609375,65267.1607452877,64496.288767981154,65095.8558614418,4177300,63365.675,61121.58203125,63.51354141340746,1852.2050537915493,1583.894603690803,66861.9135082507,55381.2505542493,-0.005276871045329714,64153.68359375
2024-08-21,64496.28515625,65181.504653261945,64324.98028199701,64410.6327191235,3991000,63494.15390625,61536.99609375,68.11599902442958,1846.638609584159,1636.4434048694743,66968.21631455557,56105.77587294443,-0.003976204378694926,62868.89453125
2024-08-22,63554.11328125,65095.85726920485,63040.19861859838,65095.85726920485,6025900,63622.63203125,61905.3015625,59.85406756939847,1746.0741107369467,1658.369546042969,66779.7309352609,57030.87218973909,-0.014715907007456772,62954.54296875
2024-08-23,64153.68359375,64753.25073014019,63725.4213534713,64153.68359375001,3307600,63759.67578125,62295.0203125,72.35782064325906,1695.2149515462588,1665.7386271436271,66503.27942973863,58086.76119526137,0.00938979032472776,63297.16015625
2024-08-26,62868.89453125,64239.33364909741,62783.24208638454,64153.68120423195,6324800,63793.936328125,62560.54296875,53.33332175085392,1533.5590474618584,1639.3027112072734,66132.47946414314,58988.606473356864,-0.02022999214948321,62954.54296875
2024-08-27,62954.54296875,63211.500286989794,62183.67101403061,62868.890529336735,4265800,63768.241015625,62808.934765625,48.421072844757234,1396.2614589631266,1590.6944607584442,65659.79835318151,59958.071178068494,0.00136140694341802,63297.16015625
2024-08-28,63297.16015625,63382.81260571719,62697.593009979704,63040.20280784844,3352800,63759.676171875,62907.4353515625,56.81818181818182,1300.1115973591222,1532.57788807858,65677.72456985897,60137.146133266026,0.005427539115787233,63639.76953125
2024-08-29,62954.54296875,63382.805165816324,62868.890529336735,63125.84784757653,2042900,63733.980859375,63044.4794921875,51.162736434388066,1182.6331370157131,1462.5889378660065,65507.85580474028,60581.10317963472,-0.0054275391157871606,63982.37109375
2024-08-30,63297.16015625,64068.03220145467,62868.89790891408,63040.20280784844,3675800,63742.547265625,63147.262890625,55.17240294749622,1104.4455931624398,1390.9602689252931,65460.87725730705,60833.64852394295,0.005427539115787233,64581.94140625
2024-09-04,63639.76953125,63811.07442904609,62611.94014447342,62783.24504226951,2839100,63596.93984375,63357.11171875,53.01211902757662,1057.9319338111527,1324.3546019024652,64883.34472191981,61830.878715580184,0.005398117124832875,64068.02734375
2024-09-05,63982.37109375,64581.93815888555,63468.45646649096,63639.761342243975,5857500,63519.85234375,63442.763671875,54.11761360404936,1036.7634429084428,1266.8363701036608,64902.79601476389,61982.73132898611,0.005369011737556355,64153.68359375
2024-09-06,64581.94140625,64667.59384843335,64068.02675314987,64153.67919533322,3641800,63528.41796875,63511.2859375,58.88893055347232,1056.1924457008136,1224.7075852230914,65052.022863090024,61970.54901190997,0.009327233157996025,63896.73046875
2024-09-09,64068.02734375,64324.98467266878,63554.112685912434,64324.98467266878,2638800,63579.809375,63601.220703125,55.208375890857646,1018.382224148394,1183.442513008152,65043.56018048274,62158.88122576726,-0.00798938081515017,63982.37109375
2024-09-10,64153.68359375,64667.59828208445,63639.768905415556,64068.031145694265,3332400,63579.809375,63669.742578125,42.66680611895564,983.9863129703081,1143.5512730005833,65078.27730647529,62261.207849774706,0.0013360648850429062,62440.62890625
2024-09-11,63896.73046875,64324.99273730731,63297.16329276977,64068.03537617293,3165200,63682.59296875,63738.2646484375,43.24332985743903,925.3267450903732,1099.9063674185413,65042.02358339594,62434.50571347906,-0.004013317282421757,61584.10546875
2024-09-12,63982.37109375,64410.633283132534,63725.413780120485,64239.32840737952,2052100,63785.37578125,63776.8083984375,45.833338611784285,875.655090824439,1055.0561120997208,65060.42011177674,62493.19668509826,0.0013394000545330648,62868.89453125
2024-09-13,62440.62890625,64068.02527006173,62440.62890625,64068.02527006173,5347100,63699.72265625,63729.6994140625,41.77213728383431,703.77159641865,984.7992089635068,65137.3577949075,62322.04103321751,-0.024391425989949204,62783.24609375
2024-09-16,61584.10546875,62526.2823257128,61584.10546875,62526.2823257128,4034700,63562.67890625,63648.3298828125,31.707281803943914,492.7581958566443,886.3910063421342,65341.334296720815,61955.32546890418,-0.013812358626002512,62783.24609375
2024-09-17,62868.89453125,62868.89453125,61412.80296853713,61669.76030313352,2390300,63519.85234375,63631.1998046875,50.0,424.30912409602024,793.9746298929115,65349.557690188674,61912.84191918633,0.020647709694357308,62269.33203125
2024-09-18,62783.24609375,63297.16079574523,62526.28874275239,63040.20344474762,2845300,63434.2,63515.569921875,48.78054477824446,359.01314836794336,706.9823335879179,65126.847209979846,61904.29263377016,-0.001363262899281743,62440.62890625
2024-09-19,62783.24609375,62954.550994415076,62526.28874275239,62783.24609375,1572700,63314.2875,63417.069921875,46.15384615384615,303.764014696455,626.3386698096253,64948.66212772413,61885.477716025875,0.0,62307.6796875
2024-09-20,62269.33203125,63382.81389700826,62269.33203125,62954.55164094739,5232400,63083.0265625,63305.722265625,45.00005130666678,216.01996464389958,544.2749287764802,64830.74585379506,61780.698677454944,-0.00821921408330577,61687.26953125
2024-09-23,62440.62890625,62697.586226851854,62183.671585648146,62611.933786651236,2930300,62920.28671875,63250.048046875,43.58966263228673,158.47756828199635,467.1154566775835,64817.59769604285,61682.49839770715,0.0027471259142327403,62662.20703125
2024-09-24,62307.6796875,62928.09755067567,62130.41744087838,62928.09755067567,2076500,62735.686328125,63157.7478515625,39.70755034174863,100.98284635136952,393.88893461234073,64718.64306969588,61596.85263342912,-0.002131480107158996,62928.09765625
2024-09-25,61687.26953125,62396.31860632184,61687.26953125,62307.687471937854,4520500,62514.740234375,63098.6666015625,32.99674836463231,5.294913897443621,316.1701304693613,64789.62891290339,61407.70429022161,-0.010007106540805328,62130.421875
2024-09-26,62662.20703125,63016.73154062058,61687.2646304809,61687.2646304809,3984100,62382.723828125,63084.0498046875,36.52699798227915,8.038187172598555,254.54374181000878,64785.28041978244,61382.81918959256,0.015680926116761324,62130.421875
2024-09-27,62928.09765625,63105.35990316902,62662.20428587148,62750.83540933099,2968700,62431.470703125,63065.5966796875,41.71123176920901,31.306520226673456,209.89629749334173,64765.099784868,61366.093574507,0.0042342603264378526,62130.421875
2024-09-30,62130.421875,62928.1020417261,62130.421875,62928.1020417261,2043500,62486.10234375,63024.390625,36.66866911387336,-14.452329819017905,165.0265720308698,64774.442445659064,61274.338804340936,-0.012757013310503662,62307.6796875
2024-10-01,62130.421875,62662.208652817404,62130.421875,62219.05300463623,2040200,62412.255078125,62966.0537109375,37.95384057164078,-50.13858179419185,121.99354126585746,64755.16990140192,61176.93752047308,0.0,60712.32421875
2024-10-02,62130.421875,62219.05300463623,61687.26622681883,62219.05300463623,2139900,62346.97265625,62890.586328125,37.22049318595583,-77.52651617025549,82.08952977863487,64687.36300759625,61093.80964865375,0.0,59471.484375
2024-10-03,62307.6796875,62484.94193412162,61953.15519425676,62219.04856418919,2948000,62299.416015625,62806.8517578125,48.869727970903504,-83.96058209258626,48.87950740439065,64544.51426410388,61069.18925152113,0.002848933408109689,60446.43359375
2024-10-04,60712.32421875,62484.946823677004,60623.69308850365,62484.946823677004,6134000,62143.715234375,62613.3708984375,43.4156737977002,-215.3095248996251,-3.9582990564125,64380.31251278419,60846.4292840908,-0.02593797529670337,60091.90234375
2024-10-07,59471.484375,61421.36910860656,59471.484375,60889.5823630775,5986300,61846.80078125,62383.54375,24.168800612533047,-414.7489459746648,-86.11642844006298,64512.487538757036,60254.59996124296,-0.02064976889102462,60003.27734375
2024-10-08,60446.43359375,60446.43359375,59560.12225073314,59560.12225073314,2887600,61660.676171875,62198.18125,34.349207445522666,-488.5046920907189,-166.59408117019416,64323.751064743425,60072.61143525658,0.016260634227469057,60003.27734375
2024-10-09,60091.90234375,60800.95133895649,60091.90234375,60535.05796575406,3527900,61501.139453125,62007.93984375,32.79193694859241,-569.0052231834561,-247.07630957284658,64174.10205552906,59841.77763197094,-0.005882481611842938,59560.1171875
2024-10-10,60003.27734375,60978.21981166913,60003.27734375,60535.06414443316,2622600,61235.246484375,61808.98515625,34.67788455443285,-632.6608504135729,-324.1932177409919,63942.27333137597,59675.69698112403,-0.0014759129603436512,59205.58984375
2024-10-11,60003.27734375,60446.433010985966,59826.01507685561,60357.801877538775,2370000,60942.764453125,61687.117578125,33.12883004289432,-675.3236825692074,-394.419310706635,63943.404016005516,59430.83114024448,0.0,59826.01171875
2024-10-14,59560.1171875,60357.79732840402,59471.48606073289,60357.79732840402,2820500,60685.733984375,61585.9181640625,31.764690632113286,-736.4047893712705,-462.8164064395621,64034.983638474114,59136.85268965089,-0.0074130077585853795,59914.640625
2024-10-15,59205.58984375,59737.376578873496,59116.958721229414,59560.11433383233,3073300,60393.25078125,61402.7529296875,32.926767655051435,-804.1496635538351,-531.0830578624168,63991.7609720947,58813.7448872803,-0.005970214898896715,59737.3828125
2024-10-16,59826.01171875,60357.79848958333,59205.593819444446,59205.593819444446,2003900,60162.809765625,61254.8912109375,29.487204117103303,-798.5696898956885,-584.5803842690711,63849.71043271669,58660.071989158314,0.010424584486541967,59648.75
2024-10-17,59914.640625,60180.53400055473,59648.74724944527,59914.640625,1655000,59923.505859375,61111.4609375,27.63161175799941,-778.0272941960575,-623.2697662544684,63667.40840375311,58555.51347124689,0.0014803480806318712,59648.75
2024-10-18,59737.3828125,60269.169603115726,59737.3828125,59914.64507603857,1597500,59826.01171875,60984.8634765625,30.434815934265984,-767.2066410787229,-652.0571412193194,63550.137947163734,58419.58900596127,-0.0029628908409949106,59648.75
2024-10-21,59648.75,60180.536775631495,59560.11887072808,59737.38112927191,1860000,59843.73828125,60845.26953125,30.000025184603132,-757.0562495642444,-673.0569628883045,63380.67042822584,58309.86863427416,-0.0014848094447109687,60623.69140625
2024-10-22,59648.75,60091.905646359584,59560.11887072808,59648.75,2250400,59763.969921875,60712.323046875,30.000025184603132,-740.476241972392,-686.540818705122,63203.30654675651,58221.339546993484,0.0,60269.1640625
2024-10-23,59648.75,59914.64338781575,59560.11887072808,59648.75,1635900,59719.6546875,60610.3970703125,27.94125844030762,-719.0477318423436,-693.0422013325664,63100.23465406301,58120.55948656199,0.0,59560.1171875
2024-10-24,60623.69140625,61155.478172971496,59648.74900059393,59648.74900059393,4365000,59781.69609375,60508.4712890625,49.18031484002231,-616.2916333006506,-677.6920877261832,62803.96382856435,58212.97874956065,0.016212571222969045,59382.85546875
2024-10-25,60269.1640625,60800.95080422794,60180.53293887868,60800.95080422794,2170200,59808.284765625,60375.524609375,58.82349382805667,-557.042835559434,-653.5622372928334,62369.10843829446,58381.940780455545,-0.005865166451594392,58762.4375
2024-10-28,59560.1171875,60269.16620163691,59116.961553664434,60003.272821335566,2923300,59808.284765625,60247.009375,39.583289336801634,-560.836914701671,-635.017172774601,62089.958375370144,58404.06037462986,-0.011834422153945978,58585.17578125
2024-10-29,59382.85546875,59648.7488514459,59205.5932136194,59648.7488514459,2030600,59826.011328125,60109.6310546875,41.304372820296635,-571.5587159276329,-622.3254814052074,61761.12180747188,58458.14030190313,-0.002980619132436968,58319.28125
2024-10-30,58762.4375,59648.748774509804,58762.4375,59382.85539215687,3431700,59719.65390625,59941.2318359375,36.538433829805086,-622.9375295983627,-622.4478910438385,61400.822413199254,58481.64125867574,-0.010502723488968264,58142.01953125
2024-10-31,58585.17578125,59028.33142256051,57876.12675515318,59028.33142256051,5170700,59586.707421875,59755.106640625,35.185164025275085,-670.2331186754527,-632.0049365701614,60847.22027704282,58662.99300420719,-0.0030211411825102424,58053.38671875
2024-11-01,58319.28125,58762.436882598784,58142.01899696049,58585.174629559275,2178000,59444.897265625,59635.4544921875,36.53846479830624,-720.8610428819957,-649.7761578325283,60807.441491712496,58463.4674926625,-0.004548928184767774,58319.28125
2024-11-04,58142.01953125,59028.330804592224,58142.01953125,58407.912913252665,2118800,59294.22421875,59568.98125,38.000031732655906,-766.4523907745097,-673.1114044209246,60917.62323348566,58220.33926651433,-0.003044133191841202,58407.9140625
2024-11-05,58053.38671875,58496.54234255725,58053.38671875,58230.6489682729,1060900,59134.687890625,59449.32890625,27.272672636576715,-800.5080313937142,-698.5907298154825,60891.56676520034,58007.091047299655,-0.0015255823367000124,58230.6484375
2024-11-06,58319.28125,58496.54350303952,57876.125617401216,58496.54350303952,2594600,59001.741015625,59360.6978515625,30.43479094009888,-796.8562427034267,-718.2438323930713,60853.64516647289,57867.750536652115,0.004569715528541333,57787.49609375
2024-11-07,58407.9140625,58673.80744973444,58142.02067526555,58496.545191578145,1152300,58780.16328125,59280.9296875,33.33333333333333,-777.8437480862194,-730.163815531701,60799.57623514338,57762.28313985662,0.0015186320428035147,57521.6015625
2024-11-08,58230.6484375,58673.80405726788,58142.01731354642,58496.54180936073,1592400,58576.31171875,59192.2982421875,32.60868315509302,-768.2244503310067,-737.7759424915621,60740.06803023919,57644.528454135805,-0.0030395738369952854,57610.234375
2024-11-11,57787.49609375,58319.282867618866,57344.34044885928,58230.65173864072,2737600,58399.049609375,59103.6671875,29.41177995608247,-787.2844530118891,-747.6776445956275,60761.8289964699,57445.505378530106,-0.007639399867181929,57610.234375
2024-11-12,57521.6015625,58230.65058021957,57432.97043528505,57787.49494414484,1729600,58212.92421875,59019.4677734375,27.777786846310676,-814.4565607047552,-761.0334278174531,60820.68843351223,57218.24711336277,-0.00461186511622945,56458.02734375
2024-11-13,57610.234375,58142.02115384616,57344.34098557693,57698.86550480769,2770700,58097.70390625,58908.67890625,11.363729700113097,-819.3932690315996,-772.7053960602824,60772.50759379942,57044.85021870059,0.001539675438816557,56014.875
2024-11-14,57610.234375,57610.234375,57344.34098557693,57610.234375,1779900,58000.209765625,58793.45859375,12.50011018263875,-813.92324542407,-780.94896593304,60680.216177343085,56906.70101015692,0.0,55837.61328125
2024-11-15,56458.02734375,57521.60085729003,56458.02734375,57521.60085729003,3688300,57814.084375,58629.4908203125,11.111198168913248,-892.2760870230195,-803.2143901510359,60728.8563851104,56530.125255514606,-0.02020274883065872,56369.39453125
2024-11-18,56014.875,56901.18631329114,56014.875,56458.03065664557,3747000,57601.369921875,58447.7970703125,10.416756572622745,-978.8464366430126,-838.3407994494313,60790.62123948149,56104.97290114352,-0.007880202746396536,56635.2890625
2024-11-19,55837.61328125,56280.7689422123,55837.61328125,56103.50667782738,2733600,57379.792578125,58257.240234375,11.628007088585804,-1049.6577999590445,-880.604199551354,60800.19551825905,55714.28495049095,-0.003169565020385753,56989.81640625
2024-11-20,56369.39453125,56546.656778203615,55748.97666691234,55837.60779038915,2818000,57184.80390625,58093.2724609375,23.404225391734883,-1050.7535797655219,-914.6340755941876,60680.95200839909,55505.59291347591,0.009478645618300507,56989.81640625
2024-11-21,56635.2890625,56812.55131308685,56192.13343603286,56458.02681191314,2253500,57007.54140625,57893.85234375,29.787230052231322,-1018.4267371806709,-935.3926079114843,60266.225516233106,55521.47917126689,0.004705911533813495,57432.97265625
2024-11-22,56989.81640625,57432.972054821155,56635.29188739308,56635.29188739308,2176700,56883.458203125,57729.8849609375,36.73472508297431,-953.212052609284,-938.9564968510443,59851.01687786256,55608.75304401245,0.00624031973875663,57255.70703125
2024-11-25,56989.81640625,57255.70979539269,56901.18527653577,56989.81640625,2446600,56803.690234375,57601.369921875,37.50004590946653,-891.2551111062421,-929.4162197020839,59560.89897646283,55641.84086728717,0.0,57167.078125
2024-11-26,57432.97265625,57610.23491753472,57078.448133680555,57167.079264322914,1675600,56794.82734375,57503.87578125,40.00003525847548,-797.2050986909744,-902.9739954998621,59275.19089103037,55732.560671469626,0.007745982586494435,57255.70703125
2024-11-27,57255.70703125,57610.231532991485,57167.07590581463,57432.96928212074,1586400,56759.374609375,57428.5392578125,37.254886710584195,-728.5750807167133,-868.0942125432323,59099.81328047638,55757.265235148625,-0.003091251318666682,57167.078125
2024-11-28,57167.078125,57610.23376937984,57167.078125,57610.23376937984,1273300,56715.058984375,57357.634375,38.000031732655906,-673.5723858711644,-829.1898472088188,58940.27034457646,55774.99840542355,-0.0015491481675388328,56635.2890625
2024-11-29,57255.70703125,57432.96928212074,56989.813654943886,57167.07590581463,1105500,56794.826953125,57304.4556640625,43.47823170965393,-615.7329556688564,-786.4984689008264,58821.13929503634,55787.772033088666,0.0015491481675387597,56103.5
2024-12-02,57167.078125,57432.971511627904,56901.18473837209,57255.70925387597,1229100,56910.047265625,57255.70859375,45.45455456057055,-570.4703751750931,-743.2928501556797,58720.84000100858,55790.57718649142,-0.0015491481675388328,56989.81640625
2024-12-03,56635.2890625,57255.70693955399,56635.2890625,57255.70693955399,2425200,56989.81484375,57184.8037109375,38.77546798490359,-570.9290720796926,-708.8200945404824,58624.42922131116,55745.17820056384,-0.009345902839045569,56812.5546875
2024-12-04,56103.5,56635.28672985781,56103.5,56546.655608214845,2745800,56963.225390625,57074.0146484375,34.545397723903505,-607.204055300339,-688.4968866924537,58486.82608587413,55661.20321100087,-0.009434073420439403,56812.5546875
2024-12-05,56989.81640625,57344.340925106924,56014.873979393466,56280.76736853616,2218400,56998.678125,57003.109765625,55.76925358814366,-558.0016188031223,-662.3978331145875,58268.72161252701,55737.497918722984,0.01567439315919596,56635.2890625
2024-12-06,56812.5546875,57432.97260140405,56812.5546875,57167.07920973089,1677900,56980.951953125,56932.205078125,59.18365878448268,-527.2342444813403,-635.3651153879381,58059.59927444444,55804.81088180556,-0.003115257800065893,56901.18359375
2024-12-09,56812.5546875,57167.07920973089,56723.923556942274,57167.07920973089,1762700,56963.22578125,56883.4580078125,61.70210172250661,-497.12038432060945,-607.7161691744724,57937.033564844925,55829.882450780075,0.0,57255.70703125
2024-12-10,56635.2890625,57078.44468896713,56635.2890625,56812.55131308685,1711000,56883.457421875,56839.1423828125,53.488374476633645,-482.0025621511304,-582.573447769804,57853.53201468426,55824.75275094074,-0.0031250619386907438,56901.18359375
2024-12-11,56901.18359375,57255.70810212228,56635.2902124708,56635.2902124708,2024600,56848.005078125,56803.68984375,53.488374476633645,-443.4542481334429,-554.7496078425318,57752.01952724639,55855.36016025361,0.004683869617271647,57610.234375
2024-12-12,57255.70703125,57521.600407556114,56901.182529508515,56901.182529508515,2249800,56856.86796875,56785.9634765625,53.48832680437942,-379.91789600410266,-519.783265474846,57682.66322926795,55889.26372385705,0.00621118138931269,57255.70703125
2024-12-13,56901.18359375,57167.07697502921,56812.55246665693,56989.814720843075,1396700,56821.415625,56808.1212890625,48.93615225635121,-354.0902260052826,-486.6446575809333,57692.51805831909,55923.72451980592,-0.0062111813893127605,57344.33984375
2024-12-16,57610.234375,57787.49663461539,56901.18533653847,56901.18533653847,2387600,56865.73125,56887.8892578125,51.99998942247601,-273.2572002825036,-443.96716612124743,57758.7189851706,56017.059530454404,0.01238408982805535,56635.2890625
2024-12-17,57255.70703125,57610.231532991485,57167.07590581463,57521.600407556114,1204000,56927.773046875,56958.7939453125,50.0,-235.09382350216765,-402.1924975974315,57689.15748277543,56228.43040784957,-0.00617290843874245,57610.234375
2024-12-18,57344.33984375,57698.86435592156,57344.33984375,57610.23322787867,1614100,57051.85703125,57007.5412109375,51.92306551364949,-195.44418629818392,-360.84283533758196,57701.503869185035,56313.57855268997,0.0015468201381971928,57078.44140625
2024-12-19,56635.2890625,57167.07581426056,56635.2890625,57078.44468896713,2626900,57016.404296875,57007.5412109375,44.06781560168195,-218.71482703525544,-332.41723367711666,57701.503869185035,56313.57855268997,-0.0124418711447815,56989.81640625
2024-12-20,57610.234375,57610.234375,56723.92307692308,56723.92307692308,3799600,57096.172265625,57038.562109375,53.623180074425804,-156.6809186151877,-297.26997066473086,57782.83197709185,56294.29224165815,0.017067959445326807,57078.44140625
2024-12-23,57078.44140625,57610.22812742624,56989.81028605396,57344.33476683812,1347800,57122.7609375,57042.993359375,53.623145823259904,-148.71554720498534,-267.55908597278176,57787.09653079729,56298.89018795272,-0.00927374523088859,56989.12109375
2024-12-24,56989.81640625,57344.340925106924,56812.55414682154,57078.44753596423,1287000,57158.213671875,57020.835546875,57.812520444007696,-147.84990809779265,-243.61725039778395,57742.08443879135,56299.58665495865,-0.0015538944756816745,56989.12109375
2024-12-25,57078.44140625,57521.5970072302,57078.44140625,57078.44140625,1302500,57175.939453125,57011.972265625,50.90902680282836,-138.4170010126836,-222.57720052076388,57725.38253294398,56298.561998306024,0.0015538944756817226,56542.49609375
2024-12-26,56989.12109375,57346.419658601095,56989.12109375,57346.419658601095,1708800,57149.280859375,57003.0744140625,51.844313967105016,-136.5744121168027,-205.37664283997168,57712.76870086147,56293.38012726354,-0.0015660951947839396,56631.82421875
2024-12-27,56989.12109375,57257.09501738832,56899.79645253722,57078.44573496277,2443700,57158.074609375,56989.7451171875,51.844313967105016,-133.57438478109543,-191.01619122819645,57689.40390036591,56290.08633400909,0.0,56363.84765625
2024-12-30,56542.49609375,56899.79464726501,56542.49609375,56810.47000888626,1490800,57051.30078125,56958.516015625,49.08237282819223,-165.329925930826,-185.87893816872236,57680.255291890004,56236.77673935999,-0.007867892927831726,56274.52734375
2024-12-31,56631.82421875,56989.12279426262,56542.49957487184,56631.82421875,1641900,56988.9125,56958.3427734375,47.23992731173499,-181.19963137940795,-184.94307681085948,57680.41031444714,56236.27523242786,0.001578593859517056,55827.8984375
2025-01-02,56363.84765625,56989.12013421157,56363.84765625,56810.47085479397,1336600,56890.86328125,56971.36015625,40.69627567411619,-212.94525594591687,-190.54351263787098,57635.611458950116,56307.10885354988,-0.004743138572483321,55113.3046875
2025-01-03,56274.52734375,56542.50128348214,56185.202697172615,56453.17663690476,1776700,56854.787109375,56935.595703125,43.079934640184554,-242.5157245556111,-200.937955021419,57669.079808456365,56202.111597793635,-0.0015859662610046813,55113.3046875
2025-01-06,55827.8984375,56453.170900000005,55827.8984375,56274.521625,2103500,56676.553515625,56886.362890625,29.10704048383522,-298.5482753944816,-220.46001909603154,57771.19075671437,56001.53502453563,-0.007968271271537099,55202.62890625
2025-01-07,55113.3046875,56274.52504558347,55023.980044570504,55917.22647386548,2802100,56480.03984375,56801.400390625,26.84122119482923,-396.0507921440949,-255.57817370564425,57990.188972385055,55612.611808864945,-0.012882565047140896,54756.0078125
2025-01-08,55113.3046875,55470.60325921799,54666.68147285251,55381.27861628849,2053300,56292.388671875,56725.301171875,25.411970942692136,-467.92825350468775,-298.0481896654529,58133.47574203948,55317.126601710515,0.0,54845.328125
2025-01-09,55202.62890625,55291.95354849312,54756.005695034386,55202.62890625,1500000,56104.807421875,56640.3734375,31.71277021158201,-511.78440944525937,-340.79543362141425,58200.56107777602,55080.185797223974,0.0016194258682578346,55023.98046875
2025-01-10,54756.0078125,55291.955686684334,54756.0078125,55113.30639528955,1189800,55881.49609375,56515.3884765625,7.887122951651122,-575.9402381372201,-387.8243945245755,58257.87034622616,54772.90660689883,-0.008123482850550976,55113.3046875
2025-01-13,54845.328125,55291.95131820033,54577.35420907981,54666.67884771987,1101700,55667.116796875,56412.595703125,12.103201172017421,-612.5160876749433,-432.7627331546491,58296.10257701755,54529.08882923245,0.001629913203340574,55113.3046875
2025-01-14,55023.98046875,55202.6297559862,54756.0065378957,54845.3311815138,1147600,55515.265234375,56283.2830078125,17.628154822707273,-619.9406707153248,-470.1983206667843,58175.681630635176,54390.88438498982,0.0032520911160778773,55381.27734375
2025-01-15,55113.3046875,55649.25254507698,55113.3046875,55470.60325921799,1216400,55363.41328125,56176.162890625,17.647119350826586,-611.5672220778433,-498.4721009489961,58079.3079883878,54273.01779286219,0.0016220526628747433,55291.953125
2025-01-16,55113.3046875,55649.25254507698,55113.3046875,55470.60325921799,1216400,55238.358984375,56064.6111328125,18.181854323065394,-598.0374008139697,-518.3851609219909,57940.803821414374,54188.41844421062,0.0,55202.62890625
2025-01-17,55381.27734375,55559.92662550403,55381.27734375,55559.92662550403,889400,55149.033984375,56001.910546875,25.0,-559.2451363529472,-526.5571560081821,57881.614598101034,54122.20649564896,0.004850431155975387,55023.98046875
2025-01-20,55291.953125,55559.9270496769,55023.979200323105,55381.27776655897,1633600,55095.439453125,55885.996484375,28.12502135300862,-529.6047513182057,-527.1666750701868,57629.05655085728,54142.93641789271,-0.0016141977200302086,55381.27734375
2025-01-21,55202.62890625,55470.60283297937,55023.979621763756,55381.278190736244,1403900,55104.371875,55792.205859375,24.99993167027904,-507.47242435288354,-523.2278249267262,57465.580018080065,54118.83170066993,-0.0016168075676873982,55559.92578125
2025-01-22,55023.98046875,55381.27904322241,55023.98046875,55381.27904322241,1760900,55095.439453125,55693.9140625,25.806415208258684,-498.6002780199051,-518.3023155453619,57300.71105871789,54087.11706628211,-0.0032414785311325007,55559.92578125
2025-01-23,55381.27734375,55649.25126638105,55023.97878024193,55023.97878024193,1781300,55113.304296875,55609.055859375,35.29402685599629,-457.4647969553771,-506.134811827365,57081.63621179459,54136.475506955416,0.0064724838188500375,55559.92578125
2025-01-24,55559.92578125,55827.89969980909,55202.62722317122,55291.95186269092,1576400,55193.69609375,55537.59609375,45.16129032258065,-405.77171225291386,-486.0621919124748,56859.16175211136,54216.03043538864,0.0032205995046649736,55559.92578125
2025-01-27,55559.92578125,55559.92578125,55559.92578125,55559.92578125,0,55265.155859375,55466.136328125,60.869565217391305,-360.64725315835676,-460.97920416165124,56598.20372678025,54334.06892946975,0.0,55559.92578125
2025-01-28,55559.92578125,55559.92578125,55559.92578125,55559.92578125,0,55318.750390625,55417.0078125,60.869565217391305,-321.18339200839546,-433.0200417310001,56431.581897079515,54402.433727920485,0.0,55559.92578125
2025-01-29,55559.92578125,55559.92578125,55559.92578125,55559.92578125,0,55363.4125,55363.412890625,59.09090909090909,-286.60420287941815,-403.73687396068374,56206.54752482718,54520.27825642281,0.0,54041.41015625
2025-01-30,55559.92578125,55559.92578125,55559.92578125,55559.92578125,0,55408.074609375,55323.216796875,76.47058823529412,-256.2461008224709,-374.2387193330412,56031.37885548558,54615.05473826442,0.0,53773.4375
2025-01-31,55559.92578125,55559.92578125,55559.92578125,55559.92578125,0,55425.939453125,55287.48671875,75.00006832972096,-229.54107954341453,-345.29919137511587,55850.86015720537,54724.11328029463,0.0,54934.65625
2025-02-03,54041.41015625,55559.92911931818,54041.41015625,55559.92911931818,7279900,55300.88515625,55198.1623046875,32.25801901032335,-327.1376388883873,-341.6668808777702,55939.24056646745,54457.084042907554,-0.027711574627838735,54220.05859375
2025-02-04,53773.4375,54398.71002906976,53594.78820598006,54130.73608803986,7125000,55157.966015625,55131.1689453125,27.272691131336373,-421.2508515360023,-357.58367500941665,56108.982128716474,54153.355761908526,-0.004970988948031486,54309.3828125
2025-02-05,54934.65625,54934.65625,53952.08516260163,53952.08516260163,3198100,55149.03359375,55122.2365234375,47.826091089892046,-397.5528602880004,-365.5775120651334,56103.99282263155,54140.48022424345,0.02136479225941647,54130.734375
2025-02-06,54220.05859375,55023.98038509061,54041.40930678543,54934.65574160832,3024800,55032.91171875,55073.1080078125,37.25489187288848,-431.46048234112095,-378.75410612033096,56133.14332578766,54013.07268983734,-0.013093486001499658,53952.08203125
2025-02-07,54309.3828125,54666.68138363487,54130.73352693256,54220.05816971628,2552300,54907.857421875,55050.7767578125,39.215671142666054,-445.98377581760724,-392.20004005978626,56156.76101614641,53944.792499478586,0.001646083086062637,54488.03515625
2025-02-10,54130.734375,54666.682240099006,54130.734375,54666.682240099006,2592100,54764.93828125,55015.0470703125,38.46152552336372,-466.53114576849475,-407.066261201528,56192.818582204105,53837.2755584209,-0.003294880229829942,54220.05859375
2025-02-11,53952.08203125,54220.055948623754,53684.10811387624,54130.73130949917,3433800,54604.15390625,54961.4521484375,38.46149317796496,-491.5643873024601,-423.96588642171446,56231.45494936331,53691.44934751169,-0.003305844765929828,53862.7578125
2025-02-12,54488.03515625,54488.03515625,54041.41191726435,54130.73656506148,2756600,54496.96484375,54930.188671875,40.740785731407875,-462.82135702505184,-431.73698054238196,56215.14823697659,53645.22910677342,0.009884856322714542,53594.78515625
2025-02-13,54220.05859375,54488.032524196875,53952.08466330313,54488.032524196875,2576800,54362.978125,54885.5263671875,36.36367250487401,-456.4046191208108,-436.6705082580678,56205.30976027842,53565.74297409658,-0.004930214413017477,53862.7578125
2025-02-14,53862.7578125,54220.05637178689,53862.7578125,54220.05637178689,6401800,54193.261328125,54809.600390625,33.89832644139581,-474.6786945477361,-444.2721455160015,56182.9309852076,53436.2697960424,-0.006611635312776619,54309.3828125
2025-02-17,53594.78515625,54130.7330078125,53594.78515625,53952.083723958334,3612400,54148.598828125,54724.7419921875,32.25809409477753,-504.9632824087457,-456.4103728945504,56179.87941143023,53269.604572944765,-0.0049875179412984215,54220.05859375
2025-02-18,53862.7578125,54041.40709214345,53594.78389303482,53952.08245232172,2436800,54157.530859375,54657.7484375,35.384626770176595,-501.5592201783802,-465.44014235131635,56143.30319215975,53172.19368284025,0.00498751794129839,54845.328125
2025-02-19,54309.3828125,54398.707455283715,53862.75959858141,53862.75959858141,3072700,54095.003515625,54622.0185546875,40.000024989082895,-457.54824013831967,-463.8617619087171,56104.85698721374,53139.18012216126,0.008257718398839306,56989.12109375
2025-02-20,54220.05859375,54398.70788071458,54130.73395026771,54398.70788071458,2627900,54095.003515625,54563.9576171875,39.436647478451754,-424.9780568147471,-456.0850208899231,56012.1523614922,53115.762872882806,-0.0016460830860626425,56185.19921875
2025-02-21,54845.328125,55470.60059548046,54130.73101587948,54309.38029315961,4717200,54148.598046875,54528.227734375,57.37700687148495,-344.7380012129215,-433.8156169545228,55906.53389325458,53149.92157549543,0.011466082878360654,56363.84765625
2025-02-24,56989.12109375,57078.44573496277,55023.978987068964,55023.978987068964,11512800,54434.43671875,54599.6875,71.95117073443888,-106.92839887573791,-368.43817333876586,56311.14564564209,52888.22935435791,0.038343383999433156,55559.92578125
2025-02-25,56185.19921875,57167.770270270266,55917.22529560811,57167.770270270266,3884200,54657.7484375,54630.951171875,58.97433166053406,16.477702942582255,-291.4549980824962,56436.522327189086,52825.380016560914,-0.014207028496884006,55559.92578125
2025-02-26,56363.84765625,56631.82157537639,56185.198376832406,56274.52301654121,3636600,54845.3296875,54671.147265625,66.66662617511543,127.22677256727184,-207.71864395254264,56595.672419194394,52746.6221120556,0.003174590856086099,56453.17578125
2025-02-27,55559.92578125,56453.17217644695,55559.92578125,56453.17217644695,3520600,54979.31640625,54671.147265625,58.74997471808617,148.41558896761853,-136.49179736851042,56595.672419194394,52746.6221120556,-0.014365771919042305,56721.1484375
2025-02-28,55559.92578125,56453.17217644695,55559.92578125,55649.2504207697,4175600,55149.033203125,54671.147265625,60.25637503595183,163.32516775458498,-76.52840434389134,56595.672419194394,52746.6221120556,0.0,56006.55078125
2025-03-03,56453.17578125,56453.17578125,55649.25397423853,56095.877200356015,3610600,55434.872265625,54791.735546875,66.27907213255133,244.40161645942135,-12.342400183228797,56847.856688043306,52735.6144057067,0.015949365262423524,56185.19921875
2025-03-04,56721.1484375,56989.12236712598,56185.20057824803,56453.17450787401,6042000,55720.711328125,54939.12109375,65.06021430253676,326.514583134609,55.42899648033876,57107.43430673833,52770.80788076167,0.004735582189512424,56006.55078125
2025-03-05,56006.55078125,56810.47256279904,56006.55078125,56810.47256279904,2275500,55890.428125,54992.7158203125,61.363629587150264,330.12219888429536,110.36763696113007,57212.93172775149,52772.49991287351,-0.012678467376217107,55827.8984375
2025-03-06,56185.19921875,56185.19921875,55559.92673141891,56006.5499366554,3125600,56086.9421875,55090.9728515625,65.11628616510667,343.43775952709984,156.98166147432403,57340.94980074515,52840.99590237986,0.003184700987237347,55738.578125
2025-03-07,56006.55078125,56274.52470843301,55738.57685406698,56185.20006603868,2655600,56203.064453125,55175.83125,65.88235657281149,335.70520080534334,192.7263693405279,57429.70572891121,52921.95677108879,-0.003184700987237436,55559.92578125
2025-03-10,55827.8984375,56274.521625,55827.8984375,56274.521625,2529500,56086.9421875,55260.689453125,63.09522198123944,311.56975899137615,216.49504727069757,57476.36134304162,53045.01756320838,-0.0031949456892183203,55381.27734375
2025-03-11,55738.578125,55827.902769431086,55470.60419170673,55649.25348056891,2287600,56042.280078125,55350.0142578125,60.000010932737425,281.98430518850364,229.5928988542588,57486.1718964546,53213.8566191704,-0.0016012037725982064,55470.60546875
2025-03-12,55559.92578125,56095.87361836817,55559.92578125,55827.89969980909,2755400,55961.887890625,55403.6087890625,59.259241262992404,241.33985321829823,231.9422897270667,57502.16279357964,53305.054784545355,-0.0032103306139021994,56274.52734375
2025-03-13,55381.27734375,56185.199111643145,55291.95270287298,55649.25126638105,5100400,55944.023046875,55461.6697265625,53.9473767493085,192.4944402419933,224.05271983005204,57485.26467777726,53438.07477534773,-0.003220599504665069,55827.8984375
2025-03-14,55470.60546875,56006.55334767512,55470.60546875,55738.579408212565,2696700,55935.091015625,55542.062109375,33.96231552578554,159.15746351991402,211.07366856802446,57420.76548841827,53663.35873033173,0.001611666704600501,55649.25390625
2025-03-17,56274.52734375,56631.825930059524,55738.579464285714,55738.579464285714,4062100,55917.226171875,55676.04921875,50.943432033123266,195.35550923885603,207.9300367021908,57339.95819989927,54012.140237600725,0.014388738458102209,55202.62890625
2025-03-18,55827.8984375,56363.8462625,55827.8984375,56363.8462625,3281900,55827.901171875,55774.30625,44.64285574837903,185.8610111213493,203.51623158602249,57202.795388607075,54345.81711139293,-0.007968271271537099,54756.0078125
2025-03-19,55649.25390625,56095.877131821835,55291.955325792536,56006.552486707464,3038400,55792.171484375,55841.2998046875,51.02044641183767,162.0533817714895,195.2236616231159,57095.56708706978,54587.03252230522,-0.0032050457052142938,54845.328125
2025-03-20,55202.62890625,55559.92747522249,54756.005695034386,55559.92747522249,3888200,55693.914453125,55890.4283203125,46.296320291279905,105.92571340026916,177.36407197854658,56937.11137251302,54843.74526811198,-0.008058093473668832,54845.328125
2025-03-21,54756.0078125,55202.63104098695,54666.683166802606,55202.63104098695,3325900,55568.86015625,55885.9623046875,30.612259468856905,25.11602029290225,146.91446164141772,56952.004396309356,54819.92021306564,-0.008123482850550976,54666.6796875
2025-03-24,54845.328125,55381.27595684039,54577.35420907981,54845.328125,2488900,55470.603125,55778.77265625,27.659538834002944,-31.357372686288727,111.26009477587644,56808.262569564264,54749.28274293574,0.001629913203340574,54577.35546875
2025-03-25,54845.328125,55113.30204092019,54666.67884771987,55113.30204092019,2323000,55381.278125,55711.7791015625,33.333295956457434,-75.24555951971706,73.95896391675774,56802.472599200024,54621.08560392497,0.0,53862.7578125
2025-03-26,54666.6796875,55291.95216758578,54666.6796875,54934.65360753676,1846000,55291.953515625,55626.920703125,28.205113829406713,-123.02454923799087,34.56226128580802,56766.974153584844,54486.86725266515,-0.003262630272988247,54130.734375
2025-03-27,54577.35546875,54934.65403155687,54577.35546875,54666.68010945172,2230500,55211.561328125,55577.7921875,28.947350250302094,-166.18182017978688,-5.586555007310963,56810.88889030725,54344.695484692755,-0.0016353156221035987,54309.3828125
2025-03-28,53862.7578125,54577.354931073794,53773.43317267827,54488.03029125207,5430100,55050.7765625,55492.9337890625,25.0,-255.1056281663332,-55.490369639115414,56945.30102303488,54040.566555090125,-0.013179772296045235,54041.41015625
2025-03-31,54130.734375,55023.98081683168,54130.734375,54309.38366336633,5301500,54836.397265625,55376.81171875,30.434799142113988,-300.4910439316809,-104.49050449762852,56876.5201901988,53877.10324730121,0.00496283816900943,50468.421875
2025-04-01,54309.3828125,54666.68138363487,53862.75959858141,54666.68138363487,3129300,54684.545703125,55256.2234375,34.78263349580325,-318.3738613383539,-147.2671758657736,56687.06262496745,53825.38425003254,0.0032948802298299433,52254.9140625
2025-04-02,54041.41015625,54845.331960227275,54041.41015625,54220.05944602273,4684400,54523.761328125,55157.96640625,34.0425809068866,-350.1331596759046,-187.8403726277998,56640.80649831981,53675.12631418019,-0.004946400395947803,48681.9296875
2025-04-03,50468.421875,53237.48573008849,50289.772594026545,53148.16108960177,16938200,54050.340625,54872.1275390625,17.44183149248107,-656.0503855423594,-281.4823752107118,57374.62791008871,52369.62716803629,-0.068402776138871,46448.81640625
2025-04-04,52254.9140625,52522.88798076923,48056.656009615384,48235.30528846154,9776600,53800.23125,54684.545703125,26.804093036004986,-745.7405687933715,-374.33401392724375,57383.70989712036,51985.381509129635,0.03478610417774091,49664.5
2025-04-08,48681.9296875,50825.72108658257,48681.9296875,50647.07180332569,13324100,53183.89140625,54327.247265625,19.696957649871322,-1092.536581952496,-517.9745275322942,58076.6883462531,50577.80618499691,-0.07082602787930575,51361.671875
2025-04-09,46448.81640625,49307.205108173075,45912.86852463942,45912.86852463942,9882600,52344.240234375,53862.7591796875,16.774178986570362,-1529.9323915420973,-720.366100334255,58941.91782018782,48783.60053918718,-0.046956923679129375,50825.71875
2025-04-10,49664.5,49664.5,49664.5,49664.5,1514300,51844.022265625,53567.987890625,33.333317659151916,-1598.6645210177958,-896.0257844709632,58909.91742103297,48226.05836021703,0.06693940825750062,50289.7734375
2025-04-11,51361.671875,52165.59369565217,49664.50358695652,49664.50358695652,9164400,51522.45390625,53367.0076171875,40.49999781345252,-1498.9091507093835,-1016.6024577186474,58724.12689562204,48009.88833875296,0.033601818770517225,50021.80078125
2025-04-14,50825.71875,51718.965125219685,50468.42019991213,51718.965125219685,5479700,51218.75,53134.76328125,39.024390764199,-1446.4257434796164,-1102.5671148708414,58510.600638398195,47758.92592410181,-0.010489709858245936,50021.80078125
2025-04-15,50289.7734375,51361.66914131883,50289.7734375,50647.07200543961,4163500,50834.65390625,52835.5255859375,37.91469773842685,-1431.5762528468404,-1168.3689424660413,58141.296317327964,47529.75485454704,-0.010600756023562481,50557.75
2025-04-16,50021.80078125,51093.69651227679,50021.80078125,50379.09935825893,3735600,50405.895703125,52545.220703125,37.73585567306753,-1425.0045133585154,-1219.6960566445362,57796.69524293766,47293.74616331234,-0.005342819027468444,50647.07421875
2025-04-17,50021.80078125,50557.74864676339,48949.90505022321,49575.17755998884,7219000,50003.934765625,52263.848046875,37.91469773842685,-1403.6163469405074,-1256.4801147037306,57417.17385175168,47110.52224199832,0.0,50021.80078125
2025-04-18,50557.75,51183.022526501765,50557.75,50647.07464664311,3037200,50012.867578125,52031.6041015625,41.14833657165408,-1328.1098247817717,-1270.8060567193388,57044.01470234916,47019.193500775844,0.010657321240144152,50379.09765625
2025-04-21,50647.07421875,51004.37280230379,50468.42492697311,50736.398864638446,3021400,49852.08359375,51826.157421875,40.57971167580122,-1246.6915597738553,-1265.9831573302422,56703.40029699919,46948.91454675081,0.0017652170760434538,50289.7734375
2025-04-22,50021.80078125,50557.74864676339,48145.98325195313,50557.74864676339,6955000,49986.070703125,51584.9810546875,38.6792474236395,-1218.57437212066,-1256.5014002883258,56308.21826190203,46861.74384747297,-0.01242253831618749,52076.265625
2025-04-23,50379.09765625,51183.01942736037,50379.09765625,50736.39622118794,3586000,50379.098828125,51361.66953125,40.37558097470299,-1154.156034248539,-1236.0323270803685,55852.46801073545,46870.87105176455,0.007117433984834886,51361.671875
2025-04-24,50289.7734375,50736.39664742451,50200.4487955151,50468.422721469804,1956400,50441.626171875,51142.82421875,49.425289956259,-1097.6586298986076,-1208.3575876440163,55374.59729140737,46911.05114609263,-0.0017746149573665446,51450.9921875
2025-04-25,52076.265625,52076.265625,50468.42208940823,50468.42208940823,8119700,50513.085546875,51017.7697265625,49.425289956259,-898.3731542124951,-1146.3607009577122,54960.11944773328,47075.42000539172,0.0349075456869,51450.9921875
2025-04-28,51361.671875,52076.26904891304,51361.671875,52076.26904891304,2664700,50566.680859375,50892.7154296875,60.56339633054194,-789.0045689403269,-1074.8894745542352,54607.17129333863,47178.25956603637,-0.013817079805091639,51450.9921875
2025-04-29,51450.9921875,51718.96610514323,51093.69363064236,51361.667548285586,2556000,50682.802734375,50758.7283203125,73.72880947642548,-687.2001587534105,-997.3516113940703,54161.65187955869,47355.804761066305,0.0017375356583975816,51450.9921875
2025-04-30,51450.9921875,51450.9921875,51450.9921875,51450.9921875,0,50825.721875,50615.8087890625,62.19512325196175,-599.6075278804346,-917.8027946913433,53605.898865280535,47625.71871284447,0.0,51450.9921875
2025-05-01,51450.9921875,51450.9921875,51450.9921875,51450.9921875,0,50968.641015625,50486.287890625,50.793613331982066,-524.147688559664,-839.0717734650075,53044.87742694629,47927.698354303706,0.0,50825.71875
2025-05-02,51450.9921875,51450.9921875,51450.9921875,51450.9921875,0,51057.965234375,50535.41640625,56.14037510491614,-459.05353879484755,-763.0681265309756,53130.04121181957,47940.79160068043,0.0,50825.71875
2025-05-05,51450.9921875,51450.9921875,51450.9921875,51450.9921875,0,51138.35703125,50495.2203125,62.74510812711152,-402.8224694486853,-691.0189951145176,53001.07292463455,47989.36770036545,0.0,51093.69140625
2025-05-06,50825.71875,51450.991212653775,50825.71875,51361.66657513181,4238300,51218.748828125,50602.409765625,58.18179216006501,-404.05558142022346,-633.6263123756588,52960.735531681785,48244.08399956822,-0.012227245516643514,51272.34375
2025-05-07,50825.71875,51272.34193760984,50825.71875,50915.04338752197,2502600,51263.4109375,50821.2548828125,58.18179216006501,-400.41707277775276,-586.9844644560776,52139.766195711076,49502.743569913924,0.0,51272.34375
2025-05-08,51093.69140625,51540.31458287806,50825.71750027317,50825.71750027317,2905500,51343.802734375,50892.714453125,55.76917416471629,-371.62649573276576,-543.9128707114153,52097.24561653777,49688.18328971223,0.005258532664993206,52344.2421875
2025-05-09,51272.34375,51629.64231271777,51093.694468641115,51093.694468641115,3262200,51263.410546875,50888.248046875,56.60375178946413,-330.5832470282039,-501.24694597477304,52086.10149112854,49690.39460262146,0.0034904648765421977,54101.37890625
2025-05-12,51272.34375,51272.34375,51272.34375,51272.34375,0,51254.477734375,50910.579296875,65.2173954377142,-294.65952514254604,-459.9294618083277,52120.120058158784,49701.03853559122,0.0,51974.31640625
2025-05-13,52344.2421875,52433.566832871154,51808.29431527304,51808.29431527304,5863100,51343.802734375,51013.302734375,70.37040936231347,-177.64864802251395,-403.473299051165,52343.767182715674,49682.838286034326,0.020690445781785975,52529.203125
2025-05-14,54101.37890625,54563.783854166664,53916.41692708333,54471.30286458333,4352200,51608.84140625,51217.281640625,79.35915820537338,56.22147712021979,-311.53434381688805,53059.999014263594,49374.5642669864,0.03301772922805197,51789.35546875
2025-05-15,51974.31640625,52714.164326623664,51881.83541620329,52714.164326623664,5034700,51661.173828125,51314.907421875,49.25387471132993,69.132156623833,-235.40104372874387,53096.8310455977,49532.98379815231,-0.040109992327677826,51789.35546875
2025-05-16,52529.203125,52714.16510783451,51974.31717649648,51974.31717649648,4092100,51768.994921875,51413.480078125,58.74921842251318,122.72399811100331,-163.77603536079445,53236.68381565805,49590.276340591954,0.010619583647212223,51696.87109375
2025-05-19,51789.35546875,52714.16538783482,51789.35546875,51974.31745256697,2795600,51802.83125,51470.594140625,52.3103627990541,104.29415777348186,-110.16199673393919,53264.03279133995,49677.155489910045,-0.01418462968028521,51234.46875
2025-05-20,51789.35546875,52714.16538783482,51789.35546875,51974.31745256697,2795600,51899.194921875,51558.971875,52.3103627990541,88.66628676518303,-70.39634003411476,53221.20876535656,49896.734984643444,0.0,50864.54296875
2025-05-21,51696.87109375,52066.79503717576,51604.39010789356,51881.83306546288,3224100,51986.31015625,51624.860546875,51.65793514706618,68.03411532830796,-42.710248961630214,53191.92190725813,50057.79918649187,-0.0017873760150274036,51511.91015625
2025-05-22,51234.46875,51789.35469314079,51234.46875,51789.35469314079,4464400,52000.387890625,51672.0953125,48.625704750901235,14.207194440969033,-31.326760281110367,53122.30850285315,50221.88212214685,-0.00898473594311199,51511.91015625
2025-05-23,50864.54296875,51419.42889204546,50864.54296875,51234.46691761364,2665200,51959.6078125,51611.5091796875,46.444703465189214,-57.63654885469441,-36.58871799582718,53091.56504418145,50131.45331519355,-0.0072464442854866026,51234.46875
2025-05-26,51511.91015625,51604.3911439632,50864.543242257634,51234.46719311042,2729200,51983.564453125,51619.02109375,54.148860642778764,-61.6257282304432,-41.596120042750385,53095.258000939684,50142.78418656032,0.012646967077944098,51049.5078125
2025-05-27,51511.91015625,51604.3911439632,50864.543242257634,51234.46719311042,2729200,51900.33125,51622.0669921875,54.148860642778764,-64.04886616608565,-46.08666926741744,53097.095032517456,50147.03895185755,0.0,50957.02734375
2025-05-28,51234.46875,51789.35469314079,51141.987759476535,51696.873702617326,3680800,51613.640234375,51611.2408203125,50.850196583926675,-87.3495124414112,-54.3392379022162,53094.70996621107,50127.77167441393,-0.005400522792457472,50494.62109375
2025-05-29,51049.5078125,51511.91277456974,50957.026820086045,51511.91277456974,3901700,51521.159375,51591.1666015625,48.655251651763784,-119.3642871592092,-67.3442477536148,53094.49891556477,50087.83428756023,-0.003616620028327524,50494.62109375
2025-05-30,50957.02734375,51326.95131720735,50957.02734375,51326.95131720735,2182300,51363.941796875,51566.468359375,48.11816438441751,-150.46417041777022,-83.96823228644588,53095.5080916483,50037.428627101704,-0.0018132268476011904,51326.9453125
2025-06-02,50494.62109375,51049.50703983516,50402.1401027358,50772.06406679258,2644100,51234.468359375,51518.6498046875,38.09522851736627,-210.0025926811213,-109.17510436538097,53120.95810143961,49916.34150793539,-0.009115858820187384,52621.68359375
2025-06-03,50494.62109375,51049.50703983516,50402.1401027358,50772.06406679258,2644100,51104.994921875,51502.094921875,20.00001299643118,-254.25631277141656,-138.1913460465881,53140.972040104585,49863.21780364542,0.0,52066.796875
2025-06-04,51326.9453125,51789.35022522522,50587.09745213964,50587.09745213964,4311900,51068.00234375,51527.15625,43.13720618403867,-219.6342889786756,-154.47993463300563,53137.565988483024,49916.746511516976,0.0163490464243374,51141.984375
2025-06-05,52621.68359375,53454.01250823814,51326.94972676846,51604.3926982645,8419300,51206.723828125,51603.555859375,50.847452773524104,-86.72185144614923,-140.92831799563436,53271.33743517536,49935.77428357465,0.024912406382837742,51141.984375
2025-06-06,52066.796875,52806.64478796625,52066.796875,52714.163798845475,2794700,51326.94921875,51643.278515625,52.63156334685209,-25.864359701903595,-117.9155263368882,53315.68214768594,49970.874883564065,-0.010600820885922794,51141.984375
2025-06-09,51141.984375,52066.79421903255,51141.984375,51234.46535940326,3035700,51289.956640625,51636.760546875,44.77608929320057,-51.66345466351777,-104.66511200221413,53316.25229971124,49957.268794038755,-0.017921677628127897,51049.5078125
2025-06-10,51141.984375,52066.79421903255,51141.984375,51234.46535940326,3035700,51252.9640625,51576.64765625,45.45453963658332,-71.28766348343197,-97.9896222984577,53235.45455775681,49917.84075474319,0.0,51696.87109375
2025-06-11,51141.984375,51881.83225022604,50957.02240619349,51326.94634380651,2999200,51243.715625,51428.6779296875,49.18029835533422,-85.85036083825253,-95.56177000641667,52593.69928319157,50263.656576183435,0.0,52066.796875
2025-06-12,51049.5078125,51419.43178215579,50957.026820086045,51141.98880491395,1720700,51243.715625,51382.4375,51.724165554266555,-103.65857758817583,-97.1811315227685,52529.54738469933,50235.32761530067,-0.0018098686253358227,52066.796875
2025-06-13,51696.87109375,51974.31405131932,51326.94715032424,51419.42813618068,3282700,51317.7,51340.8208984375,51.724130397420254,-64.78807451375178,-90.70252012096515,52366.7477883807,50314.8940084943,0.012601355971439562,51974.31640625
2025-06-16,52066.796875,52344.239842362345,51234.46797291297,51234.46797291297,4734300,51474.917578125,51354.69296875,54.83872066556893,-4.085902096303471,-73.37919651603282,52413.143434264355,50296.24250323565,0.007130190282024251,51789.35546875
2025-06-17,52066.796875,52344.239842362345,51234.46797291297,51234.46797291297,4734300,51632.13515625,51368.5650390625,57.627116217268785,43.51934298398555,-49.999488616029154,52457.825472900746,50279.30460522426,0.0,51881.83203125
2025-06-18,51974.31640625,52436.72135648354,51881.83541620329,52159.278386343416,3406400,51696.872265625,51382.4373046875,58.62068212156366,72.94359341174277,-25.41087221047477,52496.096087229336,50268.77852214566,-0.0017777682339237123,51696.87109375
2025-06-19,51789.35546875,52529.20340401786,51789.35546875,52066.79844447545,4098100,51613.639453125,51410.181640625,57.627116217268785,80.41079638606607,-4.2465384911666035,52535.90135746726,50284.46192378274,-0.0035650460330731034,51696.87109375
2025-06-20,51881.83203125,52159.27498328877,51511.908095198305,51789.351047237076,2628700,51595.14296875,51461.04609375,63.636349673227706,92.72185445556534,15.147140098179786,52574.82598914769,50347.266198352314,0.0017840364185613777,52159.27734375
2025-06-23,51696.87109375,52159.276023032195,51604.39010789356,51789.35207960644,3022700,51650.631640625,51470.294140625,61.40350357174615,86.55589235097432,29.428890548738693,52588.91336594497,50351.67491530503,-0.003571412433588835,52529.203125
2025-06-24,51696.87109375,52159.276023032195,51604.39010789356,51789.35207960644,3022700,51706.1203125,51479.5421875,54.1666923323991,80.738618424577,39.69083612390636,52602.659307415466,50356.42506758454,0.0,52159.27734375
2025-06-25,52159.27734375,52251.75833194814,51881.83437915559,51974.31536735372,2803800,51807.849609375,51525.7826171875,43.58971026547446,112.1479352238457,54.18225594389423,52682.07684809977,50369.488386275225,0.008904803663820937,53638.9765625
2025-06-26,52529.203125,53454.01303917253,52159.27915933099,52251.76015074824,6268200,51955.819140625,51599.7673828125,56.75679069565673,164.98808409537014,76.34342157418942,52815.5727489985,50383.962016626494,0.007067202031491684,53638.9765625
2025-06-27,52159.27734375,52714.16327293883,52066.796355551865,52529.20129654255,3118900,52002.059765625,51659.8798828125,67.74202338924715,174.9971061132892,96.07415848200938,52860.672091101944,50459.087674523056,-0.007067202031491753,53176.56640625
2025-06-30,53638.9765625,54286.343521012925,53546.49556842672,53731.457556573274,4487800,52159.277734375,51817.09765625,78.72349986070296,298.8833475818683,136.63599630198115,53186.97519299254,50447.22011950746,0.027973915570461826,53361.53125
2025-07-01,53638.9765625,54286.343521012925,53546.49556842672,53731.457556573274,4487800,52316.495703125,51974.3154296875,78.72349986070296,392.53913964320964,187.81662497022685,53424.51549842033,50524.11536095467,0.0,53176.56640625
2025-07-02,53176.56640625,54008.89527173914,52899.12345108696,54008.89527173914,4013600,52436.720703125,52066.796484375,72.5489530267932,424.5553843249654,235.1643768411746,53577.80141797114,50555.791550778864,-0.008658160265081873,53546.4921875
2025-07-03,53361.53125,53638.974220103984,52991.60728986136,53269.05025996534,3775700,52593.93828125,52103.7888671875,69.56519343763745,459.55612898360414,280.04272726966053,53705.496196446926,50502.08153792807,0.003472279563052689,53546.4921875
2025-07-04,53176.56640625,54008.89527173914,52991.60443614131,53361.5283763587,5293100,52723.41171875,52159.27734375,63.636293821019116,466.98622767361667,317.43142735045177,53830.952776304046,50487.601911195954,-0.0034722795630526783,54563.78125
2025-07-07,53546.4921875,53916.41614043609,53361.530211031946,53638.97317573402,3762300,52908.373828125,52279.502734375,66.6666080023935,496.9954986253433,353.3442416054301,53988.566264868954,50570.43920388104,0.0069324711575915075,55673.5546875
2025-07-08,53546.4921875,53916.41614043609,53361.530211031946,53638.97317573402,3762300,53093.3359375,52399.728125,68.08503372321353,514.8432693296927,385.6440471502827,54110.16036239391,50689.295887606095,0.0,55211.15234375
2025-07-09,54563.78125,54748.74322033898,53546.490413135594,53638.97139830508,7163100,53333.786328125,52570.81796875,76.7856051880698,604.1106699461525,429.3373717094567,54429.638731229774,50711.99720627023,0.01882002618987588,55766.0390625
2025-07-10,55673.5546875,56043.47863891196,54656.263821117114,54841.22579682309,9636900,53648.221484375,52802.0203125,80.59693400553132,755.6939996889996,494.60869730536535,54985.96987609892,50618.070748901075,0.020134937425814913,55766.0390625
2025-07-11,55211.15234375,56043.48127355528,55211.15234375,55951.00028135469,5246100,53953.408984375,52977.734375,77.14280887052395,828.9571736363723,561.4783925715667,55345.09236365894,50610.37638634106,-0.008340284905517274,55581.07421875
2025-07-14,55766.0390625,56228.44402985075,54841.229127798506,55488.59608208955,6083200,54166.115234375,53162.696484375,78.94732161961636,921.1747584397381,633.417665745201,55793.74348565793,50531.64948309208,0.010000097062409492,55581.07421875
2025-07-15,55766.0390625,56228.44402985075,54841.229127798506,55488.59608208955,6083200,54378.821484375,53347.65859375,77.46473845868292,982.9272848988985,703.3195895759405,56167.64801221543,50527.669175284565,0.0,55581.07421875
2025-07-16,55581.07421875,56598.36509463395,55581.07421875,56043.47916233361,6553200,54619.272265625,53527.996484375,73.91296097121123,1005.3524131372978,763.726154288212,56438.06098050767,50617.93198824233,-0.0033223135909417776,55488.59375
2025-07-17,55581.07421875,55673.55520746673,55118.669275166394,55488.59323003328,4961100,54841.2265625,53717.582421875,78.46146048315407,1011.4649504962872,813.273913529827,56644.72067094549,50790.444172804506,0.0,55488.59375
2025-07-18,55581.07421875,56043.47916233361,55303.63125259984,55766.03619618345,6357800,55081.67734375,53902.54453125,71.42847291362271,1004.7273093901313,851.5645927018879,56808.692627806544,50996.39643469346,0.0,55673.5546875
2025-07-21,55488.59375,56228.441666666666,55488.59375,55766.036718749994,5503300,55275.8875,54092.1306640625,69.99991552341692,980.6212875475321,877.3759316710168,56884.93187552799,51299.329452597005,-0.0016652699483654992,57060.76953125
2025-07-22,55488.59375,56228.441666666666,55488.59375,55766.036718749994,5503300,55470.09765625,54281.716796875,77.77775691934262,950.5596318298485,892.0126717027832,56899.17804529841,51664.25554845159,0.0,58910.390625
2025-07-23,55673.5546875,55673.5546875,55026.18777252907,55488.59271179402,4735100,55581.075,54457.4306640625,77.7777360608683,930.929182827902,899.795973927807,56943.50545259753,51971.35587552747,0.003327771382415094,58540.46484375
2025-07-24,57060.76953125,57060.76953125,55673.554712824145,55858.51668861426,9228600,55719.796484375,54684.008984375,86.2069040853274,1015.6013350163776,922.9570461455212,57254.70434054853,52113.313628201475,0.024611579051435357,58540.46484375
2025-07-25,58910.390625,59187.83359497645,57430.69478512559,57430.69478512559,13421100,56089.7203125,55021.5646484375,89.18919381721044,1217.9142328419184,981.9484834848007,57945.13167685812,52097.99762001689,0.03190065434272222,58447.98828125
2025-07-28,58540.46484375,59095.35076643957,58263.02188240521,58540.46484375,8462700,56367.162890625,55266.6390625,84.61536795329516,1333.0323755645877,1052.1652619007582,58506.82389174911,52026.454233250886,-0.006299264539481941,58170.54296875
2025-07-29,58540.46484375,59095.35076643957,58263.02188240521,58540.46484375,8462700,56644.60546875,55511.7134765625,82.08953906577526,1408.0334004833203,1123.3388896172708,58967.80527206812,52055.62168105688,0.0,56598.3671875
2025-07-30,58447.98828125,59372.798222409016,58078.06430478639,58540.4692753659,10714200,56931.296875,55775.2845703125,76.785761426814,1443.3718748443353,1187.3454866626837,59285.15376354189,52265.4153770831,-0.0015809522955670143,55858.515625
2025-07-31,58170.54296875,58725.4289112182,58078.06197833863,58263.023959161364,6078500,57190.24375,56015.73515625,79.62960065954455,1432.4776417956236,1236.3719176892719,59488.057035215315,52543.41327728468,-0.00475817750367142,55858.515625
2025-08-01,56598.3671875,58725.430006638075,55858.5192504085,58263.02504595588,10570300,57291.973046875,56186.8251953125,56.923068925273114,1282.2020106543787,1245.5379362822932,59397.46494830008,52976.18544232492,-0.027398955534868673,55581.07421875
2025-08-04,55858.515625,56228.43956953642,55303.62970819536,55303.62970819536,3746300,57328.965234375,56302.4263671875,50.684898217077496,1090.8332062200207,1214.596990269839,59270.081559759295,53334.77117461571,-0.013158149480925335,56690.84765625
2025-08-05,55858.515625,56228.43956953642,55303.62970819536,55303.62970819536,3746300,57365.957421875,56418.0275390625,52.11266348788025,928.4692345837611,1157.3714391326234,59100.043799461986,53736.01127866302,0.0,56320.92578125
2025-08-06,55581.07421875,56875.80806078411,55488.59323003328,55950.99817361689,9564600,57356.709375,56468.8921875,50.0,768.5480707281822,1079.606765451735,59039.09679171022,53898.687583289786,-0.004979235473692652,56875.8046875
2025-08-07,56690.84765625,57060.7716213805,55858.51873470636,55858.51873470636,5377500,57319.7171875,56519.7568359375,56.97675218141687,723.0242641948571,1008.2902652003595,59063.820260032255,53975.693411842745,0.019770029146211766,56875.8046875
2025-08-08,56320.92578125,57338.216723111655,56228.4447865353,57245.73572839696,4741600,57060.770703125,56575.2455078125,55.05619843888743,649.608434128073,936.5538989859023,59046.50076395622,54103.99025166878,-0.006546631115231471,57153.25
2025-08-11,56875.8046875,57430.69058689024,56320.91878810975,56413.399771341465,5787800,56894.3046875,56630.7337890625,57.89472046154612,628.9498084019215,875.0330808691061,59075.17663084715,54186.29094727785,0.009803875930681143,56505.88671875
2025-08-12,56875.8046875,57430.69058689024,56320.91878810975,56413.399771341465,5787800,56727.838671875,56686.2220703125,56.98923510277566,605.5967562415171,821.1458159435884,59098.18622384151,54274.257916783485,0.0,57060.76953125
2025-08-13,57153.25,57708.1359223301,56783.326051779935,57430.69296116505,5207000,56598.36484375,56764.830859375,50.61728073171558,602.5312074692265,777.4228942487161,59127.10626107454,54402.55545767545,0.0048662309927400525,56135.9609375
2025-08-14,56505.88671875,57430.69664868044,56228.44373977087,57338.215655687396,6210800,56431.89921875,56811.071484375,30.88234289309878,541.6214564229012,730.2626066835531,59111.16976487189,54510.973203878115,-0.011391434078002449,56135.9609375
2025-08-15,57060.76953125,57523.17447072528,56413.402615984596,56690.84557966977,6534600,56478.139453125,56885.05625,38.57140960720613,531.9919731937553,690.6084799855936,59112.6170309069,54657.495469093104,0.009772009609085794,55951.0
2025-08-18,56135.9609375,56690.846877574135,56043.47994748764,56505.88489754942,4775600,56505.883984375,56917.424609375,33.749980860683195,444.6110147727013,641.4089869430152,59077.332524787606,54757.51669396239,-0.01634020995146388,55488.59375
2025-08-19,56135.9609375,56690.846877574135,56043.47994748764,56505.88489754942,4775600,56533.628515625,56949.79296875,34.17717593604989,371.0833577217636,587.3438610987649,59037.74760107273,54861.83833642727,0.0,55581.07421875
2025-08-20,55951.0,56598.36694214876,55858.51900826446,56228.44297520661,5257700,56570.62109375,56963.665234375,34.615361704962,294.492630172208,528.7736149134536,59019.35508121246,54907.975387537546,-0.003300314395840159,54286.33984375
2025-08-21,55488.59375,56320.92265625,55118.66979166667,55950.998697916664,6338200,56450.395703125,56885.0564453125,40.9090618192244,194.24250026674417,461.86739198411175,59042.816411990534,54727.29647863446,-0.00829882608654631,54286.33984375
2025-08-22,55581.07421875,56320.92212848378,55118.669275166394,55581.07421875,5810000,56376.410546875,56718.590625,47.45763439905672,120.86272077936155,393.6664577431617,58726.98522198412,54710.196028015875,0.0016652699483655268,55211.15234375
2025-08-25,54286.33984375,55118.668734028965,54286.33984375,54471.30181936755,3360400,56117.4640625,56505.884375,38.35614694601167,-41.28956623529666,306.67525294747,58601.07040064823,54410.69834935178,-0.02357012452479068,55951.0
2025-08-26,54286.33984375,55118.668734028965,54286.33984375,54471.30181936755,3360400,55858.517578125,56293.178125,39.99997586371689,-167.8614199791482,211.7679183621464,58382.426418749455,54203.92983125054,0.0,56413.40234375
2025-08-27,55211.15234375,55581.076312552344,54101.38043734297,54193.861429543555,2990300,55664.3078125,56131.336328125,38.23527584840357,-191.3402350778415,131.14628767414882,58008.47133400569,54254.201322244306,0.016892341053322983,56413.40234375
2025-08-28,55951.0,56598.36694214876,55026.19008264463,55211.152066115705,4849200,55608.819140625,56020.3591796875,47.222204296943524,-148.53561637934763,75.20990686344953,57633.796772465816,54406.92158690918,0.013311339609648434,56413.40234375
2025-08-29,56413.40234375,56875.80728099385,56135.959381403685,56413.40234375,3661100,55544.082421875,56011.1109375,46.47888999740025,-76.41972397876816,44.883980695005995,57612.67518499474,54409.54669000526,0.008230452783565325,56875.8046875
2025-09-01,56413.40234375,56413.40234375,56413.40234375,56413.40234375,0,55571.8265625,56038.8552734375,46.47888999740025,-19.047788633826713,32.09762682923946,57648.49375963422,54429.21678724077,0.0,56875.8046875
2025-09-02,56413.40234375,56413.40234375,56413.40234375,56413.40234375,0,55599.570703125,56066.599609375,44.11764157805389,26.1188021764101,30.90186189867359,57682.26726818657,54450.93195056343,0.0,57153.25
2025-09-03,56875.8046875,56875.8046875,55766.032888719514,55766.032888719514,4767300,55692.051171875,56131.3361328125,53.030257456208,98.09487878355867,44.34046527565061,57768.70089794112,54493.97136768389,0.008163265039915142,56043.48046875
2025-09-04,56875.8046875,56875.8046875,55766.032888719514,55766.032888719514,4767300,55830.772265625,56140.583984375,48.33330634766319,153.36850143834454,66.1460725081894,57793.27212038353,54487.89584836647,0.0,56043.48046875
2025-09-05,57153.25,57800.61690938511,56875.80703883495,57060.769012944984,4228100,55987.98984375,56182.2001953125,60.3773404463883,217.05864666431444,96.32858733941441,57894.83909300883,54469.56129761617,0.0048662309927400525,55766.0390625
2025-09-08,56043.48046875,57245.73335009282,56043.48046875,56320.92344136757,6958800,56163.70390625,56140.583984375,49.23077322967374,175.95610670843598,112.25409121321873,57822.43101175987,54458.73695699013,-0.01960843010952953,55303.62890625
2025-09-09,56043.48046875,57245.73335009282,56043.48046875,56320.92344136757,6958800,56339.41796875,56098.9677734375,50.793646536818166,141.74806421640824,118.15288581385664,57745.0243812716,54452.9111656034,0.0,56598.3671875
2025-09-10,55766.0390625,56413.40601679104,55581.077075559704,56043.482042910444,3516800,56394.906640625,56029.6072265625,52.4590390961804,91.19945077715965,112.76219880651726,57603.95748492225,54455.256968202746,-0.004962761253930144,56598.3671875
2025-09-11,55303.62890625,56043.47678459449,55211.14792145694,55950.99579980142,3120100,56330.16953125,55969.4943359375,47.69228869752366,13.66910640707647,92.9435803266291,57559.01132119383,54379.977350681176,-0.008326536602205201,58355.50390625
2025-09-12,56598.3671875,56598.3671875,54933.70932904412,55303.63329758987,4998900,56348.666015625,55946.37421875,69.23077422939336,56.05415127203014,85.56569451570932,57481.58131163013,54411.16712586988,0.023141607965881304,59835.19921875
2025-09-15,56598.3671875,56598.3671875,56598.3671875,56598.3671875,0,56367.1625,55969.49453125,69.23077422939336,88.62301375855895,86.17715836427925,57530.435517086895,54408.5535454131,0.0,60205.125
2025-09-16,58355.50390625,58725.4278612817,58078.06093997623,58632.946872523775,3527500,56561.37265625,56080.4716796875,72.97295600356173,253.30043043594924,119.60181277861325,57971.868308730256,54189.075050644744,0.030573543496904058,58817.91015625
2025-09-17,59835.19921875,60482.56613456336,58447.98439914992,58725.42736306993,12673100,56857.312109375,56274.681640625,75.60973976504113,497.47295640329685,195.17604150354998,58801.148969895556,53748.214311354444,0.025040423475938954,56783.328125
2025-09-18,60205.125,61222.41589861751,59927.68202764977,59927.68202764977,9865800,57190.244140625,56510.508203125,75.30864004396963,712.6167589400575,298.6641849908515,59555.351782747384,53465.66462350261,0.006163378093066596,56783.328125
2025-09-19,58817.91015625,60390.087000049134,58725.42916543828,60205.12501842571,5050800,57356.71015625,56672.35,63.54167124982511,762.3947163100092,391.41029125468305,59850.36642582638,53494.333574173615,-0.02331107856239824,56968.2890625
2025-09-22,56783.328125,58078.06199104234,56783.328125,57430.69505802117,5285200,57430.694921875,56797.1994140625,51.694922837976044,630.4034414852067,439.2089213007878,59770.11289088059,53824.285937244415,-0.035203639303205414,57338.21484375
2025-09-23,56783.328125,58078.06199104234,56783.328125,57430.69505802117,5285200,57504.6796875,56922.048828125,49.557543625144476,519.807389226633,455.3286148859569,59650.67092786179,54193.42672838821,0.0,56875.8046875
2025-09-24,56968.2890625,57800.61796114042,56875.80807376218,56875.80807376218,3425100,57624.9046875,57009.9056640625,50.43479825845631,441.9890482636256,452.66070156149067,59617.02720975943,54402.78411836557,0.0032520170715709907,55766.0390625
2025-09-25,57338.21484375,57338.21484375,56413.40492691532,57245.73385206653,3214500,57828.36328125,57079.26640625,50.862081835418124,405.4930993095477,443.2271811111021,59641.19128055936,54517.341531940634,0.006472546356953167,55766.0390625
2025-09-26,56875.8046875,57708.13353658537,56875.8046875,57615.652553353655,2752800,57856.10703125,57102.3865234375,54.12841157051887,335.3909832565332,421.65994154018836,59647.299363120306,54557.47368375469,-0.00809730162178659,55488.59375
2025-09-29,55766.0390625,56598.368003731346,55673.55806902985,56505.88701026119,5130400,57772.87421875,57070.018359375,48.760338367846046,188.11724152545503,374.95140153724174,59667.747442251864,54472.28927649813,-0.019704960370719615,57430.69140625
2025-09-30,55766.0390625,56598.368003731346,55673.55806902985,56505.88701026119,5130400,57513.927734375,57037.6501953125,50.0,70.58804510908521,314.0787302516104,59685.47736000604,54389.82303061895,0.0,56598.3671875
2025-10-01,55488.59375,56228.441666666666,55488.59375,55858.51770833333,3030200,57079.2671875,56968.2896484375,50.862081835418124,-44.43004590212513,242.3769750208633,59705.14764294727,54231.431653927735,-0.004987583539307362,57708.13671875
2025-10-02,57430.69140625,57800.615344454505,55673.55269977858,56135.95762253422,4526400,56801.823828125,56996.033984375,53.65851648379951,20.887559597933432,198.07909193627736,59740.18479518115,54251.88317356884,0.034401372303919646,57708.13671875
2025-10-03,56598.3671875,57893.10107741013,56598.3671875,57800.620085273695,3398700,56579.86953125,56968.28984375,50.0,5.428052900286275,159.54888412907914,59716.96434547722,54219.61534202277,-0.014598717400936129,56783.328125
2025-10-06,57708.13671875,57985.57968374399,57153.250788762016,57985.57968374399,4051900,56672.350390625,57051.52265625,47.19999729674021,81.78266920099122,143.99564114346157,59783.04629892896,54319.99901357105,0.019418044712345643,58632.94921875
2025-10-07,57708.13671875,57985.57968374399,57153.250788762016,57985.57968374399,4051900,56764.83125,57134.75546875,39.4495363072292,140.67266579897114,143.3310460745635,59838.25186586253,54431.259071637476,0.0,58170.54296875
2025-10-08,56783.328125,57985.58100061075,56783.328125,57985.58100061075,3715300,56746.33515625,57185.619921875,33.913028467243905,111.43453980537015,136.95174482072483,59818.03379827159,54553.20604547841,-0.01615541751203979,59187.8359375
2025-10-09,58632.94921875,58725.43021120859,57060.77234695386,57615.658301705436,5919700,56875.80859375,57352.0859375,49.166670773181686,234.80538828839053,156.52247351425797,59903.21640323077,54800.95547176923,0.03205404820810243,59187.8359375
2025-10-10,58170.54296875,58725.4289112182,57893.0999975159,58632.94792080684,3297300,57005.282421875,57430.6947265625,57.281558573849814,291.9005073188164,183.59808027516965,59980.9252517936,54880.4642013314,-0.00791771987353953,58725.42578125
2025-10-13,59187.8359375,59280.31693115234,57153.254077148435,57523.17805175781,6305000,57347.462109375,57560.1681640625,61.403523722435715,414.4582247806102,229.77010917625776,60194.03537922168,54926.30094890333,0.017336954698062162,61581.81640625
2025-10-14,59187.8359375,59280.31693115234,57153.254077148435,57523.17805175781,6305000,57689.641796875,57601.784765625,60.71430457072561,505.7560578372213,284.96729890845046,60313.71059196873,54889.85893928127,0.0,59257.9765625
2025-10-15,58725.42578125,59557.75465059055,58540.46381028543,59557.75465059055,5359800,58013.325,57546.29609375,56.63714961742465,534.6346774503763,334.90077461683563,60107.00825515688,54985.58393234313,-0.007843265804158051,53254.71484375
2025-10-16,61581.81640625,62356.43044909591,61581.81640625,61775.469916961476,4645400,58428.4375,57615.1306640625,68.31941009972479,779.0278944982856,423.7261985931256,60526.748454659646,54703.51287346535,0.04749385780822603,53254.71484375
2025-10-17,59257.9765625,59257.9765625,58289.70897160948,58870.669526143785,5158400,58694.3984375,57637.133984375,62.41939320113188,776.248713544388,494.23070158337816,60593.33326795267,54680.934700797334,-0.0384662422711677,54707.1171875
2025-10-20,53254.71484375,57515.09203125,53254.71484375,57030.95825994318,8737700,58249.05625,57460.7033203125,43.7409884794677,286.33248066262604,452.6510573992278,60995.935017156255,53925.47162346875,-0.10681405414484452,54513.46484375
2025-10-21,53254.71484375,57515.09203125,53254.71484375,57030.95825994318,8737700,57803.7140625,57284.27265625,44.3543930305892,-100.76807194459252,341.9672315304637,61283.58302547414,53284.96228702587,0.0,54803.9453125
2025-10-22,54707.1171875,56159.518528761066,54319.81016316372,54319.81016316372,7068100,57596.09296875,57171.2140625,42.942106924344436,-287.0424709594299,216.165291032485,61332.692444941225,53009.73568005878,0.026907471744340845,55191.25
2025-10-23,54513.46484375,55481.73242534413,53932.504294793514,55288.07890902531,3846700,57184.14453125,57029.9765625,44.412203859419975,-445.1608626125453,83.90006030347892,61356.07403996346,52703.87908503654,-0.0035460815731807203,55191.25
2025-10-24,54803.9453125,55288.079105013254,54513.46503699205,54707.11855399735,2327300,56847.484765625,56926.38359375,41.858883206264515,-540.7975040061501,-41.03945255844688,61365.76793162237,52486.99925587762,0.005314453608342445,55578.55859375
2025-10-27,55191.25,56546.824561403504,55191.25,56546.824561403504,2998800,56447.826171875,56897.644140625,43.09453324762272,-578.6674616050586,-148.56505436776925,61375.92866193414,52419.35961931587,0.007042240109424453,55675.3828125
2025-10-28,55191.25,56546.824561403504,55191.25,56546.824561403504,2998800,56048.167578125,56868.9046875,45.398368769983925,-601.7431553181013,-239.20067455783567,61384.98437987731,52352.82499512269,0.0,55288.078125
2025-10-29,55578.55859375,55578.55859375,54997.59805095819,55384.90507948607,2079100,55733.480859375,56873.4029296875,40.35663685730974,-582.0685186366682,-307.7742433736022,61383.869472632075,52362.93638674293,0.006993063850938943,55481.73046875
2025-10-30,55675.3828125,56062.68982336957,55288.07580163044,55675.3828125,1973000,55142.8375,56785.6375,41.936096352615586,-552.296788474443,-356.67875239377037,61318.69946988695,52252.57553011304,0.0017405988852477062,55481.73046875
2025-10-31,55288.078125,56062.692179290716,55191.251368213656,55965.86542250438,1905200,54745.84765625,56720.123046875,36.861698683614165,-553.5734787920737,-396.05769767343105,61302.19020732859,52138.05588642141,-0.0069807891183636134,55481.73046875
2025-11-03,55481.73046875,56449.99801619764,55481.73046875,55869.03748772906,2642700,54968.54921875,56608.802734375,37.6749355727858,-532.8171548524188,-423.4095891092286,61197.9767999811,52019.6286687689,0.003496485973902778,56159.51953125
2025-11-04,55481.73046875,56062.69099721859,54513.46292130236,55772.21073298429,4175200,55191.25078125,56497.482421875,38.870431626520556,-510.4830873230312,-440.8242887519892,61082.386158780726,51912.578684969274,0.0,55772.2109375
2025-11-05,55481.73046875,56062.69099721859,54513.46292130236,55772.21073298429,4175200,55268.712109375,56432.4025390625,23.966926993729217,-487.1674151866391,-450.0929140389192,61037.1303670244,51827.674711100604,0.0,55191.25
2025-11-06,56159.51953125,56643.6533203125,55772.2125,56159.51953125,2241200,55433.317578125,56308.7310546875,34.61537715556952,-409.2797421146897,-441.93027965407333,60795.97329724585,51821.48881212915,0.012142418508451545,57030.9609375
2025-11-07,55772.2109375,56546.82497829861,55675.38418240017,55772.2109375,3251100,55530.144140625,56188.814453125,78.26089625698651,-374.4888918632787,-428.44200209591446,60593.997749086724,51783.631157163276,-0.006920470860317713,57902.3984375
2025-11-10,55191.25,56062.69078947368,55191.25,55869.037280701756,2675800,55530.144140625,55988.98515625,69.23078116647801,-389.3078857761211,-420.6151788319558,60178.6757466083,51799.294565891694,-0.010471307239859708,59838.93359375
2025-11-11,57030.9609375,57127.7876963073,55191.25252016129,55191.25252016129,5152700,55714.115234375,55881.14140625,71.42859201157259,-249.72408387563337,-386.4369598406914,59828.148830233964,51934.13398226603,0.03278986848532384,60807.203125
2025-11-12,57902.3984375,58096.05194397993,56643.65064538043,56934.13090510033,5161900,55946.49921875,55839.9900390625,77.77777066266398,-68.00131504903402,-322.7498308823599,59677.787620289935,52002.19245783506,0.015164512801157255,60129.4140625
2025-11-13,59838.93359375,60032.58710052589,57805.57177260316,57902.3985259911,9741800,56362.854296875,55752.8458984375,82.49999621787272,229.6304543598235,-212.27377383392323,59087.90294999713,52417.78884687788,0.03289770503533946,58773.83984375
2025-11-14,60807.203125,61291.33690784236,59645.28204617835,59742.108802746814,10146900,56914.766796875,55830.3072265625,83.7209356872186,537.4417410977112,-62.33067084759634,59557.107947258446,52103.50650586656,0.016051741858106212,58967.49609375
2025-11-17,60129.4140625,61291.33510718599,59838.9338013285,60904.02809229066,4198400,57379.53515625,56174.0421875,77.41934504340523,718.4110947687368,93.8176822756703,60159.76740455685,52188.31697044316,-0.011209113913364379,58773.83984375
2025-11-18,58773.83984375,60323.067912119026,58580.18633520387,60032.587649299836,5559900,57708.74609375,56449.9984375,66.01940834928763,743.8722051831501,223.82858685716624,60347.959168261106,52552.03770673889,-0.022802285201666793,57999.2265625
2025-11-19,58967.49609375,59935.763681496304,58580.18905865148,58773.84257620074,4458500,58057.32265625,56663.0173828125,66.34616242493456,770.7915543091585,333.22118034756477,60625.063180909114,52700.97158471588,0.003289523141332209,61000.85546875
2025-11-20,58773.83984375,59645.28063220758,58580.18633520387,59451.62712366145,2656100,58318.7546875,56876.0361328125,67.64703206803824,767.6499012960994,420.1069245372717,60809.48348625382,52942.58877937118,-0.0032895231413322093,59935.76171875
2025-11-21,57999.2265625,58773.8406067404,57805.5730514399,58386.5335846202,4191100,58541.45625,57035.8001953125,62.03702631497358,694.6478327525765,475.01510618033274,60873.27589113919,53198.32449948581,-0.013267179962246122,60807.203125
2025-11-24,61000.85546875,61388.162487599206,58192.87958209326,58192.87958209326,9900300,59122.416796875,57326.28046875,70.50358062694204,868.9824458423755,553.8085741127413,61445.076045500915,53207.48489199909,0.05045821282464818,60032.58984375
2025-11-25,59935.76171875,61194.50954159935,59935.76171875,61000.85603039176,4907900,59412.896875,57563.5060546875,65.33332436830145,910.7017159743555,625.1872024850642,61710.96649474355,53416.045614631454,-0.017614537493869473,61969.125
2025-11-26,60807.203125,61194.510151273884,60323.06934215764,60323.06934215764,3651000,59703.37734375,57824.93828125,65.789461810509,1002.5260800695105,700.6549780019534,62102.69966243638,53547.17690006361,0.014434903746498523,62840.56640625
2025-11-27,60032.58984375,61388.164453125,60032.58984375,61000.857421875,3962300,59722.74296875,58042.7986328125,64.10256343946986,1001.2509345734652,760.7741693162558,62303.39596221605,53782.20130340895,-0.012820675581077105,62937.390625
2025-11-28,61969.125,62453.2587890625,60226.243359374996,60226.243359374996,11898300,59838.93515625,58376.8509765625,70.58823389817798,1143.3230588620572,837.2839472254161,62773.52459752416,53980.177355600834,0.03174869831458027,62550.0859375
2025-12-01,62840.56640625,63808.83399340331,62259.60585395801,62259.60585395801,9107300,60110.050390625,58744.7927734375,68.74999527234448,1311.120498517077,932.0512574837485,63348.142109660745,54141.44343721425,0.01396454967456447,62550.0859375
2025-12-02,62937.390625,63518.35115384615,62453.25685096154,62743.73711538461,6764300,60526.40546875,59117.57578125,67.10526036408187,1435.3680541753856,1032.714616822076,63814.88468610154,54420.26687639846,0.0015396058285767496,61388.1640625
2025-12-03,62550.0859375,63131.0464880031,61969.12538699691,63034.219729585915,5383600,60884.664453125,59470.9935546875,60.29412768037694,1485.459434059514,1123.2635802695638,64079.27099027276,54862.71611910224,-0.00617282182926147,61484.98828125
2025-12-04,62550.0859375,63131.0464880031,61969.12538699691,63034.219729585915,5383600,61262.2890625,59790.521875,57.14286171685593,1507.7765045207707,1200.166165119805,64317.51767517126,55263.52607482874,0.0,60516.72265625
2025-12-05,61388.1640625,62453.25839166009,61388.1640625,61581.81757689274,3598900,61601.1828125,60071.31953125,54.96184075915671,1415.3898260557035,1243.2108973069849,64230.61409248683,55912.024970013175,-0.018750561953568636,61097.68359375
2025-12-08,61484.98828125,62453.25581323819,61194.50802165354,61291.33477485236,3322000,61649.59609375,60386.0064453125,61.86440620019132,1334.6011714770211,1261.488952140992,63891.68746034891,56880.32543027609,0.0015760031698382085,59548.453125
2025-12-09,60516.72265625,62065.95075625,60516.72265625,61484.99021875,5389200,61707.6921875,60560.29453125,56.34920380809428,1178.8555241976865,1244.9622665523311,63690.10961512523,57430.479447374775,-0.01587331764453376,58289.70703125
2025-12-10,61097.68359375,62453.258190124805,60323.06953867868,60419.8962955626,3470500,61736.740234375,60720.0587890625,59.23078259876514,1089.7427924352814,1213.918371728921,63594.39751133868,57845.72006678633,0.009554219351704715,60032.58984375
2025-12-11,59548.453125,61484.98818597561,59548.453125,61000.85442073171,4852300,61688.3265625,60705.534765625,55.79709848352411,883.9210672802728,1147.9189108391915,63601.474535149864,57809.59499610014,-0.025683634342900025,62162.77734375
2025-12-12,58289.70703125,60032.58863683555,58289.70703125,59742.10836923796,4396400,61320.384765625,60579.6599609375,38.33332885081136,612.1787615487992,1040.7708809811131,63669.36159239079,57489.9583294842,-0.021364793403637863,60904.03125
2025-12-15,60032.58984375,60613.550390625,58386.5349609375,58386.5349609375,4242600,61039.587109375,60574.81875,50.39370654028074,531.3322362714534,938.8831520391813,63667.79253319474,57481.844966805256,0.02946205283463733,60904.03125
2025-12-16,62162.77734375,62356.430855724306,59742.108444071266,60032.58871203271,6863300,60962.12578125,60744.265625,55.0000014408105,631.8653604983629,877.4795937310175,63792.80815916904,57695.72309083096,0.03486880679910842,61969.125
2025-12-17,60904.03125,62065.95235492846,60904.03125,62065.95235492846,2090400,60797.5203125,60841.0923828125,53.10345230533466,603.0170901149031,822.5870930077947,63772.79789271315,57909.386872911855,-0.020457018517136643,61194.51171875
2025-12-18,60904.03125,62065.95235492846,60904.03125,62065.95235492846,2090400,60632.91484375,60947.601953125,45.59999922542016,573.5431792433592,772.7783102549076,63713.153355423725,58182.05055082627,0.0,60613.55078125
2025-12-19,61969.125,61969.125,61000.857421875,61678.644726562496,2685700,60691.0109375,61146.096875,46.45668766075535,628.879722814163,743.9985927667587,63569.31315290506,58722.88059709495,0.017336910032608423,59548.453125
2025-12-22,61194.51171875,61872.29903209059,61097.68495970134,61872.29903209059,2650700,60661.96328125,61155.7796875,43.28358838046052,603.2753316908493,715.8539405515769,63578.099808853505,58733.45956614649,-0.012578769440192318,59548.453125
2025-12-23,60613.55078125,62065.95215779752,60323.07050594049,61484.99160717851,4394700,60671.64609375,61189.669140625,42.647055769909045,529.9955164894927,678.6822557391602,63558.49579225656,58820.84248899345,-0.009539029368910653,59548.453125
2025-12-24,59548.453125,60904.02766768293,59548.453125,60807.200914634144,4870200,60516.723046875,61126.731640625,39.45576905766094,381.5776657164679,619.2613377346217,63602.804540654644,58650.65874059536,-0.017728158936476775,60129.4140625
2025-12-25,59548.453125,60904.02766768293,59548.453125,60807.200914634144,4870200,60516.723046875,61102.5248046875,42.96295167365342,260.94741037330823,547.598552262359,63632.51536688471,58572.534242490285,0.0,59838.93359375
2025-12-26,59548.453125,60323.06714939025,59257.97286585366,59645.27987804878,2399200,60642.59765625,60981.4912109375,42.53731320816066,163.46276689507067,470.7713951889014,63567.9013804522,58395.0810414228,0.0,59257.9765625
2025-12-29,60129.4140625,60226.24081622383,59451.62678643317,59548.453540157,1943000,60652.280078125,60845.93359375,48.4615324936887,131.56754816545435,402.930625784212,63303.042119816004,58388.825067683996,0.009708821098712118,59257.9765625
2025-12-30,59838.93359375,60323.067360689725,59742.10684036206,60129.41385391384,1581000,60419.895703125,60691.0107421875,44.88188175977881,81.9068402785415,338.7258686830779,62977.69534082527,58404.32614354973,-0.004842627944741893,59257.9765625
2025-12-31,59257.9765625,60032.590635212415,59257.9765625,59935.76387612336,1879600,60255.290234375,60526.4052734375,48.71796463222297,-4.278683667376754,270.124958212987,62721.755758646104,58331.054788228896,-0.009756116065902789,58386.53515625
2026-01-01,59257.9765625,59257.9765625,59257.9765625,59257.9765625,0,60090.684765625,60361.7998046875,54.807703124424194,-71.75419463733851,201.7491276429219,62406.801752136496,58316.797857238504,0.0,58870.66796875
2026-01-02,59257.9765625,59257.9765625,59257.9765625,59257.9765625,0,59819.569921875,60255.2904296875,45.34883993663383,-123.8019118401644,136.63891974630465,62297.10457686171,58213.476282513286,0.0,58967.49609375
2026-01-05,58386.53515625,59548.45625388681,58096.0548818408,59354.80273761401,2814700,59538.772265625,60100.3677734375,23.28767426103815,-232.6858832316575,62.77395915071223,62218.10453370901,57982.63101316599,-0.014815095623856434,60226.2421875
2026-01-06,58870.66796875,58967.494725277546,58386.53418611225,58580.18769916735,2963300,59364.483984375,60018.0650390625,33.846140478166234,-276.72186570953636,-5.125205821337488,62194.792573305225,57841.33750481978,0.008257668623202678,59064.3203125
2026-01-07,58967.49609375,59548.45664639778,58580.18905865148,58870.66933497537,3228100,59306.38828125,59911.5556640625,34.848485774625075,-300.34528513567784,-64.16922168420557,62074.273839149275,57748.837488975725,0.0016434089509638251,60710.375
2026-01-08,60226.2421875,61388.16325864148,59161.14787228697,59161.14787228697,5636400,59374.1671875,59945.4451171875,36.76469541280049,-215.0181300833865,-94.33900336404176,62105.44639893849,57785.443835436505,0.021121795634784137,61291.3359375
2026-01-09,59064.3203125,60516.721631659835,59064.3203125,60419.894877049184,4184100,59325.75390625,59984.17578125,34.72220432327698,-238.4049458676891,-123.15219186477124,62044.65795920715,57923.69360329285,-0.019481149181705983,65551.7109375
2026-01-12,60710.375,60710.375,59161.14692982456,59161.14692982456,4146300,59383.85,60018.0650390625,50.60239382708549,-122.70187836686091,-123.06212916518918,62104.037692409984,57932.09238571502,0.027487581145018977,68747.0
2026-01-13,61291.3359375,62840.56401806872,60807.202162322275,60904.02891735782,6761300,59529.090234375,59974.49296875,61.53847347416724,15.691447348785005,-95.31141386239435,61902.24303333402,58046.74290416597,0.009523888219939618,67391.421875
2026-01-14,65551.7109375,65551.7109375,61388.16061207533,61581.81411558345,24838300,60158.463671875,60206.876953125,75.40984202861553,463.7994210878387,16.510753127652265,63346.21375906623,57067.54014718377,0.06720081687784767,68359.6875
2026-01-15,68747.0,70102.57464788732,67294.5985915493,67778.73239436619,19260600,61107.366015625,60599.025390625,80.64517556348297,1064.4905573952128,226.10671398116438,65544.73886928707,55653.31191196293,0.04759378810329243,71070.8359375
2026-01-16,67391.421875,70683.53156429598,66907.28809716235,68843.82320851293,13372500,61920.710546875,60870.140234375,73.00613208434437,1414.8492831927797,463.85522782348744,66655.32640711789,55084.954061632125,-0.019915361296715676,68069.2109375
2026-01-19,68359.6875,68746.99451133145,66132.6721848442,67585.07347733711,10385300,62918.02578125,61228.3990234375,75.8823474970105,1750.4637845077668,721.1769391603434,67915.32129067712,54541.47675619788,0.014265548915930615,68650.171875
2026-01-20,71070.8359375,73104.19772862739,68843.82064245573,69231.1276502895,21521900,64138.042578125,61751.26328125,81.77081166491219,2209.735263065013,1018.8886039412773,69743.67679055827,53758.84977194173,0.0388937820905634,65067.578125
2026-01-21,68069.2109375,70683.53340593884,67778.73066322901,70683.53340593884,11234100,65048.2140625,62177.301171875,70.40358590257046,2304.9353073698076,1276.0979446269835,70573.51114907175,53781.091194678236,-0.043152073475483374,66713.6328125
2026-01-22,68650.171875,70489.88028913963,67778.73104724965,68843.82539227785,8055200,65890.60703125,62632.387109375,71.1790383012248,2399.5996298892787,1500.7982816794424,71406.78495389623,53857.98926485377,0.00849864038726113,65551.7109375
2026-01-23,65067.578125,67875.55396670387,65067.578125,67197.76669456846,16050400,66490.9328125,62908.343359375,63.42411584027256,2160.6300149983945,1632.7646283432327,71621.30095391897,54195.38576483104,-0.053597242571088693,65551.7109375
2026-01-26,66713.6328125,67100.93982447387,65261.23151759797,65261.23151759797,8864800,67091.25859375,63237.554296875,65.05575461102399,2080.089750311825,1722.2296527369513,72005.79153996974,54469.317053780265,0.02498292874787499,68843.8203125
2026-01-27,65551.7109375,66423.15170328655,64002.482909435006,66229.49819977843,8357800,67517.29609375,63523.1931640625,62.142846748446054,1900.5947523344585,1757.9026726564528,72196.95678222486,54849.42954590014,-0.017570010901634816,68359.6875
2026-01-28,65551.7109375,67294.59246907312,65067.57717872969,65551.7109375,9816800,67517.29609375,63837.8798828125,60.29961754552224,1738.3055687073575,1753.983251866634,72314.53003761207,55361.229728012935,0.0,70296.2265625
2026-01-29,68843.8203125,68843.8203125,65745.36426468003,66326.32477364627,10036800,67526.978125,64317.1720703125,67.47404110093873,1853.964585025642,1773.9795184984357,72787.48052073045,55846.86361989456,0.04900115420898067,69327.9609375
2026-01-30,68359.6875,70199.39580382436,68262.86074716714,69231.12827549575,7844800,67623.8046875,64772.2576171875,64.25992327611569,1884.8325405738651,1796.1501229135217,73074.42613071525,56470.089103659746,-0.007057178486473352,69715.265625
2026-02-02,70296.2265625,70296.2265625,68069.21112043734,68650.17167054063,10777700,67817.45859375,65367.7421875,65.9793811574545,2042.0190116948506,1845.3239006697875,73446.86738401215,57288.61699098786,0.027934834316730706,66907.2890625
2026-02-03,69327.9609375,71264.49615921787,69037.48065424232,70586.70883161662,7261000,67643.17109375,65890.6068359375,57.58755926603362,2064.6593707019492,1889.19099467622,73541.50102587306,58239.71264600194,-0.013869819614285479,66907.2890625
2026-02-04,69715.265625,70296.226171875,68553.34453125,69521.612109375,7672500,67807.7765625,66427.9953125,52.19297811020768,2089.7647624231467,1929.3057482256054,73520.90784708981,59335.0827779102,0.005571011242748779,67391.421875
2026-02-05,66907.2890625,69908.91852840087,66907.2890625,69618.43825750724,8057000,67633.48828125,66762.04765625,48.97119532861684,1861.6211154819466,1915.7688216768738,73226.62075436131,60297.47455813868,-0.04111139699988491,66229.5
2026-02-06,66907.2890625,68456.5171739327,66035.8482498191,66132.67500678364,6695900,67817.459375,67154.19609375,46.78112212194846,1661.661037502592,1864.9472648420176,72508.90540790303,61799.48677959696,0.0,66907.2890625
2026-02-09,67391.421875,68166.03591954023,67100.9416082974,67197.76836386495,2573300,67885.23828125,67488.2484375,40.952386807100154,1524.681131963167,1796.8940382662477,71901.09947083323,63075.39740416678,0.007209822138760364,66810.4609375
2026-02-10,66229.5,68262.86184210527,65939.0197368421,67391.42105263157,5090400,67953.0171875,67735.156640625,45.026172038859066,1307.2964850936696,1698.9745276317321,71121.23984699528,64349.07343425474,-0.0173917549147342,67294.59375
2026-02-11,66907.2890625,67681.90311821635,66229.5017637482,66229.5017637482,2672900,68088.575,67802.935546875,45.31249803014353,1176.1515560922853,1594.4099333238428,71056.67695664881,64549.19413710119,0.010181932775973786,67294.59375
2026-02-12,66810.4609375,67585.07497735508,66810.4609375,67100.94120244565,1951100,67885.2390625,67706.10859375,55.769233753155646,1052.2750626457128,1485.982959188217,70956.81528613277,64455.40190136723,-0.0014482466527306706,67294.59375
2026-02-13,67294.59375,67585.07401079137,66423.15296762591,66810.45998201439,3341400,67778.7296875,67701.2671875,52.083334500655845,981.8493726218003,1385.1562418749336,70954.23488358482,64448.29949141516,0.007220233672049685,67294.59375
2026-02-16,67294.59375,67294.59375,67294.59375,67294.59375,0,67478.56640625,67648.0125,56.81818598581283,915.4833833139419,1291.2216701627353,70890.45112719844,64405.57387280156,0.0,67294.59375
2026-02-17,67294.59375,67294.59375,67294.59375,67294.59375,0,67275.2296875,67459.200390625,56.81818598581283,853.0543787757051,1203.5882118853294,70274.00611332452,64644.39466792549,0.0,67294.59375
2026-02-18,67294.59375,67294.59375,67294.59375,67294.59375,0,67033.1625,67420.46953125,41.83674393522121,794.4213481115439,1121.7548391305722,70221.215836229,64619.72322627098,0.0,68359.6875
2026-02-19,67294.59375,67294.59375,67294.59375,67294.59375,0,67071.89296875,67352.690625,44.086026169807035,739.4305537380715,1045.2899820520722,70093.09595857986,64612.28529142014,0.0,67972.3828125
2026-02-20,67294.59375,67294.59375,67294.59375,67294.59375,0,67110.6234375,67464.04140625,28.767094520137633,687.9200390154001,973.8159934447378,69985.74959058671,64942.33322191331,0.0,70005.7421875
2026-02-23,68359.6875,69037.47476983002,67585.07347733711,67778.72698300282,4211800,67207.45,67546.344140625,43.24320198704019,724.687997121393,923.9903941800688,70072.37292985045,65020.31535139956,0.01570338403537188,68359.6875
2026-02-24,67972.3828125,69037.47713007478,67972.3828125,68359.68983707266,3552500,67381.73828125,67667.377734375,37.83782899722289,714.3401488042,882.0603451048952,70016.79497802384,65317.96049072615,-0.005681799279553589,66035.84375
2026-02-25,70005.7421875,71070.83646697787,68166.03388658368,68166.03388658368,9804200,67691.58359375,67890.079296875,74.24241312873475,860.2975380280113,877.7077836895185,70239.49576099968,65540.66283275033,0.02947578236436815,64486.62109375
2026-02-26,68359.6875,69134.30152266289,67391.41997167138,68940.64801699716,14298200,67846.50625,67865.87265625,59.03613052366755,833.5384515164187,868.8739172548985,70183.67742027158,65548.06789222841,-0.0237939830848146,64486.62109375
2026-02-27,66035.84375,68359.68575879766,65842.19024926686,67972.37875733137,13371400,67720.63125,67749.68046875,43.1372362894231,617.6964925513312,818.6384323141851,70192.85269908613,65306.508238413866,-0.034585605120966714,62840.56640625
2026-03-02,64486.62109375,67585.07736251877,64389.794335350976,64777.10136894707,12468700,67439.833984375,67459.2001953125,41.509441143235996,317.9655550567113,718.5038568626903,70006.7795950652,64911.62079555979,-0.02373990434609319,61194.51171875
2026-03-03,64486.62109375,67585.07736251877,64389.794335350976,64777.10136894707,12468700,67159.03671875,67217.133203125,37.37373037622633,79.51008488221851,590.705102466596,69931.62821364209,64502.63819260791,0.0,60419.89453125
2026-03-04,62840.56640625,62840.56640625,60032.59040350539,61388.16502552003,13382500,66713.633984375,66873.3982421875,32.17390724755023,-239.52930511068553,424.65822095113975,69970.11609324241,63776.68039113259,-0.025856950569565277,56256.34375
2026-03-05,61194.51171875,63131.0468997231,61000.85820065269,62937.39338162579,8165700,66103.62578125,66587.759375,25.196845391195566,-618.0684682947613,216.11288310195957,70592.17021128551,62583.34853871448,-0.026543319114756714,60129.4140625
2026-03-06,60419.89453125,61000.85505558894,60226.241023137016,61000.85505558894,6471800,65416.155859375,66263.3896484375,23.703692193031713,-969.3940445125481,-20.988502420941956,71119.2888781153,61407.49041875969,-0.012739077335127833,61000.85546875
2026-03-09,56256.34375,57224.61128442341,56256.34375,57127.78453098107,18046300,64205.821484375,65706.6357421875,17.977516885000682,-1565.7370050733443,-329.93820295142245,72270.85870864514,59142.412775729856,-0.071399617860284,59645.28125
2026-03-10,60129.4140625,60129.4140625,57611.918465680355,58096.05223429952,10762100,63421.524609375,65401.6314453125,33.02751852154799,-1706.1512426343834,-605.1808108880148,72415.06700539874,58388.19588522627,0.06658032798873645,61097.68359375
2026-03-11,61000.85546875,61678.64275173611,59645.28090277778,59742.10765749008,7507500,62521.0359375,65106.309765625,35.68281766085312,-1727.2023850382247,-829.5851257180568,72346.5460024566,57866.07352879341,0.014388747660735298,59838.93359375
2026-03-12,59645.28125,60710.37555803572,59354.80098417208,60032.5882711039,6298800,61649.5953125,64748.05078125,33.60995690865914,-1832.1492019781217,-1030.0979409700699,72334.07060817015,57162.03095432986,-0.022472850030605212,59548.453125
2026-03-13,61097.68359375,61194.510350633915,59645.28224049129,60032.58926802694,5388500,61155.779296875,64438.2052734375,34.69388057546115,-1777.6321427916773,-1179.6047813343914,72092.19322064756,56784.217326227445,0.024058915614057846,59742.109375
2026-03-16,59838.93359375,60904.0278810174,59742.10684036206,60613.54762085356,2965000,60691.010546875,64065.422265625,33.464563489914255,-1815.0745363887254,-1306.6987323452583,71858.62816013316,56272.21637111683,-0.020817441188929732,59064.3203125
2026-03-17,59548.453125,61000.85442073171,59548.453125,60710.374161585365,3816100,60197.19375,63678.115234375,27.118648124083094,-1846.89736607144,-1414.7384590904949,71564.97443253596,55791.256036214036,-0.0048661931539703196,58096.0546875
2026-03-18,59742.109375,60710.37694995948,59645.28261750405,59838.93613249595,2596400,59887.348046875,63300.491015625,29.864266114063497,-1835.334157235142,-1498.8575987194242,71181.49185127234,55419.49017997766,0.003246802027989741,58870.66796875
2026-03-19,59064.3203125,60032.58785860656,58870.66680327869,59451.627330942625,6400100,59674.32890625,62888.97734375,32.35295397258518,-1859.427817323689,-1570.9716424402773,70751.32924639634,55026.62544110365,-0.01141009653653408,59257.9765625
2026-03-20,58096.0546875,59548.4560546875,58096.0546875,59064.322265625,5734800,59441.944921875,62429.050390625,33.33334012502554,-1934.3551186201366,-1643.6483376762492,70282.45378922638,54575.64699202362,-0.016529268883447145,60129.4140625
2026-03-23,58870.66796875,59064.3214818051,57321.439864309206,57321.439864309206,5908000,59703.37734375,61954.5994140625,35.92233294909893,-1909.2223992669824,-1696.763149994396,69437.18681942206,54472.012008702935,0.013245213479405108,59064.3203125
2026-03-24,59257.9765625,59838.937117034315,58967.49628523284,59838.937117034315,2689900,59616.23359375,61518.8791015625,40.41451340389744,-1836.8775900242908,-1724.786038000375,68525.78256635043,54511.97563677457,0.0065574270006537785,59548.453125
2026-03-25,60129.4140625,60226.24081622383,59451.62678643317,59548.453540157,3445600,59529.089453125,61025.0626953125,47.02701889366483,-1689.7477242070963,-1717.7783752417192,66796.79019328897,55253.33519733604,0.014598744010644678,58677.015625
2026-03-26,59064.3203125,60129.41461321722,59064.3203125,60129.41461321722,2044000,59470.993359375,60560.2943359375,46.27659745682423,-1640.183396581575,-1702.2593795096905,65238.65615190998,55881.93251996502,-0.017872115607256402,58580.1875
2026-03-27,59548.453125,59935.760137195124,58967.49260670732,59064.3193597561,2137400,59316.0703125,60235.9248046875,61.33333046452159,-1544.0391161446896,-1670.6153268366904,64153.535475000186,56318.314134374814,0.00816329450854424,59354.80078125
2026-03-30,58677.015625,59548.45645111386,58289.70859117161,58677.015625,4075600,59199.878515625,59945.44453125,43.697490956799435,-1520.6328951056057,-1640.6188404904735,63365.9908582888,56524.898204211204,-0.014742225881617025,58870.66796875
2026-03-31,58580.1875,59548.45506198347,58580.1875,59064.32128099174,5323200,59103.051953125,59650.1228515625,38.73874266790094,-1492.6897188487055,-1611.03301616212,62367.43560627736,56932.810096847636,-0.001651551366204593,58096.0546875
2026-04-01,59354.80078125,60226.24157575449,59064.32051641517,59354.80078125,5446200,59064.32109375,59475.8345703125,48.57142747366872,-1391.9936954269288,-1567.225152015082,61741.075481534026,57210.59365909098,0.013136464960557339,58967.49609375
2026-04-02,58870.66796875,59742.108777497946,58870.66796875,59548.45526444285,2855300,59044.955859375,59359.6423828125,37.894731924991476,-1335.8579049064283,-1520.9517025933512,61487.953589738616,57231.33117588638,-0.00819003762532203,59064.3203125
2026-04-03,58096.0546875,59742.109570312496,58096.0546875,59064.322265625,3788600,59044.955859375,59243.450390625,40.00000896504395,-1338.445933003968,-1484.4505486754747,61381.753873775924,57105.14690747408,-0.013245213479405235,60613.55078125
2026-04-06,58967.49609375,59064.32285252463,58096.055264778326,58096.055264778326,2587400,59054.638671875,59379.0080078125,46.875017072103745,-1255.7039518638194,-1438.7012293131436,61001.51100099508,57756.505014629925,0.014888622430369087,59838.93359375
2026-04-07,59064.3203125,59257.973821721316,58386.533030225415,58967.49355788935,1825200,59035.273046875,59325.7533203125,46.31577561635179,-1168.8437275162578,-1384.7297289537664,60914.108887529255,57737.39775309574,0.0016406464530782697,60807.203125
2026-04-08,60613.55078125,60710.377539686495,59742.10995532148,60226.24374750399,5568500,59083.68671875,59306.3880859375,57.69232708784199,-963.8853522152713,-1300.5608536060674,60816.25761911015,57796.51855276485,0.02589145344502101,60807.203125
2026-04-09,59838.93359375,60129.41385391384,59451.62658019822,59838.93359375,2921000,59161.148046875,59316.070703125,58.82352010549218,-854.1138041621889,-1211.2714437172917,60837.530155786735,57794.61125046326,-0.012861965782506538,60032.58984375
2026-04-10,60807.203125,61969.12420382166,60516.72285529459,60613.54961186306,6158400,59287.023046875,59301.5466796875,59.61538685332915,-681.1360896144761,-1105.2443728967287,60755.44141824572,57847.651941129276,0.016051741858106212,59354.80078125
2026-04-13,60807.203125,60807.203125,60226.24258558917,60419.896098726116,3418300,59500.041796875,59349.96015625,57.999995158877574,-537.8500045458786,-991.7654992265587,60937.53934071413,57762.380971785875,0.0,59161.1484375
2026-04-14,60032.58984375,61484.9912109375,60032.58984375,61388.164453125,4247700,59645.28203125,59374.1669921875,49.494962666724255,-481.25199446881743,-889.6627982750106,60989.019166062324,57759.314818312676,-0.012820675581077105,59354.80078125
2026-04-15,59354.80078125,60613.54859553426,59257.974026305055,60129.41482080954,4403200,59645.28203125,59354.8015625,51.57894826244136,-485.49311412958923,-808.8288614459263,60960.337635440694,57749.2654895593,-0.011354571718263583,59548.453125
2026-04-16,59161.1484375,59742.108978621116,59161.1484375,59548.45546491408,2272100,59674.330078125,59359.64296875,47.8261003023946,-498.73129383099877,-746.8093479229409,60962.07186718886,57757.214070311136,-0.0032679570533710304,59645.28125
2026-04-17,59354.80078125,60710.375350479204,59354.80078125,59354.80078125,3115500,59800.2046875,59422.5802734375,54.11763254105102,-487.9714893226337,-695.0417762028795,60910.85679662327,57934.30375025173,0.003267957053370943,59838.93359375
2026-04-20,59548.453125,60419.89390243903,59354.79961890244,59451.62637195122,3251900,59858.300390625,59456.46953125,55.813941488119085,-458.5324641884654,-647.7399137999968,60922.53195842349,57990.407104076505,0.0032573122872642593,60032.58984375
2026-04-21,59645.28125,60710.37555803572,59548.45449472403,59935.76151582792,5306600,59916.396484375,59475.834765625,51.898734823628544,-422.51807880769775,-602.695546801537,60941.08923263589,58010.580298614106,0.0016247187288421993,59451.62890625
2026-04-22,59838.93359375,60323.067360689725,59548.45333358616,59645.28008697411,3939900,59838.934765625,59461.3107421875,56.57893200245029,-374.0386089503081,-556.9641592312912,60904.88572838989,58017.735755985115,0.0032414744251281187,59451.62890625
2026-04-23,60032.58984375,60516.7236328125,59064.322265625,60032.58984375,4234100,59858.300390625,59509.72421875,64.28570193592783,-316.3452082478034,-508.84036903459366,60962.159388794134,58057.28904870587,0.003231066277029039,59257.9765625
2026-04-24,59451.62890625,60129.41620648412,58580.18809166327,60129.41620648412,5855700,59722.74296875,59504.8830078125,53.73133249918412,-313.88321458346763,-469.8489381443685,60957.42010043055,58052.345915194455,-0.009724556462462303,58967.49609375
2026-04-27,59451.62890625,59451.62890625,59451.62890625,59451.62890625,0,59587.185546875,59543.613671875,53.03031136555485,-308.3772854779818,-437.55460761109117,60943.56286906097,58143.66447468903,0.0,58967.49609375
2026-04-28,59257.9765625,59354.80332158905,58580.18924887663,59257.9765625,3220800,59509.72421875,59577.503125,36.538477950035656,-315.99730251239816,-413.24314659135257,60910.466029981486,58244.54022001852,-0.003262625880469652,58967.49609375
2026-04-29,58967.49609375,59354.80312884852,58386.53554110222,58386.53554110222,2407200,59470.99375,59558.137890625,40.42557209318295,-341.53852359334996,-398.90222199175207,60915.74918310539,58200.526598144614,-0.004914018049689962,58967.49609375
2026-04-30,58967.49609375,58967.49609375,58967.49609375,58967.49609375,0,59451.628515625,59562.979296875,24.3243420055542,-357.6572748836261,-390.65323257012693,60910.92424783805,58215.03434591195,0.0,59161.1484375
2026-05-01,58967.49609375,58967.49609375,58967.49609375,58967.49609375,0,59412.898046875,59606.5513671875,24.3243420055542,-366.21005979898473,-385.7645980158985,60802.62397419103,58410.47876018397,0.0,59548.453125
2026-05-04,58967.49609375,59645.28340517241,58773.84257620074,59161.14961129926,1873800,59354.80234375,59606.5513671875,31.03449714958225,-368.73762564664503,-382.35920354204785,60802.62397419103,58410.47876018397,0.0,59548.453125
2026-05-05,59161.1484375,59257.97519435352,58483.36113952537,59161.1484375,2751900,59306.3890625,59611.3927734375,45.83335434516216,-351.0677238817443,-376.1009076099872,60798.977802382884,58423.80774449212,0.003278671620987251,58967.49609375
2026-05-06,59548.453125,59742.10663109756,58773.83910060976,59257.97286585366,2590900,59277.341015625,59558.137890625,57.692271885153566,-302.32691154307395,-361.34610839660456,60648.00707934612,58468.268701903886,0.006525269340635116,58677.015625
2026-05-07,59548.453125,59838.933384146345,59161.146112804876,59645.27987804878,4751300,59228.92734375,59543.6138671875,54.16664565483785,-260.69434447953245,-341.2157556131902,60625.43972661927,58461.788007755735,0.0,58192.87890625
2026-05-08,58967.49609375,59838.936922721674,58967.49609375,59838.936922721674,2787000,59180.5140625,59451.628515625,39.28576059753362,-271.44951130176196,-327.26250675090455,60383.53961727094,58519.717413979066,-0.009803940961622494,57418.265625
2026-05-11,58677.015625,59161.14941728548,58580.1888665429,59161.14941728548,3875800,59103.052734375,59345.119140625,33.33333333333333,-299.95471345534315,-321.8009480917923,60093.55394262235,58596.68433862765,-0.00493828491999453,58192.87890625
2026-05-12,58192.87890625,58773.83942777663,57999.225399074465,58677.01267418885,4102800,58996.54296875,59253.13359375,24.242413128734754,-357.49015466164565,-328.938789405763,60092.50044465268,58413.766742847314,-0.008285101823154362,57902.3984375
2026-05-13,57418.265625,58192.87966378584,56837.305095910626,58192.87966378584,8534300,58841.619921875,59156.3068359375,15.384543770307133,-460.28633012628416,-355.2082975498672,60327.49113978808,57985.12253208693,-0.013400522519809818,58580.1875
2026-05-14,58192.87890625,58192.87890625,57418.26487754784,57418.26487754784,3058300,58764.158203125,59107.893359375,34.146288665068695,-473.7867035088202,-378.92397874165783,60355.77475048908,57860.011968260915,0.01340052251980985,57902.3984375
2026-05-15,57902.3984375,58386.53220369983,57902.3984375,58192.8786972199,2010300,58657.6484375,59035.2732421875,31.818127638895888,-502.13687157481036,-403.5665573082884,60387.3491465621,57683.1973378129,-0.005004184176597872,57224.61328125
2026-05-18,58580.1875,58773.8410123967,57611.91993801653,57611.91993801653,4850600,58618.917578125,58986.8599609375,42.85711933370328,-464.55754103876825,-415.7647540543844,60330.88310200905,57642.83681986595,0.011637734633547583,57127.78515625
2026-05-19,57902.3984375,58773.8392166597,57805.57168426004,58580.185710179765,2739700,58493.042578125,58899.7158203125,39.622605604588415,-483.8895857351599,-429.38972039053954,60289.22899858109,57510.20264204391,-0.011637734633547616,57611.91796875
2026-05-20,57224.61328125,57999.22733581853,56740.47949714467,57902.40057899746,5727600,58260.65859375,58768.9998046875,34.99997982865112,-547.5896949191083,-453.02971529625336,60273.5999509323,57264.39965844269,-0.01177469955992701,57224.61328125
2026-05-21,57127.78515625,57708.74568326271,56934.13164724576,57611.91892876059,3271300,58018.591796875,58623.7595703125,34.42620131927204,-598.9810303775448,-482.21997831251167,60174.86673496893,57072.65240565607,-0.0016935044557809813,57224.61328125
2026-05-22,57611.91796875,57805.571474527314,56837.30394564076,57224.61095719538,6005000,57883.033984375,58531.7740234375,39.39390605287094,-593.7986212024989,-504.5357068905092,60094.32341093616,56969.224635938845,0.008438851982462041,56934.1328125
2026-05-25,57224.61328125,57902.40057899746,57224.61328125,57611.92030853426,1587500,57737.79375,58420.4232421875,35.294107177500166,-613.8674936869793,-526.4020642498033,60023.83861441811,56817.007869956884,-0.006745347526680975,57127.78515625
2026-05-26,57224.61328125,57515.093551713195,57127.78652442893,57224.61328125,1880800,57640.9671875,58318.755078125,31.250011819146266,-622.5953283265335,-545.6407170651494,59956.06395180409,56681.446204445914,0.0,57321.44140625
2026-05-27,56934.1328125,57321.43983843537,56837.306056016154,57224.61308195153,2976500,57592.55390625,58217.0869140625,29.850756154366763,-645.5105030774575,-565.614674267611,59935.30461080326,56498.86921732174,-0.005089072990211644,57224.61328125
2026-05-28,57127.78515625,57902.399192266945,57127.78515625,57127.78515625,3798600,57486.04453125,58125.1013671875,34.9206145917514,-640.659692305926,-580.6236778752741,59870.92524565942,56379.277488715576,0.0033955685344305726,56740.48046875
2026-05-29,57321.44140625,57418.26816538218,57030.961128853465,57127.78788798564,1960700,57427.948828125,58042.7986328125,38.70968581532826,-614.1098725583579,-587.3209168118909,59776.56820867067,56309.02905695432,0.003384145802225502,56450.0
2026-06-01,57224.61328125,57418.26679489213,56934.1330107868,57321.440038071065,2259500,57292.39140625,57955.6544921875,41.37932953277632,-594.0345095360972,-588.6636353567322,59668.80949642941,56242.4994879456,-0.0016906413464445964,56740.48046875
2026-06-02,56740.48046875,57321.44101962457,56740.48046875,57224.61426114548,2961900,57176.199609375,57834.62109375,43.6363849746318,-610.15660606241,-592.9622294978678,59531.133051606346,56138.109135893654,-0.00849621070541422,56546.82421875
2026-06-03,56450.0,56934.133790737564,56256.34648370497,56740.48027444253,3814300,57098.73828125,57679.6984375,32.00003550153585,-639.0067577589507,-602.1711351500844,59280.4325232762,56078.96435172381,-0.005132606651014684,56159.51953125
2026-06-04,56740.48046875,56934.13398570819,56353.17343483362,56740.48046875,2126500,57060.0078125,57539.2998046875,38.000037115242016,-631.1557935438905,-607.9680668288456,58928.4920313425,56150.1075780325,0.005132606651014603,56450.0
2026-06-05,56546.82421875,57030.957987746144,56449.99746495077,56934.131233946915,1866100,56953.4984375,57418.2662109375,26.66666666666667,-633.2604564119247,-613.0265447454615,58701.28009564002,56135.252326234986,-0.0034188550811504906,57030.9609375
2026-06-08,56159.51953125,56934.13359375,55965.866015625,56353.173046874996,3179800,56846.9890625,57292.39140625,28.571456015430115,-658.5888658508411,-622.1390089665374,58549.13705917817,56035.64575332183,-0.00687283783981191,57321.44140625
2026-06-09,56450.0,56643.653516295024,56159.51972555746,56256.34648370497,1228000,56769.527734375,57205.2474609375,39.47369817959064,-647.7555439343269,-627.2623159600953,58440.60890144625,55969.88602042875,0.005159086269947757,57127.78515625
2026-06-10,57030.9609375,57030.9609375,56353.173625848896,56546.827143463495,2353200,56779.210546875,57185.8822265625,48.83723984842415,-585.5416067469123,-618.9181741174588,58419.32488661594,55952.439566509056,0.010239004115198774,57805.57421875
2026-06-11,57321.44140625,57708.74844277871,56643.654092324745,56934.13436972128,1804500,56798.576171875,57142.3103515625,46.34151141303599,-506.95342361720395,-596.5252240174078,58284.13922543697,56000.48147768802,0.005080454587674833,57224.61328125
2026-06-12,57127.78515625,57902.399192266945,57127.78515625,57418.26541975635,3489300,56779.210546875,57103.5796875,48.717932803707384,-455.0526000983009,-568.2306992335864,58187.95662603286,56019.202748967145,-0.0033841458022256404,57127.78515625
2026-06-15,57805.57421875,57902.400976235345,57418.267188808626,57418.267188808626,2021700,56837.306640625,57064.8490234375,56.52173150423509,-355.13513394988695,-525.6115861768466,57967.222827543344,56162.47521933165,0.011794607302758279,57321.44140625
2026-06-16,57224.61328125,57902.40057899746,57224.61328125,57902.40057899746,2029500,56885.719921875,57030.959765625,53.06122112931285,-319.1495570934421,-484.3191803601657,57847.742768731085,56214.17676251891,-0.010101102846977336,57127.78515625
2026-06-17,57127.78515625,57805.57243776483,57127.78515625,57224.611910752115,2838900,56953.4984375,57026.118359375,50.0,-295.04287799401936,-446.4639198869365,57839.20778154861,56213.028937201394,-0.0016935044557809813,56740.48046875
2026-06-18,57321.44140625,57805.57520191089,57224.61464711782,57611.921683646535,2482800,57011.59453125,57035.801171875,50.0,-257.34520487629925,-408.6401768848091,57858.54342446191,56213.05891928809,0.003384145802225502,56546.82421875
2026-06-19,57127.78515625,57515.09217425847,57030.95840174788,57321.43866525424,3349900,57069.690625,57011.59453125,48.97958007505364,-240.3256438310782,-374.97727027406296,57790.274808607835,56232.91425389216,-0.0033841458022256404,56450.0
2026-06-22,56740.48046875,57708.748053540956,56740.48046875,57611.92129506186,2997800,57127.78671875,56987.387890625,50.0,-255.14857655824744,-351.0115315308999,57768.28288945249,56206.49289179752,-0.006802706249633217,56450.0
2026-06-23,56546.82421875,57127.78474154537,56546.82421875,56837.304480147686,2295600,57137.469140625,56953.4984375,51.06379874045405,-279.3026711273051,-336.66975945018095,57749.724576830406,56157.27229816959,-0.0034188550811504906,56300.0
2026-06-24,56450.0,56837.30703259005,56256.34648370497,56740.48027444253,1532100,57079.373046875,56929.291796875,46.66667264334389,-302.7677521728401,-329.8893579947128,57756.818578588594,56101.7650151614,-0.0017137515698642215,56100.0
2026-06-25,56450.0,56740.48027444253,56353.173241852484,56643.653516295024,1803300,56992.22890625,56895.4025390625,48.837242030226925,-317.701730175213,-327.45183243081283,57743.94979365793,56046.85528446708,0.0,54800.0
2026-06-26,56300.0,56800.0,55900.0,56800.0,3173400,56909.450390625,56844.33046875,51.78898858943351,-337.74741971922776,-329.5109498884958,57707.736459175074,55980.92447832492,-0.00266075545002629,54800.0
2026-06-29,56100.0,56500.0,56000.0,56500.0,1470900,56738.89296875,56788.0998046875,45.43768674423957,-365.55817455036595,-336.72039482086984,57692.726173974224,55883.47343540078,-0.0035587226169941063,55500.0
2026-06-30,54800.0,56200.0,54700.0,56100.0,9320000,56496.431640625,56691.07578125,25.50984878631118,-486.885026061369,-366.7533210689697,57960.071001912474,55422.08056058753,-0.0234456185746808,54900.0
2026-07-01,54800.0,56200.0,54700.0,56100.0,9320000,56263.653125,56608.57578125,20.43568151152043,-576.3931288000604,-408.6812826151878,58132.49608659335,55084.65547590665,0.0,55300.0
2026-07-02,55500.0,56000.0,55300.0,55300.0,3669400,56081.508984375,56546.5517578125,32.93967950360806,-584.1115212158329,-443.76733033531684,58146.925663955495,54946.177851669505,0.012692826798418879,55100.0
2026-07-03,54900.0,55700.0,54700.0,55500.0,4133600,55858.73046875,56464.210546875,19.04278333481774,-631.3654010718892,-481.2869444826313,58225.86139668354,54702.55969706646,-0.010869672236903879,55700.0
2026-07-06,55300.0,55400.0,54600.0,55000.0,3211000,55714.682421875,56421.2345703125,28.671931071561218,-629.2837923998886,-510.8863140660828,58254.656797229036,54587.81234339597,0.007259560012804102,55700.0
2026-07-07,55100.0,55300.0,54900.0,55200.0,1611400,55570.0,56353.7345703125,28.030961560435557,-636.435993099607,-535.9962498727876,58279.76317506611,54427.7059655589,-0.0036231923694202838,56600.0
2026-07-08,55700.0,55700.0,55000.0,55000.0,3705000,55495.0,56287.1865234375,33.85482100585847,-586.9234894529509,-546.1816977888203,58206.65437020694,54367.71867666806,0.010830430774369591,55400.0
2026-07-09,55700.0,55900.0,55400.0,55600.0,2469400,55420.0,56206.114453125,35.21283456036144,-541.4430550921388,-545.2339692494841,58078.031349008816,54334.19755724119,0.0,56000.0
2026-07-10,56600.0,56700.0,55800.0,55900.0,5573700,55450.0,56179.7251953125,48.684758145151676,-427.8450731274934,-521.756190025086,58011.381747219464,54348.06864340554,0.01602883827589899,56200.0
2026-07-13,55400.0,56600.0,55300.0,56600.0,1951400,55380.0,56059.446484375,40.96536961460179,-429.6945736038833,-503.34386674084544,57752.238271041635,54366.65469770837,-0.021429391455899165,56200.0
2026-07-14,56000.0,56000.0,55200.0,55500.0,1755100,55500.0,55998.2158203125,46.715328467153284,-378.38356031782314,-478.35180545624104,57599.68031404856,54396.75132657644,0.01077209698191104,59000.0
2026-07-15,56200.0,56400.0,55500.0,56000.0,2491200,55640.0,55951.8265625,48.226950354609926,-317.91614466273313,-446.2646732975395,57466.94484504505,54436.708279954946,0.0035650661644961446,58500.0
2026-07-16,56200.0,56300.0,55300.0,56100.0,1991100,55710.0,55895.7544921875,49.275362318840585,-266.9184128000488,-410.3954211980414,57274.30330135437,54517.205683020635,0.0,58400.0
2026-07-17,59000.0,59400.0,56200.0,56300.0,12982500,56120.0,55989.365234375,65.26315789473685,-0.5592962375449133,-328.4281962059421,57879.509538862694,54099.220929887306,0.048620687006074116,59100.0
2026-07-20,58500.0,58800.0,57700.0,58800.0,4583900,56440.0,56077.3412109375,71.26436781609195,168.24695515743224,-229.0931659332672,58256.39863478423,53898.28378709077,-0.00851068966790862,57800.0
2026-07-21,58400.0,58800.0,58100.0,58100.0,3543700,56770.0,56170.0,70.45454545454545,290.6080130291957,-125.15293014077463,58578.624853356305,53761.375146643695,-0.00171086440362943,58900.0
2026-07-22,59100.0,60100.0,58400.0,58700.0,10506300,57110.0,56302.5,70.45454545454545,439.00362232440966,-12.321619647737776,59044.46913491699,53560.53086508301,0.011915034577871244,57900.0
2026-07-23,57800.0,59100.0,56900.0,59100.0,4827500,57320.0,56370.0,65.26315789473685,446.5613945947407,79.45498320075794,59192.54084861507,53547.45915138493,-0.022242148733720758,59600.0
2026-07-24,58900.0,59500.0,58300.0,58500.0,4176800,57550.0,56500.0,67.64705882352942,535.1429951530299,170.59258559121236,59540.08310135652,53459.91689864348,0.018852314979209195,60000.0
2026-07-27,57900.0,59800.0,57900.0,59200.0,3671400,57800.0,56590.0,62.72727272727273,518.6739586086405,240.208860194698,59686.27960113694,53493.72039886306,-0.017123706078591514,61200.0
2026-07-28,59600.0,59600.0,57700.0,57700.0,5256600,58160.0,56830.0,66.11570247933884,635.4725885683438,319.26160586942717,60082.270461983564,53577.729538016436,0.028938189492354546,60900.0
2026-07-29,60000.0,61000.0,59400.0,59900.0,6199800,58540.0,57090.0,67.2,751.6484657325782,405.73897784205735,60487.15050872695,53692.84949127305,0.00668898815079671,60300.0
2026-07-30,61200.0,61400.0,59800.0,60300.0,6944300,59040.0,57375.0,67.96875,929.8301533600243,510.5572129456508,61146.290439484095,53603.709560515905,0.01980262729617973,59500.0
2026-07-31,60900.0,61300.0,60100.0,61200.0,4479800,59230.0,57675.0,73.10924369747899,1034.9032117193055,615.4264127003818,61569.86841882973,53780.13158117027,-0.00491401480242904,58600.0
2026-08-03,60300.0,61000.0,60000.0,60900.0,6377600,59410.0,57925.0,68.0672268907563,1057.5683917817805,703.8548085166616,61819.86841882977,54030.13158117023,-0.00990107098271157,59000.0
2026-08-04,59500.0,60400.0,59000.0,60400.0,5531900,59520.0,58145.0,63.2,999.4562862263701,762.9751040586033,61860.954223274486,54429.045776725514,-0.013355791181555735,62000.0
2026-08-05,58600.0,60100.0,58600.0,59400.0,5288700,59470.0,58290.0,58.95522388059702,870.7421717744,784.5285176017627,61826.2186167234,54753.7813832766,-0.01524161596861709,62100.0
2026-08-06,59000.0,59600.0,58600.0,58700.0,3231300,59590.0,58455.0,50.0,791.8836243060505,785.9995389426203,61784.279991703326,55125.720008296674,0.00680274732275262,62000.0
2026-08-07,62000.0,63100.0,59000.0,59000.0,13239500,59900.0,58725.0,62.96296296296296,960.3917865538533,820.877988464867,62288.48439769703,55161.51560230297,0.049596941139372186,61800.0
2026-08-10,62100.0,62700.0,61600.0,61600.0,3480200,60320.0,59060.0,63.70370370370371,1089.4464232260216,874.591675417098,62566.625308274415,55553.374691725585,0.0016116038943416128,61600.0
2026-08-11,62000.0,63300.0,61800.0,62500.0,4475100,60560.0,59360.0,61.24031007751938,1170.1650539722978,933.706351128138,62790.14500230552,55929.85499769448,-0.0016116038943415328,61600.0
2026-08-12,61800.0,62500.0,61400.0,61900.0,2755600,60740.0,59640.0,66.94915254237289,1204.1165161926328,987.788384141037,62893.75895979111,56386.24104020889,-0.0032310205814464203,62200.0
2026-08-13,61600.0,63000.0,61500.0,61800.0,4257000,60780.0,59910.0,62.38532110091743,1201.0401231607757,1030.4387319449847,62842.144894818586,56977.855105181414,-0.0032414939241709557,62100.0
2026-08-14,61600.0,62600.0,61000.0,61600.0,3663300,60850.0,60040.0,68.68686868686869,1184.9427767892557,1061.3395409138388,63032.20038732287,57047.79961267713,0.0,63100.0
